INPUT,OUTPUT,n_efectivo,Pearson,Spearman,Kendall_tau_b,empates_X_pct,empates_Y_pct,diferencia_Pearson_Spearman,Pearson_LOO_min,Pearson_LOO_max,Pearson_LOO_cambio_max,Pearson_LOO_signo_pct,Pearson_LOO_caso_influyente,Pearson_LOO_evaluaciones_validas,Spearman_LOO_min,Spearman_LOO_max,Spearman_LOO_cambio_max,Spearman_LOO_signo_pct,Spearman_LOO_caso_influyente,Spearman_LOO_evaluaciones_validas,estabilidad,dependencia_construccion,interpretacion,limitacion
n_cells_Y,First_Failure_Load_N,26,0.9360429756558748,0.9306636625556622,0.8172582891051708,88.46153846153845,0.0,0.005379313100212557,0.9313764913216032,0.9485220128904801,0.012479037234605306,100.0,17.0,26,0.9282830396540712,0.9429903335828894,0.012326671027227176,100.0,17.0,26,"rango LOO rho [0.928, 0.943]; cambio máximo 0.012",Sin identidad directa predeclarada; evaluar dependencia por arquitectura y protocolo,"Asociación positiva en rangos; diferencia r−rho=0.005; valorar junto con soporte, empates y sensibilidad",Geometría previa; dependencia del diseño experimental; Posensayo; excluido de INPUT; LOO no es IC ni validación predictiva; no implica causalidad
n_cells_Y,Ultimate_Load,26,0.46577846155433195,0.46188761437316467,0.3734981321249876,88.46153846153845,0.0,0.0038908471811672785,0.41247810953957786,0.5336524254814827,0.06787396392715078,100.0,26.0,26,0.4085752815378835,0.554700196225229,0.09281258185206437,100.0,26.0,26,"rango LOO rho [0.409, 0.555]; cambio máximo 0.093",Sin identidad directa predeclarada; evaluar dependencia por arquitectura y protocolo,"Asociación positiva en rangos; diferencia r−rho=0.004; valorar junto con soporte, empates y sensibilidad","Geometría previa; dependencia del diseño experimental; Posensayo; excluido de INPUT; fuerza del evento terminal/rotura final, no máximo global (docs/trazabilidad_datos.md); LOO no es IC ni validación predictiva; no implica causalidad"
n_cells_Y,Maximum_Displacement,26,0.1301329185523984,0.15734633017107807,0.1294300457858868,88.46153846153845,0.0,-0.027213411618679684,0.02626332560638283,0.245414642781647,0.11528172422924862,100.0,4.0,26,0.08253220687065246,0.252499523990412,0.0951531938193339,100.0,4.0,26,"rango LOO rho [0.083, 0.252]; cambio máximo 0.095",Sin identidad directa predeclarada; evaluar dependencia por arquitectura y protocolo,"Asociación positiva en rangos; diferencia r−rho=-0.027; valorar junto con soporte, empates y sensibilidad",Geometría previa; dependencia del diseño experimental; Posensayo; excluido de INPUT; LOO no es IC ni validación predictiva; no implica causalidad
n_cells_Y,residual_Displacement_1cycle_10mm,26,-0.5606248700174156,-0.5387480337194055,-0.42527015043934235,88.46153846153845,0.0,-0.02187683629801007,-0.6121430007675037,-0.5184488393634304,0.051518130750088154,100.0,6.0,26,-0.6032364633949366,-0.4992301766027062,0.06448842967553114,100.0,26.0,26,"rango LOO rho [-0.603, -0.499]; cambio máximo 0.064",Sin identidad directa predeclarada; evaluar dependencia por arquitectura y protocolo,"Asociación negativa en rangos; diferencia r−rho=-0.022; valorar junto con soporte, empates y sensibilidad",Geometría previa; dependencia del diseño experimental; Posensayo; excluido de INPUT; LOO no es IC ni validación predictiva; no implica causalidad
n_cells_Y,residual_Displacement_2cycle_20mm,26,-0.6153945933211985,-0.5960307990812266,-0.49183417398636986,88.46153846153845,0.0,-0.01936379423997192,-0.6745012945520453,-0.5830056395076537,0.059106701230846825,100.0,7.0,26,-0.6921265269251746,-0.5616339486780444,0.09609572784394804,100.0,7.0,26,"rango LOO rho [-0.692, -0.562]; cambio máximo 0.096",Sin identidad directa predeclarada; evaluar dependencia por arquitectura y protocolo,"Asociación negativa en rangos; diferencia r−rho=-0.019; valorar junto con soporte, empates y sensibilidad",Geometría previa; dependencia del diseño experimental; Posensayo; excluido de INPUT; LOO no es IC ni validación predictiva; no implica causalidad
n_cells_Y,residual_Displacement_3cycle_30mm,26,-0.3832340960970381,-0.25958518986749285,-0.20339007194925068,88.46153846153845,0.0,-0.12364890622954527,-0.444268594085696,-0.31117138153380486,0.07206271456323327,100.0,25.0,26,-0.33748318255029175,-0.1941450686788302,0.0778979926827989,100.0,4.0,26,"rango LOO rho [-0.337, -0.194]; cambio máximo 0.078",Sin identidad directa predeclarada; evaluar dependencia por arquitectura y protocolo,"Asociación negativa en rangos; diferencia r−rho=-0.124; valorar junto con soporte, empates y sensibilidad",Geometría previa; dependencia del diseño experimental; Posensayo; excluido de INPUT; LOO no es IC ni validación predictiva; no implica causalidad
n_cells_Y,residual_Displacement_4cycle_40mm,26,-0.08394348563482648,-0.18997575347844448,-0.16641005886756874,88.46153846153845,0.0,0.106032267843618,-0.20458423792975464,0.018157698118355024,0.12064075229492816,92.3076923076923,7.0,26,-0.27537973975653346,-0.11787379169786118,0.08540398627808898,100.0,4.0,26,"rango LOO rho [-0.275, -0.118]; cambio máximo 0.085",Sin identidad directa predeclarada; evaluar dependencia por arquitectura y protocolo,"Asociación negativa en rangos; diferencia r−rho=0.106; valorar junto con soporte, empates y sensibilidad",Geometría previa; dependencia del diseño experimental; Posensayo; excluido de INPUT; LOO no es IC ni validación predictiva; no implica causalidad
n_cells_Y,residual_Displacement_5cycle_50mm,26,0.1995906605028906,0.15781682517642148,0.130031582934249,88.46153846153845,7.692307692307687,0.04177383532646911,0.0959628203692402,0.33001973951854485,0.13042907901565426,100.0,27.0,26,0.07605352759795203,0.26005399759299724,0.10223717241657576,100.0,3.0,26,"rango LOO rho [0.076, 0.260]; cambio máximo 0.102",Sin identidad directa predeclarada; evaluar dependencia por arquitectura y protocolo,"Asociación positiva en rangos; diferencia r−rho=0.042; valorar junto con soporte, empates y sensibilidad",Geometría previa; dependencia del diseño experimental; Posensayo; excluido de INPUT; LOO no es IC ni validación predictiva; no implica causalidad
n_cells_Y,residual_Displacement_6cycle_60mm,20,0.15510500665153257,0.08964998645395249,0.058245412365712276,85.0,9.999999999999998,0.06545502019758008,-0.13551112091814277,0.26830892766630815,0.29061612756967536,95.0,4.0,20,-0.0430532326728811,0.17382316051886987,0.13270321912683358,95.0,4.0,20,"rango LOO rho [-0.043, 0.174]; cambio máximo 0.133",Sin identidad directa predeclarada; evaluar dependencia por arquitectura y protocolo,"Asociación positiva en rangos; diferencia r−rho=0.065; valorar junto con soporte, empates y sensibilidad",Geometría previa; dependencia del diseño experimental; Posensayo; excluido de INPUT; LOO no es IC ni validación predictiva; no implica causalidad
n_cells_Y,Dissipated_cycle_1,26,0.46886484878851836,0.4111307336728169,0.2995381059616238,88.46153846153845,0.0,0.05773411511570148,0.4175681957819834,0.5487548747705776,0.07989002598205924,100.0,7.0,26,0.35362137509358355,0.4682272726424145,0.05750935857923334,100.0,19.0,26,"rango LOO rho [0.354, 0.468]; cambio máximo 0.058",Sin identidad directa predeclarada; evaluar dependencia por arquitectura y protocolo,"Asociación positiva en rangos; diferencia r−rho=0.058; valorar junto con soporte, empates y sensibilidad",Geometría previa; dependencia del diseño experimental; Posensayo; unidad corroborada con tesis PDF pp.117/121 (docs/trazabilidad_datos.md); ausencia de energía no demuestra ausencia de evento/ciclo; LOO no es IC ni validación predictiva; no implica causalidad
n_cells_Y,Dissipated_cycle_2,26,0.6481730545820203,0.6427996391551185,0.5214181844517154,88.46153846153845,0.0,0.00537341542690184,0.6156883934428122,0.735615596939284,0.08744254235726368,100.0,26.0,26,0.6104114706175979,0.7488452649040592,0.10604562574894072,100.0,26.0,26,"rango LOO rho [0.610, 0.749]; cambio máximo 0.106",Sin identidad directa predeclarada; evaluar dependencia por arquitectura y protocolo,"Asociación positiva en rangos; diferencia r−rho=0.005; valorar junto con soporte, empates y sensibilidad",Geometría previa; dependencia del diseño experimental; Posensayo; unidad corroborada con tesis PDF pp.117/121 (docs/trazabilidad_datos.md); ausencia de energía no demuestra ausencia de evento/ciclo; LOO no es IC ni validación predictiva; no implica causalidad
n_cells_Y,Dissipated_cycle_3,26,0.7334702508595256,0.753014580104445,0.6249622210804249,88.46153846153845,0.0,-0.019544329244919445,0.7121990185977163,0.781927706886113,0.048457456026587464,100.0,26.0,26,0.7338012056420388,0.7973815320737668,0.04436695196932183,100.0,26.0,26,"rango LOO rho [0.734, 0.797]; cambio máximo 0.044",Sin identidad directa predeclarada; evaluar dependencia por arquitectura y protocolo,"Asociación positiva en rangos; diferencia r−rho=-0.020; valorar junto con soporte, empates y sensibilidad",Geometría previa; dependencia del diseño experimental; Posensayo; unidad corroborada con tesis PDF pp.117/121 (docs/trazabilidad_datos.md); ausencia de energía no demuestra ausencia de evento/ciclo; LOO no es IC ni validación predictiva; no implica causalidad
n_cells_Y,Dissipated_cycle_4,26,0.7180215755862043,0.7352496718593233,0.610170215847752,88.46153846153845,0.0,-0.017228096273119053,0.6961526250572949,0.7701280585013859,0.05210648291518161,100.0,26.0,26,0.7141765026399824,0.7973815320737668,0.0621318602144435,100.0,26.0,26,"rango LOO rho [0.714, 0.797]; cambio máximo 0.062",Sin identidad directa predeclarada; evaluar dependencia por arquitectura y protocolo,"Asociación positiva en rangos; diferencia r−rho=-0.017; valorar junto con soporte, empates y sensibilidad",Geometría previa; dependencia del diseño experimental; Posensayo; unidad corroborada con tesis PDF pp.117/121 (docs/trazabilidad_datos.md); ausencia de energía no demuestra ausencia de evento/ciclo; LOO no es IC ni validación predictiva; no implica causalidad
n_cells_Y,Dissipated_cycle_5,26,-0.11223127572898225,0.3803140561047486,0.3217261138106329,88.46153846153845,0.0,-0.49254533183373084,-0.16367295372471855,0.5326391292967874,0.6448704050257696,96.15384615384616,5.0,26,0.3276773757933825,0.5115362524854301,0.1312221963806815,100.0,5.0,26,"rango LOO rho [0.328, 0.512]; cambio máximo 0.131",Sin identidad directa predeclarada; evaluar dependencia por arquitectura y protocolo,"Asociación positiva en rangos; diferencia r−rho=-0.493; valorar junto con soporte, empates y sensibilidad",Geometría previa; dependencia del diseño experimental; Posensayo; unidad corroborada con tesis PDF pp.117/121 (docs/trazabilidad_datos.md); ausencia de energía no demuestra ausencia de evento/ciclo; LOO no es IC ni validación predictiva; no implica causalidad
n_cells_Y,Dissipated_cycle_6,20,0.37846212950989555,0.4207542632706956,0.35406584012905135,85.0,0.0,-0.042292133760800044,0.23924076458983923,0.5422723543477043,0.16381022483780872,100.0,4.0,20,0.3383882074590786,0.594569110281206,0.17381484701051036,100.0,4.0,20,"rango LOO rho [0.338, 0.595]; cambio máximo 0.174",Sin identidad directa predeclarada; evaluar dependencia por arquitectura y protocolo,"Asociación positiva en rangos; diferencia r−rho=-0.042; valorar junto con soporte, empates y sensibilidad",Geometría previa; dependencia del diseño experimental; Posensayo; unidad corroborada con tesis PDF pp.117/121 (docs/trazabilidad_datos.md); ausencia de energía no demuestra ausencia de evento/ciclo; LOO no es IC ni validación predictiva; no implica causalidad
n_cells_Y,Dissipated_cycle_7,7,,,,85.71428571428572,0.0,,,,,,,0,,,,,,0,No identificable: soporte insuficiente o variable constante,Sin identidad directa predeclarada; evaluar dependencia por arquitectura y protocolo,Asociación no identificable con la variación y disponibilidad observadas,Geometría previa; dependencia del diseño experimental; Posensayo; unidad corroborada con tesis PDF pp.117/121 (docs/trazabilidad_datos.md); ausencia de energía no demuestra ausencia de evento/ciclo; LOO no es IC ni validación predictiva; no implica causalidad
n_cells_Y,Fracture_event_1,26,0.9277500689797581,0.9183369915284348,0.8024662838724982,88.46153846153845,0.0,0.009413077451323248,0.9232522213953636,0.9369046387093143,0.009154569729556195,100.0,4.0,26,0.915208630644859,0.9348202441586774,0.01648325263024253,100.0,4.0,26,"rango LOO rho [0.915, 0.935]; cambio máximo 0.016",Sin identidad directa predeclarada; evaluar dependencia por arquitectura y protocolo,"Asociación positiva en rangos; diferencia r−rho=0.009; valorar junto con soporte, empates y sensibilidad",Geometría previa; dependencia del diseño experimental; Posensayo; unidad corroborada con tesis PDF pp.117/121 (docs/trazabilidad_datos.md); ausencia de energía no demuestra ausencia de evento/ciclo; LOO no es IC ni validación predictiva; no implica causalidad
n_cells_Y,Fracture_event_2,24,0.5763847940805107,0.5244442517856703,0.4311853233401682,87.5,0.0,0.05194054229484035,0.5308405344045389,0.6352385102367855,0.05885371615627477,100.0,19.0,24,0.4788732540558391,0.5855591882058984,0.06111493642022803,100.0,19.0,24,"rango LOO rho [0.479, 0.586]; cambio máximo 0.061",Sin identidad directa predeclarada; evaluar dependencia por arquitectura y protocolo,"Asociación positiva en rangos; diferencia r−rho=0.052; valorar junto con soporte, empates y sensibilidad",Geometría previa; dependencia del diseño experimental; Posensayo; unidad corroborada con tesis PDF pp.117/121 (docs/trazabilidad_datos.md); ausencia de energía no demuestra ausencia de evento/ciclo; LOO no es IC ni validación predictiva; no implica causalidad
n_cells_Y,Fracture_event_3,22,0.2745729885529454,0.2682430834575627,0.21529207352785967,86.36363636363636,0.0,0.006329905095382671,0.21772399458111413,0.3737049023983052,0.09913191384535985,100.0,26.0,22,0.18628367592436443,0.41707497965883905,0.14883189620127635,100.0,24.0,22,"rango LOO rho [0.186, 0.417]; cambio máximo 0.149",Sin identidad directa predeclarada; evaluar dependencia por arquitectura y protocolo,"Asociación positiva en rangos; diferencia r−rho=0.006; valorar junto con soporte, empates y sensibilidad",Geometría previa; dependencia del diseño experimental; Posensayo; unidad corroborada con tesis PDF pp.117/121 (docs/trazabilidad_datos.md); ausencia de energía no demuestra ausencia de evento/ciclo; LOO no es IC ni validación predictiva; no implica causalidad
n_cells_Y,Fracture_event_4,19,0.28092081705892297,0.432066298789558,0.35566123765262947,84.21052631578947,0.0,-0.15114548173063502,0.19916902600437292,0.5729483866076113,0.2920275695486883,100.0,19.0,19,0.38603057889646153,0.6814748799542292,0.24940858116467118,100.0,19.0,19,"rango LOO rho [0.386, 0.681]; cambio máximo 0.249",Sin identidad directa predeclarada; evaluar dependencia por arquitectura y protocolo,"Asociación positiva en rangos; diferencia r−rho=-0.151; valorar junto con soporte, empates y sensibilidad",Geometría previa; dependencia del diseño experimental; Posensayo; unidad corroborada con tesis PDF pp.117/121 (docs/trazabilidad_datos.md); ausencia de energía no demuestra ausencia de evento/ciclo; LOO no es IC ni validación predictiva; no implica causalidad
n_cells_Y,Fracture_event_5,17,0.32059370342290566,0.28579830697348013,0.24270214453760908,82.35294117647058,0.0,0.03479539644942553,0.14247433546486224,0.5036849488111644,0.18309124538825877,100.0,19.0,17,0.17876273599283826,0.5250148822852727,0.23921657531179258,100.0,19.0,17,"rango LOO rho [0.179, 0.525]; cambio máximo 0.239",Sin identidad directa predeclarada; evaluar dependencia por arquitectura y protocolo,"Asociación positiva en rangos; diferencia r−rho=0.035; valorar junto con soporte, empates y sensibilidad",Geometría previa; dependencia del diseño experimental; Posensayo; unidad corroborada con tesis PDF pp.117/121 (docs/trazabilidad_datos.md); ausencia de energía no demuestra ausencia de evento/ciclo; LOO no es IC ni validación predictiva; no implica causalidad
n_cells_Y,Fracture_event_6,7,-0.5756371078932686,-0.6573757351339165,-0.5832118435198043,57.14285714285714,0.0,0.08173862724064784,-0.7603603703978145,-0.48232788229625617,0.18472326250454585,100.0,1.0,7,-0.9258200997725513,-0.41403933560541256,0.26844436463863486,100.0,1.0,7,"rango LOO rho [-0.926, -0.414]; cambio máximo 0.268",Sin identidad directa predeclarada; evaluar dependencia por arquitectura y protocolo,"Asociación negativa en rangos; diferencia r−rho=0.082; valorar junto con soporte, empates y sensibilidad",Geometría previa; dependencia del diseño experimental; Posensayo; unidad corroborada con tesis PDF pp.117/121 (docs/trazabilidad_datos.md); ausencia de energía no demuestra ausencia de evento/ciclo; LOO no es IC ni validación predictiva; no implica causalidad
n_cells_Y,Fracture_event_7,6,-0.11818587365905424,0.0,0.0,66.66666666666667,0.0,-0.11818587365905424,-0.3418901865610564,0.18905435882798108,0.3072402324870353,66.66666666666666,7.0,6,-0.28867513459481287,0.28867513459481287,0.28867513459481287,,1.0,6,"rango LOO rho [-0.289, 0.289]; cambio máximo 0.289",Sin identidad directa predeclarada; evaluar dependencia por arquitectura y protocolo,"Asociación nula en rangos; diferencia r−rho=-0.118; valorar junto con soporte, empates y sensibilidad",Geometría previa; dependencia del diseño experimental; Posensayo; unidad corroborada con tesis PDF pp.117/121 (docs/trazabilidad_datos.md); ausencia de energía no demuestra ausencia de evento/ciclo; LOO no es IC ni validación predictiva; no implica causalidad
n_cells_Y,Fracture_event_8,4,-0.25959547487910206,-0.2581988897471611,-0.2357022603955159,50.0,0.0,-0.001396585131940964,-0.5757900197575692,0.2421133745276532,0.5017088494067552,66.66666666666666,4.0,3,-0.8660254037844387,0.0,0.6078265140372776,33.33333333333333,7.0,3,"rango LOO rho [-0.866, 0.000]; cambio máximo 0.608",Sin identidad directa predeclarada; evaluar dependencia por arquitectura y protocolo,"Asociación negativa en rangos; diferencia r−rho=-0.001; valorar junto con soporte, empates y sensibilidad",Geometría previa; dependencia del diseño experimental; Posensayo; unidad corroborada con tesis PDF pp.117/121 (docs/trazabilidad_datos.md); ausencia de energía no demuestra ausencia de evento/ciclo; LOO no es IC ni validación predictiva; no implica causalidad
n_cells_Y,Fracture_event_9,2,,,,50.0,0.0,,,,,,,0,,,,,,0,No identificable: soporte insuficiente o variable constante,Sin identidad directa predeclarada; evaluar dependencia por arquitectura y protocolo,Asociación no identificable con la variación y disponibilidad observadas,Geometría previa; dependencia del diseño experimental; Posensayo; unidad corroborada con tesis PDF pp.117/121 (docs/trazabilidad_datos.md); ausencia de energía no demuestra ausencia de evento/ciclo; LOO no es IC ni validación predictiva; no implica causalidad
n_cells_Y,Fracture_event_10,1,,,,0.0,0.0,,,,,,,0,,,,,,0,No identificable: soporte insuficiente o variable constante,Sin identidad directa predeclarada; evaluar dependencia por arquitectura y protocolo,Asociación no identificable con la variación y disponibilidad observadas,Geometría previa; dependencia del diseño experimental; Posensayo; unidad corroborada con tesis PDF pp.117/121 (docs/trazabilidad_datos.md); ausencia de energía no demuestra ausencia de evento/ciclo; LOO no es IC ni validación predictiva; no implica causalidad
n_cells_Y,Fracture_event_11,1,,,,0.0,0.0,,,,,,,0,,,,,,0,No identificable: soporte insuficiente o variable constante,Sin identidad directa predeclarada; evaluar dependencia por arquitectura y protocolo,Asociación no identificable con la variación y disponibilidad observadas,Geometría previa; dependencia del diseño experimental; Posensayo; unidad corroborada con tesis PDF pp.117/121 (docs/trazabilidad_datos.md); ausencia de energía no demuestra ausencia de evento/ciclo; LOO no es IC ni validación predictiva; no implica causalidad
n_cells_Y,Fracture_event_12,1,,,,0.0,0.0,,,,,,,0,,,,,,0,No identificable: soporte insuficiente o variable constante,Sin identidad directa predeclarada; evaluar dependencia por arquitectura y protocolo,Asociación no identificable con la variación y disponibilidad observadas,Geometría previa; dependencia del diseño experimental; Posensayo; unidad corroborada con tesis PDF pp.117/121 (docs/trazabilidad_datos.md); ausencia de energía no demuestra ausencia de evento/ciclo; LOO no es IC ni validación predictiva; no implica causalidad
n_cells_Y,Fracture_event_13,1,,,,0.0,0.0,,,,,,,0,,,,,,0,No identificable: soporte insuficiente o variable constante,Sin identidad directa predeclarada; evaluar dependencia por arquitectura y protocolo,Asociación no identificable con la variación y disponibilidad observadas,Geometría previa; dependencia del diseño experimental; Posensayo; unidad corroborada con tesis PDF pp.117/121 (docs/trazabilidad_datos.md); ausencia de energía no demuestra ausencia de evento/ciclo; LOO no es IC ni validación predictiva; no implica causalidad
n_cells_Y,Load_ratio_first_over_ultimate,26,0.5646863689625012,0.5547001962252291,0.43266615305567874,88.46153846153845,0.0,0.009986172737272092,0.5289559216330991,0.6139785296254472,0.04929216066294595,100.0,22.0,26,0.5130976815083369,0.6087771694914463,0.05407697326621719,100.0,8.0,26,"rango LOO rho [0.513, 0.609]; cambio máximo 0.054",Sin identidad directa predeclarada; evaluar dependencia por arquitectura y protocolo,"Asociación positiva en rangos; diferencia r−rho=0.010; valorar junto con soporte, empates y sensibilidad",Geometría previa; dependencia del diseño experimental; Cociente primera/rotura final; no factor de seguridad ni reserva de carga; LOO no es IC ni validación predictiva; no implica causalidad
n_cells_Y,Load_per_specimen_volume,26,0.9294574574061977,0.9121736560148213,0.7950702812561617,88.46153846153845,0.0,0.01728380139137642,0.9242702479915905,0.9428585717176113,0.013401114311413664,100.0,17.0,26,0.9083215713188126,0.9299385642599429,0.01776490824512167,100.0,17.0,26,"rango LOO rho [0.908, 0.930]; cambio máximo 0.018",Sin identidad directa predeclarada; evaluar dependencia por arquitectura y protocolo,"Asociación positiva en rangos; diferencia r−rho=0.017; valorar junto con soporte, empates y sensibilidad",Geometría previa; dependencia del diseño experimental; Índice descriptivo de carga por volumen; no esfuerzo ni resistencia material; LOO no es IC ni validación predictiva; no implica causalidad
n_cells_Y,Load_per_pivot,26,0.6822751539860049,0.6964569130383432,0.5362101896843882,88.46153846153845,0.0,-0.014181759052338316,0.654002529998514,0.7517352839466392,0.06946012996063433,100.0,3.0,26,0.665640235470275,0.7387041090204933,0.0422471959821501,100.0,3.0,26,"rango LOO rho [0.666, 0.739]; cambio máximo 0.042",Sin identidad directa predeclarada; evaluar dependencia por arquitectura y protocolo,"Asociación positiva en rangos; diferencia r−rho=-0.014; valorar junto con soporte, empates y sensibilidad",Geometría previa; dependencia del diseño experimental; No presupone reparto uniforme de cargas entre pivotes; LOO no es IC ni validación predictiva; no implica causalidad
n_cells_Y,Load_per_cell_Y,26,0.8842303082071005,0.8197236233106164,0.6841302420111159,88.46153846153845,0.0,0.06450668489648403,0.8756832689421112,0.9058500783186376,0.02161977011153715,100.0,17.0,26,0.8043152845265822,0.8563737901034038,0.03665016679278732,100.0,3.0,26,"rango LOO rho [0.804, 0.856]; cambio máximo 0.037",Dependencia algebraica directa: una variable participa en la definición de la otra,"Asociación positiva en rangos; diferencia r−rho=0.065; valorar junto con soporte, empates y sensibilidad",Geometría previa; dependencia del diseño experimental; Normalización por conteo en Y; no fuerza medida en cada celda; LOO no es IC ni validación predictiva; no implica causalidad
n_cells_Y,Fracture_observed_sum,26,0.8006369538566398,0.841476572182194,0.7137142524764615,88.46153846153845,0.0,-0.04083961832555416,0.7865582429929658,0.8302533640656575,0.02961641020901773,100.0,4.0,26,0.8302249720849793,0.8630482464798417,0.021571674297647725,100.0,10.0,26,"rango LOO rho [0.830, 0.863]; cambio máximo 0.022",Sin identidad directa predeclarada; evaluar dependencia por arquitectura y protocolo,"Asociación positiva en rangos; diferencia r−rho=-0.041; valorar junto con soporte, empates y sensibilidad",Geometría previa; dependencia del diseño experimental; Suma observada de longitud variable; no energía total del ensayo; LOO no es IC ni validación predictiva; no implica causalidad
n_cells_Y,Fracture_registered_events,26,-0.5949628159859649,-0.5781419102035025,-0.5012402917417549,88.46153846153845,61.53846153846154,-0.016820905782462425,-0.6664484142082059,-0.5608942045100904,0.07148559822224099,100.0,5.0,26,-0.6611222201684478,-0.5418350186858062,0.08298030996494532,100.0,5.0,26,"rango LOO rho [-0.661, -0.542]; cambio máximo 0.083",Sin identidad directa predeclarada; evaluar dependencia por arquitectura y protocolo,"Asociación negativa en rangos; diferencia r−rho=-0.017; valorar junto con soporte, empates y sensibilidad","Geometría previa; dependencia del diseño experimental; Disponibilidad de registro, no conteo verificado de todas las fracturas; LOO no es IC ni validación predictiva; no implica causalidad"
n_cells_Y,Fracture_initial_share,26,0.7533313543496952,0.7458911108007701,0.5962962962962962,88.46153846153845,3.8461538461538436,0.007440243548925141,0.7366639954267455,0.7740907528134613,0.020759398463766066,100.0,10.0,26,0.7211102550927978,0.7865203701713147,0.040629259370544624,100.0,10.0,26,"rango LOO rho [0.721, 0.787]; cambio máximo 0.041",Sin identidad directa predeclarada; evaluar dependencia por arquitectura y protocolo,"Asociación positiva en rangos; diferencia r−rho=0.007; valorar junto con soporte, empates y sensibilidad",Geometría previa; dependencia del diseño experimental; Comparte numerador y denominador con otras respuestas; sensible a cobertura de eventos; LOO no es IC ni validación predictiva; no implica causalidad
n_cells_Y,Residual_fraction_cycle1,26,-0.5606248700174156,-0.5387480337194055,-0.42527015043934235,88.46153846153845,0.0,-0.02187683629801007,-0.6121430007675037,-0.5184488393634304,0.051518130750088154,100.0,6.0,26,-0.6032364633949366,-0.4992301766027062,0.06448842967553114,100.0,26.0,26,"rango LOO rho [-0.603, -0.499]; cambio máximo 0.064",Sin identidad directa predeclarada; evaluar dependencia por arquitectura y protocolo,"Asociación negativa en rangos; diferencia r−rho=-0.022; valorar junto con soporte, empates y sensibilidad",Geometría previa; dependencia del diseño experimental; Amplitud nominal del nombre de columna; no deformación unitaria; LOO no es IC ni validación predictiva; no implica causalidad
n_cells_Y,Residual_fraction_cycle2,26,-0.6153945933211986,-0.5960307990812266,-0.49183417398636986,88.46153846153845,0.0,-0.019363794239972032,-0.6745012945520453,-0.5830056395076538,0.059106701230846714,100.0,7.0,26,-0.6921265269251746,-0.5616339486780444,0.09609572784394804,100.0,7.0,26,"rango LOO rho [-0.692, -0.562]; cambio máximo 0.096",Sin identidad directa predeclarada; evaluar dependencia por arquitectura y protocolo,"Asociación negativa en rangos; diferencia r−rho=-0.019; valorar junto con soporte, empates y sensibilidad",Geometría previa; dependencia del diseño experimental; Amplitud nominal del nombre de columna; no deformación unitaria; LOO no es IC ni validación predictiva; no implica causalidad
n_cells_Y,Residual_fraction_cycle3,26,-0.383234096097038,-0.25958518986749285,-0.20339007194925068,88.46153846153845,0.0,-0.12364890622954516,-0.4442685940856958,-0.3111713815338046,0.07206271456323343,100.0,25.0,26,-0.33748318255029175,-0.1941450686788302,0.0778979926827989,100.0,4.0,26,"rango LOO rho [-0.337, -0.194]; cambio máximo 0.078",Sin identidad directa predeclarada; evaluar dependencia por arquitectura y protocolo,"Asociación negativa en rangos; diferencia r−rho=-0.124; valorar junto con soporte, empates y sensibilidad",Geometría previa; dependencia del diseño experimental; Amplitud nominal del nombre de columna; no deformación unitaria; LOO no es IC ni validación predictiva; no implica causalidad
n_cells_Y,Residual_fraction_cycle4,26,-0.08394348563482658,-0.18997575347844448,-0.16641005886756874,88.46153846153845,0.0,0.1060322678436179,-0.2045842379297549,0.01815769811835485,0.12064075229492831,92.3076923076923,7.0,26,-0.27537973975653346,-0.11787379169786118,0.08540398627808898,100.0,4.0,26,"rango LOO rho [-0.275, -0.118]; cambio máximo 0.085",Sin identidad directa predeclarada; evaluar dependencia por arquitectura y protocolo,"Asociación negativa en rangos; diferencia r−rho=0.106; valorar junto con soporte, empates y sensibilidad",Geometría previa; dependencia del diseño experimental; Amplitud nominal del nombre de columna; no deformación unitaria; LOO no es IC ni validación predictiva; no implica causalidad
n_cells_Y,Residual_fraction_cycle5,26,0.19959066050289057,0.15781682517642148,0.130031582934249,88.46153846153845,7.692307692307687,0.04177383532646908,0.09596282036924006,0.3300197395185448,0.13042907901565423,100.0,27.0,26,0.07605352759795203,0.26005399759299724,0.10223717241657576,100.0,3.0,26,"rango LOO rho [0.076, 0.260]; cambio máximo 0.102",Sin identidad directa predeclarada; evaluar dependencia por arquitectura y protocolo,"Asociación positiva en rangos; diferencia r−rho=0.042; valorar junto con soporte, empates y sensibilidad",Geometría previa; dependencia del diseño experimental; Amplitud nominal del nombre de columna; no deformación unitaria; LOO no es IC ni validación predictiva; no implica causalidad
n_cells_Y,Residual_fraction_cycle6,20,0.1551050066515324,0.08964998645395249,0.058245412365712276,85.0,9.999999999999998,0.06545502019757991,-0.13551112091814307,0.268308927666308,0.2906161275696755,95.0,4.0,20,-0.0430532326728811,0.17382316051886987,0.13270321912683358,95.0,4.0,20,"rango LOO rho [-0.043, 0.174]; cambio máximo 0.133",Sin identidad directa predeclarada; evaluar dependencia por arquitectura y protocolo,"Asociación positiva en rangos; diferencia r−rho=0.065; valorar junto con soporte, empates y sensibilidad",Geometría previa; dependencia del diseño experimental; Amplitud nominal del nombre de columna; no deformación unitaria; LOO no es IC ni validación predictiva; no implica causalidad
n_cells_Y,Recovery_complement_cycle6,20,-0.1551050066515324,-0.08964998645395249,-0.058245412365712276,85.0,9.999999999999998,-0.06545502019757991,-0.2683089276663081,0.13551112091814307,0.2906161275696755,95.0,4.0,20,-0.17382316051886987,0.0430532326728811,0.13270321912683358,95.0,4.0,20,"rango LOO rho [-0.174, 0.043]; cambio máximo 0.133",Sin identidad directa predeclarada; evaluar dependencia por arquitectura y protocolo,"Asociación negativa en rangos; diferencia r−rho=-0.065; valorar junto con soporte, empates y sensibilidad",Geometría previa; dependencia del diseño experimental; Proxy complemento nominal; requiere protocolo para interpretar recuperación elástica; LOO no es IC ni validación predictiva; no implica causalidad
Fiber_height,First_Failure_Load_N,26,0.004303961408123785,0.0,0.0036980013081681943,88.46153846153845,0.0,0.004303961408123785,-0.06475069043246753,0.08377561309811025,0.07947165168998647,65.38461538461539,22.0,26,-0.08728370734720517,0.08606010397317893,0.08728370734720517,,1.0,26,"rango LOO rho [-0.087, 0.086]; cambio máximo 0.087",Sin identidad directa predeclarada; evaluar dependencia por arquitectura y protocolo,"Asociación nula en rangos; diferencia r−rho=0.004; valorar junto con soporte, empates y sensibilidad",Geometría previa; dependencia del diseño experimental; Posensayo; excluido de INPUT; LOO no es IC ni validación predictiva; no implica causalidad
Fiber_height,Ultimate_Load,26,-0.028251266962084798,0.07396002616336389,0.04807401700618653,88.46153846153845,0.0,-0.10221129312544869,-0.15728835139938208,0.12382290381669298,0.15207417077877777,84.61538461538461,22.0,26,0.0,0.1668179266589108,0.0928579004955469,92.3076923076923,22.0,26,"rango LOO rho [0.000, 0.167]; cambio máximo 0.093",Sin identidad directa predeclarada; evaluar dependencia por arquitectura y protocolo,"Asociación positiva en rangos; diferencia r−rho=-0.102; valorar junto con soporte, empates y sensibilidad","Geometría previa; dependencia del diseño experimental; Posensayo; excluido de INPUT; fuerza del evento terminal/rotura final, no máximo global (docs/trazabilidad_datos.md); LOO no es IC ni validación predictiva; no implica causalidad"
Fiber_height,Maximum_Displacement,26,-0.09513887196918817,-0.11094003924504582,-0.09245003270420486,88.46153846153845,0.0,0.015801167275857647,-0.221832212471435,-0.010585366240520908,0.12669334050224684,100.0,24.0,26,-0.2080125735844609,-0.047720531587023385,0.09707253433941508,100.0,24.0,26,"rango LOO rho [-0.208, -0.048]; cambio máximo 0.097",Sin identidad directa predeclarada; evaluar dependencia por arquitectura y protocolo,"Asociación negativa en rangos; diferencia r−rho=0.016; valorar junto con soporte, empates y sensibilidad",Geometría previa; dependencia del diseño experimental; Posensayo; excluido de INPUT; LOO no es IC ni validación predictiva; no implica causalidad
Fiber_height,residual_Displacement_1cycle_10mm,26,0.15938146189528404,0.11094003924504582,0.09245003270420486,88.46153846153845,0.0,0.04844142265023822,0.03654561389972949,0.26500568411812103,0.12283584799555455,100.0,9.0,26,0.03385302668139266,0.1937372008874881,0.08279716164244229,100.0,21.0,26,"rango LOO rho [0.034, 0.194]; cambio máximo 0.083",Sin identidad directa predeclarada; evaluar dependencia por arquitectura y protocolo,"Asociación positiva en rangos; diferencia r−rho=0.048; valorar junto con soporte, empates y sensibilidad",Geometría previa; dependencia del diseño experimental; Posensayo; excluido de INPUT; LOO no es IC ni validación predictiva; no implica causalidad
Fiber_height,residual_Displacement_2cycle_20mm,26,0.07103890683126633,0.012326671027227313,0.0036980013081681943,88.46153846153845,0.0,0.05871223580403902,-0.06330014371329955,0.17862967788701675,0.13433905054456588,88.46153846153845,9.0,26,-0.076271276980969,0.08973091409525764,0.08859794800819631,69.23076923076923,25.0,26,"rango LOO rho [-0.076, 0.090]; cambio máximo 0.089",Sin identidad directa predeclarada; evaluar dependencia por arquitectura y protocolo,"Asociación positiva en rangos; diferencia r−rho=0.059; valorar junto con soporte, empates y sensibilidad",Geometría previa; dependencia del diseño experimental; Posensayo; excluido de INPUT; LOO no es IC ni validación predictiva; no implica causalidad
Fiber_height,residual_Displacement_3cycle_30mm,26,0.022382886349632283,-0.012326671027227313,-0.0036980013081681943,88.46153846153845,0.0,0.034709557376859594,-0.13421791760419244,0.15873439523359636,0.15660080395382472,76.92307692307693,25.0,26,-0.10359841900088837,0.06321950765802244,0.09127174797366105,61.53846153846154,25.0,26,"rango LOO rho [-0.104, 0.063]; cambio máximo 0.091",Sin identidad directa predeclarada; evaluar dependencia por arquitectura y protocolo,"Asociación negativa en rangos; diferencia r−rho=0.035; valorar junto con soporte, empates y sensibilidad",Geometría previa; dependencia del diseño experimental; Posensayo; excluido de INPUT; LOO no es IC ni validación predictiva; no implica causalidad
Fiber_height,residual_Displacement_4cycle_40mm,26,0.13051745846417745,0.0986133682178185,0.07026202485519568,88.46153846153845,0.0,0.03190409024635894,0.03361210401663527,0.25162104373825034,0.12110358527407289,100.0,27.0,26,0.02039338956710401,0.1815011671472257,0.08288779892940719,100.0,1.0,26,"rango LOO rho [0.020, 0.182]; cambio máximo 0.083",Sin identidad directa predeclarada; evaluar dependencia por arquitectura y protocolo,"Asociación positiva en rangos; diferencia r−rho=0.032; valorar junto con soporte, empates y sensibilidad",Geometría previa; dependencia del diseño experimental; Posensayo; excluido de INPUT; LOO no es IC ni validación predictiva; no implica causalidad
Fiber_height,residual_Displacement_5cycle_50mm,26,0.1591656080226602,0.10484841948502485,0.08544932592822077,88.46153846153845,7.692307692307687,0.05431718853763534,0.057598283531878965,0.28584539893574257,0.12667979091308237,100.0,27.0,26,0.02408273199819762,0.19143731029075736,0.08658889080573251,100.0,27.0,26,"rango LOO rho [0.024, 0.191]; cambio máximo 0.087",Sin identidad directa predeclarada; evaluar dependencia por arquitectura y protocolo,"Asociación positiva en rangos; diferencia r−rho=0.054; valorar junto con soporte, empates y sensibilidad",Geometría previa; dependencia del diseño experimental; Posensayo; excluido de INPUT; LOO no es IC ni validación predictiva; no implica causalidad
Fiber_height,residual_Displacement_6cycle_60mm,20,0.23425371056507138,0.14089818595571788,0.10274157117240054,85.0,9.999999999999998,0.09335552460935351,0.04008188670969958,0.3584128070798504,0.1941718238553718,100.0,4.0,20,0.023673138545877617,0.24335986425162193,0.11722504740984026,100.0,4.0,20,"rango LOO rho [0.024, 0.243]; cambio máximo 0.117",Sin identidad directa predeclarada; evaluar dependencia por arquitectura y protocolo,"Asociación positiva en rangos; diferencia r−rho=0.093; valorar junto con soporte, empates y sensibilidad",Geometría previa; dependencia del diseño experimental; Posensayo; excluido de INPUT; LOO no es IC ni validación predictiva; no implica causalidad
Fiber_height,Dissipated_cycle_1,26,-0.085277468492923,-0.06163335513613657,-0.04067801438985014,88.46153846153845,0.0,-0.023644113356786435,-0.18452709060068376,0.022861832430511517,0.10813930092343452,96.15384615384616,25.0,26,-0.15213468617059592,0.02120912514978817,0.09050133103445934,96.15384615384616,13.0,26,"rango LOO rho [-0.152, 0.021]; cambio máximo 0.091",Sin identidad directa predeclarada; evaluar dependencia por arquitectura y protocolo,"Asociación negativa en rangos; diferencia r−rho=-0.024; valorar junto con soporte, empates y sensibilidad",Geometría previa; dependencia del diseño experimental; Posensayo; unidad corroborada con tesis PDF pp.117/121 (docs/trazabilidad_datos.md); ausencia de energía no demuestra ausencia de evento/ciclo; LOO no es IC ni validación predictiva; no implica causalidad
Fiber_height,Dissipated_cycle_2,26,-0.3516687211894191,-0.3204934467079102,-0.2625580928799418,88.46153846153845,0.0,-0.03117527448150892,-0.42178274584391406,-0.27731738823452345,0.07435133295489565,100.0,19.0,26,-0.3956317576018178,-0.2622589898329576,0.0751383108939076,100.0,1.0,26,"rango LOO rho [-0.396, -0.262]; cambio máximo 0.075",Sin identidad directa predeclarada; evaluar dependencia por arquitectura y protocolo,"Asociación negativa en rangos; diferencia r−rho=-0.031; valorar junto con soporte, empates y sensibilidad",Geometría previa; dependencia del diseño experimental; Posensayo; unidad corroborada con tesis PDF pp.117/121 (docs/trazabilidad_datos.md); ausencia de energía no demuestra ausencia de evento/ciclo; LOO no es IC ni validación predictiva; no implica causalidad
Fiber_height,Dissipated_cycle_3,26,-0.2577720732086944,-0.16641005886756874,-0.1368260484022232,88.46153846153845,0.0,-0.09136201434112565,-0.338527367203961,-0.18094449080388983,0.0807552939952666,100.0,21.0,26,-0.24186560026585358,-0.0946253275913626,0.07545554139828484,100.0,21.0,26,"rango LOO rho [-0.242, -0.095]; cambio máximo 0.075",Sin identidad directa predeclarada; evaluar dependencia por arquitectura y protocolo,"Asociación negativa en rangos; diferencia r−rho=-0.091; valorar junto con soporte, empates y sensibilidad",Geometría previa; dependencia del diseño experimental; Posensayo; unidad corroborada con tesis PDF pp.117/121 (docs/trazabilidad_datos.md); ausencia de energía no demuestra ausencia de evento/ciclo; LOO no es IC ni validación predictiva; no implica causalidad
Fiber_height,Dissipated_cycle_4,26,-0.3255237380569994,-0.30816677568068285,-0.25516209026360537,88.46153846153845,0.0,-0.017356962376316565,-0.4198885200369835,-0.25150636383880765,0.0943647819799841,100.0,27.0,26,-0.3972632287671861,-0.24879935271866893,0.08909645308650327,100.0,27.0,26,"rango LOO rho [-0.397, -0.249]; cambio máximo 0.089",Sin identidad directa predeclarada; evaluar dependencia por arquitectura y protocolo,"Asociación negativa en rangos; diferencia r−rho=-0.017; valorar junto con soporte, empates y sensibilidad",Geometría previa; dependencia del diseño experimental; Posensayo; unidad corroborada con tesis PDF pp.117/121 (docs/trazabilidad_datos.md); ausencia de energía no demuestra ausencia de evento/ciclo; LOO no es IC ni validación predictiva; no implica causalidad
Fiber_height,Dissipated_cycle_5,26,-0.13032263174577813,-0.412943479412115,-0.3217261138106329,88.46153846153845,0.0,0.2826208476663369,-0.4939642910896162,-0.09358807933031056,0.3636416593438381,100.0,5.0,26,-0.4902570851931804,-0.36381806987713555,0.07731360578106539,100.0,27.0,26,"rango LOO rho [-0.490, -0.364]; cambio máximo 0.077",Sin identidad directa predeclarada; evaluar dependencia por arquitectura y protocolo,"Asociación negativa en rangos; diferencia r−rho=0.283; valorar junto con soporte, empates y sensibilidad",Geometría previa; dependencia del diseño experimental; Posensayo; unidad corroborada con tesis PDF pp.117/121 (docs/trazabilidad_datos.md); ausencia de energía no demuestra ausencia de evento/ciclo; LOO no es IC ni validación predictiva; no implica causalidad
Fiber_height,Dissipated_cycle_6,20,-0.6660887164538182,-0.6285222334152872,-0.5173844397609305,85.0,0.0,-0.03756648303853094,-0.7580531474909974,-0.6214807033080524,0.09196443103717922,100.0,16.0,20,-0.7417381199564246,-0.5809020480270978,0.11321588654113734,100.0,16.0,20,"rango LOO rho [-0.742, -0.581]; cambio máximo 0.113",Sin identidad directa predeclarada; evaluar dependencia por arquitectura y protocolo,"Asociación negativa en rangos; diferencia r−rho=-0.038; valorar junto con soporte, empates y sensibilidad",Geometría previa; dependencia del diseño experimental; Posensayo; unidad corroborada con tesis PDF pp.117/121 (docs/trazabilidad_datos.md); ausencia de energía no demuestra ausencia de evento/ciclo; LOO no es IC ni validación predictiva; no implica causalidad
Fiber_height,Dissipated_cycle_7,7,-0.4280583157171003,-0.38575837490522974,-0.3944053188733077,57.14285714285714,0.0,-0.04229994081187055,-0.8578226710656682,-0.1048346728648997,0.42976435534856794,100.0,27.0,7,-0.9258200997725513,-0.18516401995451026,0.5400617248673216,100.0,27.0,7,"rango LOO rho [-0.926, -0.185]; cambio máximo 0.540",Sin identidad directa predeclarada; evaluar dependencia por arquitectura y protocolo,"Asociación negativa en rangos; diferencia r−rho=-0.042; valorar junto con soporte, empates y sensibilidad",Geometría previa; dependencia del diseño experimental; Posensayo; unidad corroborada con tesis PDF pp.117/121 (docs/trazabilidad_datos.md); ausencia de energía no demuestra ausencia de evento/ciclo; LOO no es IC ni validación predictiva; no implica causalidad
Fiber_height,Fracture_event_1,26,-0.019558716991363818,-0.043143348595295596,-0.033282011773513746,88.46153846153845,0.0,0.023584631603931778,-0.09330537083951847,0.05392111890737654,0.07374665384815465,73.07692307692307,24.0,26,-0.12725475089872904,0.03956317576018178,0.08411140230343345,84.61538461538461,1.0,26,"rango LOO rho [-0.127, 0.040]; cambio máximo 0.084",Sin identidad directa predeclarada; evaluar dependencia por arquitectura y protocolo,"Asociación negativa en rangos; diferencia r−rho=0.024; valorar junto con soporte, empates y sensibilidad",Geometría previa; dependencia del diseño experimental; Posensayo; unidad corroborada con tesis PDF pp.117/121 (docs/trazabilidad_datos.md); ausencia de energía no demuestra ausencia de evento/ciclo; LOO no es IC ni validación predictiva; no implica causalidad
Fiber_height,Fracture_event_2,24,0.04037717156763943,0.02211629342323457,0.034752402342845795,87.5,0.0,0.01826087814440486,-0.05079488158974456,0.14096079164021813,0.1005836200725787,75.0,25.0,24,-0.04819992036541475,0.11316503042314767,0.0910487369999131,66.66666666666666,25.0,24,"rango LOO rho [-0.048, 0.113]; cambio máximo 0.091",Sin identidad directa predeclarada; evaluar dependencia por arquitectura y protocolo,"Asociación positiva en rangos; diferencia r−rho=0.018; valorar junto con soporte, empates y sensibilidad",Geometría previa; dependencia del diseño experimental; Posensayo; unidad corroborada con tesis PDF pp.117/121 (docs/trazabilidad_datos.md); ausencia de energía no demuestra ausencia de evento/ciclo; LOO no es IC ni validación predictiva; no implica causalidad
Fiber_height,Fracture_event_3,22,-0.13141973209300256,-0.08143092136268826,-0.06741001508805829,86.36363636363636,0.0,-0.049988810730314304,-0.29020437618364153,0.026979825627739595,0.15878464409063897,95.45454545454545,12.0,22,-0.1926285321323549,0.009631426606617744,0.11119761076966664,95.45454545454545,1.0,22,"rango LOO rho [-0.193, 0.010]; cambio máximo 0.111",Sin identidad directa predeclarada; evaluar dependencia por arquitectura y protocolo,"Asociación negativa en rangos; diferencia r−rho=-0.050; valorar junto con soporte, empates y sensibilidad",Geometría previa; dependencia del diseño experimental; Posensayo; unidad corroborada con tesis PDF pp.117/121 (docs/trazabilidad_datos.md); ausencia de energía no demuestra ausencia de evento/ciclo; LOO no es IC ni validación predictiva; no implica causalidad
Fiber_height,Fracture_event_4,19,0.10151488622982562,0.11194341570991125,0.0771118547590483,84.21052631578947,0.0,-0.01042852948008563,-0.05241132220550852,0.23493207616476353,0.15392620843533414,89.47368421052632,12.0,19,0.0021934334551078215,0.22482692914855168,0.11288351343864043,100.0,9.0,19,"rango LOO rho [0.002, 0.225]; cambio máximo 0.113",Sin identidad directa predeclarada; evaluar dependencia por arquitectura y protocolo,"Asociación positiva en rangos; diferencia r−rho=-0.010; valorar junto con soporte, empates y sensibilidad",Geometría previa; dependencia del diseño experimental; Posensayo; unidad corroborada con tesis PDF pp.117/121 (docs/trazabilidad_datos.md); ausencia de energía no demuestra ausencia de evento/ciclo; LOO no es IC ni validación predictiva; no implica causalidad
Fiber_height,Fracture_event_5,17,0.29454389337784864,0.4859126579037751,0.40258052415805284,82.35294117647058,0.0,-0.19136876452592644,0.1781975936141284,0.6353436707364576,0.34079977735860895,100.0,10.0,17,0.41627383848227145,0.6906715747102856,0.20475891680651054,100.0,10.0,17,"rango LOO rho [0.416, 0.691]; cambio máximo 0.205",Sin identidad directa predeclarada; evaluar dependencia por arquitectura y protocolo,"Asociación positiva en rangos; diferencia r−rho=-0.191; valorar junto con soporte, empates y sensibilidad",Geometría previa; dependencia del diseño experimental; Posensayo; unidad corroborada con tesis PDF pp.117/121 (docs/trazabilidad_datos.md); ausencia de energía no demuestra ausencia de evento/ciclo; LOO no es IC ni validación predictiva; no implica causalidad
Fiber_height,Fracture_event_6,7,0.08302648426679178,0.0,0.0,57.14285714285714,0.0,0.08302648426679178,-0.39287807512469325,0.6395455574384493,0.5565190731716575,71.42857142857143,4.0,7,-0.41403933560541256,0.30860669992418377,0.41403933560541256,,9.0,7,"rango LOO rho [-0.414, 0.309]; cambio máximo 0.414",Sin identidad directa predeclarada; evaluar dependencia por arquitectura y protocolo,"Asociación nula en rangos; diferencia r−rho=0.083; valorar junto con soporte, empates y sensibilidad",Geometría previa; dependencia del diseño experimental; Posensayo; unidad corroborada con tesis PDF pp.117/121 (docs/trazabilidad_datos.md); ausencia de energía no demuestra ausencia de evento/ciclo; LOO no es IC ni validación predictiva; no implica causalidad
Fiber_height,Fracture_event_7,6,-0.539720332128441,-0.43948021245882857,-0.43033148291193524,50.0,0.0,-0.10024011966961238,-0.8368875847482744,-0.33183867043417725,0.29716725261983346,100.0,4.0,6,-0.8944271909999159,-0.33541019662496846,0.4549469785410873,100.0,4.0,6,"rango LOO rho [-0.894, -0.335]; cambio máximo 0.455",Sin identidad directa predeclarada; evaluar dependencia por arquitectura y protocolo,"Asociación negativa en rangos; diferencia r−rho=-0.100; valorar junto con soporte, empates y sensibilidad",Geometría previa; dependencia del diseño experimental; Posensayo; unidad corroborada con tesis PDF pp.117/121 (docs/trazabilidad_datos.md); ausencia de energía no demuestra ausencia de evento/ciclo; LOO no es IC ni validación predictiva; no implica causalidad
Fiber_height,Fracture_event_8,4,,,,75.0,0.0,,,,,,,0,,,,,,0,No identificable: soporte insuficiente o variable constante,Sin identidad directa predeclarada; evaluar dependencia por arquitectura y protocolo,Asociación no identificable con la variación y disponibilidad observadas,Geometría previa; dependencia del diseño experimental; Posensayo; unidad corroborada con tesis PDF pp.117/121 (docs/trazabilidad_datos.md); ausencia de energía no demuestra ausencia de evento/ciclo; LOO no es IC ni validación predictiva; no implica causalidad
Fiber_height,Fracture_event_9,2,,,,50.0,0.0,,,,,,,0,,,,,,0,No identificable: soporte insuficiente o variable constante,Sin identidad directa predeclarada; evaluar dependencia por arquitectura y protocolo,Asociación no identificable con la variación y disponibilidad observadas,Geometría previa; dependencia del diseño experimental; Posensayo; unidad corroborada con tesis PDF pp.117/121 (docs/trazabilidad_datos.md); ausencia de energía no demuestra ausencia de evento/ciclo; LOO no es IC ni validación predictiva; no implica causalidad
Fiber_height,Fracture_event_10,1,,,,0.0,0.0,,,,,,,0,,,,,,0,No identificable: soporte insuficiente o variable constante,Sin identidad directa predeclarada; evaluar dependencia por arquitectura y protocolo,Asociación no identificable con la variación y disponibilidad observadas,Geometría previa; dependencia del diseño experimental; Posensayo; unidad corroborada con tesis PDF pp.117/121 (docs/trazabilidad_datos.md); ausencia de energía no demuestra ausencia de evento/ciclo; LOO no es IC ni validación predictiva; no implica causalidad
Fiber_height,Fracture_event_11,1,,,,0.0,0.0,,,,,,,0,,,,,,0,No identificable: soporte insuficiente o variable constante,Sin identidad directa predeclarada; evaluar dependencia por arquitectura y protocolo,Asociación no identificable con la variación y disponibilidad observadas,Geometría previa; dependencia del diseño experimental; Posensayo; unidad corroborada con tesis PDF pp.117/121 (docs/trazabilidad_datos.md); ausencia de energía no demuestra ausencia de evento/ciclo; LOO no es IC ni validación predictiva; no implica causalidad
Fiber_height,Fracture_event_12,1,,,,0.0,0.0,,,,,,,0,,,,,,0,No identificable: soporte insuficiente o variable constante,Sin identidad directa predeclarada; evaluar dependencia por arquitectura y protocolo,Asociación no identificable con la variación y disponibilidad observadas,Geometría previa; dependencia del diseño experimental; Posensayo; unidad corroborada con tesis PDF pp.117/121 (docs/trazabilidad_datos.md); ausencia de energía no demuestra ausencia de evento/ciclo; LOO no es IC ni validación predictiva; no implica causalidad
Fiber_height,Fracture_event_13,1,,,,0.0,0.0,,,,,,,0,,,,,,0,No identificable: soporte insuficiente o variable constante,Sin identidad directa predeclarada; evaluar dependencia por arquitectura y protocolo,Asociación no identificable con la variación y disponibilidad observadas,Geometría previa; dependencia del diseño experimental; Posensayo; unidad corroborada con tesis PDF pp.117/121 (docs/trazabilidad_datos.md); ausencia de energía no demuestra ausencia de evento/ciclo; LOO no es IC ni validación predictiva; no implica causalidad
Fiber_height,Load_ratio_first_over_ultimate,26,-0.057565032597656884,0.0986133682178185,0.0628660222388593,88.46153846153845,0.0,-0.1561784008154754,-0.15108175265300045,0.06997954722598557,0.12754457982364245,92.3076923076923,19.0,26,0.01998552177576193,0.18680344843467273,0.08819008021685422,100.0,19.0,26,"rango LOO rho [0.020, 0.187]; cambio máximo 0.088",Sin identidad directa predeclarada; evaluar dependencia por arquitectura y protocolo,"Asociación positiva en rangos; diferencia r−rho=-0.156; valorar junto con soporte, empates y sensibilidad",Geometría previa; dependencia del diseño experimental; Cociente primera/rotura final; no factor de seguridad ni reserva de carga; LOO no es IC ni validación predictiva; no implica causalidad
Fiber_height,Load_per_specimen_volume,26,0.010511279904992685,0.018490006540840973,0.011094003924504584,88.46153846153845,0.0,-0.007978726635848287,-0.05874973672263514,0.09270460675976726,0.08219332685477457,65.38461538461539,22.0,26,-0.06729818557144324,0.10604562574894086,0.08755561920809989,69.23076923076923,22.0,26,"rango LOO rho [-0.067, 0.106]; cambio máximo 0.088",Sin identidad directa predeclarada; evaluar dependencia por arquitectura y protocolo,"Asociación positiva en rangos; diferencia r−rho=-0.008; valorar junto con soporte, empates y sensibilidad",Geometría previa; dependencia del diseño experimental; Índice descriptivo de carga por volumen; no esfuerzo ni resistencia material; LOO no es IC ni validación predictiva; no implica causalidad
Fiber_height,Load_per_pivot,26,0.0302569434200469,0.012326671027227313,0.0036980013081681943,88.46153846153845,0.0,0.017930272392819586,-0.06397732555381705,0.11023121245268928,0.09423426897386394,73.07692307692307,1.0,26,-0.07300833465023236,0.10033547667015173,0.08800880564292442,73.07692307692307,22.0,26,"rango LOO rho [-0.073, 0.100]; cambio máximo 0.088",Sin identidad directa predeclarada; evaluar dependencia por arquitectura y protocolo,"Asociación positiva en rangos; diferencia r−rho=0.018; valorar junto con soporte, empates y sensibilidad",Geometría previa; dependencia del diseño experimental; No presupone reparto uniforme de cargas entre pivotes; LOO no es IC ni validación predictiva; no implica causalidad
Fiber_height,Load_per_cell_Y,26,0.013305893001885272,0.018490006540840973,0.02588600915717736,88.46153846153845,0.0,-0.0051841135389557,-0.06679423451559303,0.09516890121951341,0.08186300821762814,69.23076923076923,22.0,26,-0.06607458219741699,0.10726922912296709,0.08877922258212612,73.07692307692307,22.0,26,"rango LOO rho [-0.066, 0.107]; cambio máximo 0.089",Sin identidad directa predeclarada; evaluar dependencia por arquitectura y protocolo,"Asociación positiva en rangos; diferencia r−rho=-0.005; valorar junto con soporte, empates y sensibilidad",Geometría previa; dependencia del diseño experimental; Normalización por conteo en Y; no fuerza medida en cada celda; LOO no es IC ni validación predictiva; no implica causalidad
Fiber_height,Fracture_observed_sum,26,-0.06602745424325199,-0.0986133682178185,-0.07026202485519568,88.46153846153845,0.0,0.03258591397456652,-0.1870111282281188,-0.004321121592949947,0.12098367398486681,100.0,24.0,26,-0.1937372008874881,-0.035076630055418896,0.0951238326696696,100.0,24.0,26,"rango LOO rho [-0.194, -0.035]; cambio máximo 0.095",Sin identidad directa predeclarada; evaluar dependencia por arquitectura y protocolo,"Asociación negativa en rangos; diferencia r−rho=0.033; valorar junto con soporte, empates y sensibilidad",Geometría previa; dependencia del diseño experimental; Suma observada de longitud variable; no energía total del ensayo; LOO no es IC ni validación predictiva; no implica causalidad
Fiber_height,Fracture_registered_events,26,-0.30645270571883476,-0.22561179618998625,-0.19402850002906638,88.46153846153845,61.53846153846154,-0.08084090952884851,-0.4148227598359595,-0.20659804351518465,0.10837005411712475,100.0,22.0,26,-0.328436030025366,-0.15598600654803693,0.10282423383537972,100.0,22.0,26,"rango LOO rho [-0.328, -0.156]; cambio máximo 0.103",Sin identidad directa predeclarada; evaluar dependencia por arquitectura y protocolo,"Asociación negativa en rangos; diferencia r−rho=-0.081; valorar junto con soporte, empates y sensibilidad","Geometría previa; dependencia del diseño experimental; Disponibilidad de registro, no conteo verificado de todas las fracturas; LOO no es IC ni validación predictiva; no implica causalidad"
Fiber_height,Fracture_initial_share,26,0.06597558723845538,0.09863022952737456,0.08888888888888889,88.46153846153845,3.8461538461538436,-0.03265464228891918,-0.0471725535563877,0.19897248368373624,0.13299689644528084,96.15384615384616,22.0,26,0.02141717812966495,0.18802705180869897,0.08939682228132441,100.0,22.0,26,"rango LOO rho [0.021, 0.188]; cambio máximo 0.089",Sin identidad directa predeclarada; evaluar dependencia por arquitectura y protocolo,"Asociación positiva en rangos; diferencia r−rho=-0.033; valorar junto con soporte, empates y sensibilidad",Geometría previa; dependencia del diseño experimental; Comparte numerador y denominador con otras respuestas; sensible a cobertura de eventos; LOO no es IC ni validación predictiva; no implica causalidad
Fiber_height,Residual_fraction_cycle1,26,0.15938146189528404,0.11094003924504582,0.09245003270420486,88.46153846153845,0.0,0.04844142265023822,0.03654561389972948,0.265005684118121,0.12283584799555455,100.0,9.0,26,0.03385302668139266,0.1937372008874881,0.08279716164244229,100.0,21.0,26,"rango LOO rho [0.034, 0.194]; cambio máximo 0.083",Sin identidad directa predeclarada; evaluar dependencia por arquitectura y protocolo,"Asociación positiva en rangos; diferencia r−rho=0.048; valorar junto con soporte, empates y sensibilidad",Geometría previa; dependencia del diseño experimental; Amplitud nominal del nombre de columna; no deformación unitaria; LOO no es IC ni validación predictiva; no implica causalidad
Fiber_height,Residual_fraction_cycle2,26,0.07103890683126637,0.012326671027227313,0.0036980013081681943,88.46153846153845,0.0,0.05871223580403906,-0.06330014371329942,0.17862967788701692,0.1343390505445658,88.46153846153845,9.0,26,-0.076271276980969,0.08973091409525764,0.08859794800819631,69.23076923076923,25.0,26,"rango LOO rho [-0.076, 0.090]; cambio máximo 0.089",Sin identidad directa predeclarada; evaluar dependencia por arquitectura y protocolo,"Asociación positiva en rangos; diferencia r−rho=0.059; valorar junto con soporte, empates y sensibilidad",Geometría previa; dependencia del diseño experimental; Amplitud nominal del nombre de columna; no deformación unitaria; LOO no es IC ni validación predictiva; no implica causalidad
Fiber_height,Residual_fraction_cycle3,26,0.02238288634963222,-0.012326671027227313,-0.0036980013081681943,88.46153846153845,0.0,0.03470955737685953,-0.13421791760419247,0.1587343952335964,0.1566008039538247,76.92307692307693,25.0,26,-0.10359841900088837,0.06321950765802244,0.09127174797366105,61.53846153846154,25.0,26,"rango LOO rho [-0.104, 0.063]; cambio máximo 0.091",Sin identidad directa predeclarada; evaluar dependencia por arquitectura y protocolo,"Asociación negativa en rangos; diferencia r−rho=0.035; valorar junto con soporte, empates y sensibilidad",Geometría previa; dependencia del diseño experimental; Amplitud nominal del nombre de columna; no deformación unitaria; LOO no es IC ni validación predictiva; no implica causalidad
Fiber_height,Residual_fraction_cycle4,26,0.1305174584641777,0.0986133682178185,0.07026202485519568,88.46153846153845,0.0,0.03190409024635919,0.03361210401663559,0.25162104373825056,0.12110358527407286,100.0,27.0,26,0.02039338956710401,0.1815011671472257,0.08288779892940719,100.0,1.0,26,"rango LOO rho [0.020, 0.182]; cambio máximo 0.083",Sin identidad directa predeclarada; evaluar dependencia por arquitectura y protocolo,"Asociación positiva en rangos; diferencia r−rho=0.032; valorar junto con soporte, empates y sensibilidad",Geometría previa; dependencia del diseño experimental; Amplitud nominal del nombre de columna; no deformación unitaria; LOO no es IC ni validación predictiva; no implica causalidad
Fiber_height,Residual_fraction_cycle5,26,0.15916560802266058,0.10484841948502485,0.08544932592822077,88.46153846153845,7.692307692307687,0.05431718853763573,0.05759828353187934,0.285845398935743,0.12667979091308243,100.0,27.0,26,0.02408273199819762,0.19143731029075736,0.08658889080573251,100.0,27.0,26,"rango LOO rho [0.024, 0.191]; cambio máximo 0.087",Sin identidad directa predeclarada; evaluar dependencia por arquitectura y protocolo,"Asociación positiva en rangos; diferencia r−rho=0.054; valorar junto con soporte, empates y sensibilidad",Geometría previa; dependencia del diseño experimental; Amplitud nominal del nombre de columna; no deformación unitaria; LOO no es IC ni validación predictiva; no implica causalidad
Fiber_height,Residual_fraction_cycle6,20,0.23425371056507138,0.14089818595571788,0.10274157117240054,85.0,9.999999999999998,0.09335552460935351,0.04008188670969962,0.3584128070798505,0.19417182385537177,100.0,4.0,20,0.023673138545877617,0.24335986425162193,0.11722504740984026,100.0,4.0,20,"rango LOO rho [0.024, 0.243]; cambio máximo 0.117",Sin identidad directa predeclarada; evaluar dependencia por arquitectura y protocolo,"Asociación positiva en rangos; diferencia r−rho=0.093; valorar junto con soporte, empates y sensibilidad",Geometría previa; dependencia del diseño experimental; Amplitud nominal del nombre de columna; no deformación unitaria; LOO no es IC ni validación predictiva; no implica causalidad
Fiber_height,Recovery_complement_cycle6,20,-0.2342537105650714,-0.14089818595571788,-0.10274157117240054,85.0,9.999999999999998,-0.09335552460935354,-0.35841280707985046,-0.04008188670969963,0.1941718238553718,100.0,4.0,20,-0.24335986425162193,-0.023673138545877617,0.11722504740984026,100.0,4.0,20,"rango LOO rho [-0.243, -0.024]; cambio máximo 0.117",Sin identidad directa predeclarada; evaluar dependencia por arquitectura y protocolo,"Asociación negativa en rangos; diferencia r−rho=-0.093; valorar junto con soporte, empates y sensibilidad",Geometría previa; dependencia del diseño experimental; Proxy complemento nominal; requiere protocolo para interpretar recuperación elástica; LOO no es IC ni validación predictiva; no implica causalidad
Fiber_base,First_Failure_Load_N,26,-0.48138978149813244,-0.5518227374385258,-0.4007585538344704,42.307692307692314,0.0,0.0704329559403934,-0.5537279499917642,-0.42228235717472984,0.07233816849363178,100.0,19.0,26,-0.6480068718895247,-0.4955626034788143,0.09618413445099883,100.0,19.0,26,"rango LOO rho [-0.648, -0.496]; cambio máximo 0.096",Sin identidad directa predeclarada; evaluar dependencia por arquitectura y protocolo,"Asociación negativa en rangos; diferencia r−rho=0.070; valorar junto con soporte, empates y sensibilidad",Geometría previa; dependencia del diseño experimental; Posensayo; excluido de INPUT; LOO no es IC ni validación predictiva; no implica causalidad
Fiber_base,Ultimate_Load,26,-0.29950920242329765,-0.3864131855446393,-0.2808465456005344,42.307692307692314,0.0,0.08690398312134168,-0.39263117467664643,-0.21289961070838742,0.09312197225334878,100.0,10.0,26,-0.4909275674369236,-0.3093886557962044,0.10451438189228429,100.0,10.0,26,"rango LOO rho [-0.491, -0.309]; cambio máximo 0.105",Sin identidad directa predeclarada; evaluar dependencia por arquitectura y protocolo,"Asociación negativa en rangos; diferencia r−rho=0.087; valorar junto con soporte, empates y sensibilidad","Geometría previa; dependencia del diseño experimental; Posensayo; excluido de INPUT; fuerza del evento terminal/rotura final, no máximo global (docs/trazabilidad_datos.md); LOO no es IC ni validación predictiva; no implica causalidad"
Fiber_base,Maximum_Displacement,26,0.16663574386932253,0.11084499016955462,0.0788894791012737,42.307692307692314,0.0,0.05579075369976791,0.024037268204441648,0.2713496118353972,0.14259847566488087,100.0,4.0,26,0.013132602118690325,0.20819036888159073,0.0977123880508643,100.0,22.0,26,"rango LOO rho [0.013, 0.208]; cambio máximo 0.098",Sin identidad directa predeclarada; evaluar dependencia por arquitectura y protocolo,"Asociación positiva en rangos; diferencia r−rho=0.056; valorar junto con soporte, empates y sensibilidad",Geometría previa; dependencia del diseño experimental; Posensayo; excluido de INPUT; LOO no es IC ni validación predictiva; no implica causalidad
Fiber_base,residual_Displacement_1cycle_10mm,26,0.12049177649543164,0.1475645379966207,0.0725783207731718,42.307692307692314,0.0,-0.027072761501189063,0.037664753929005146,0.19191300932952313,0.08282702256642649,100.0,1.0,26,0.07918186571563283,0.24305671323584477,0.09549217523922407,100.0,18.0,26,"rango LOO rho [0.079, 0.243]; cambio máximo 0.095",Sin identidad directa predeclarada; evaluar dependencia por arquitectura y protocolo,"Asociación positiva en rangos; diferencia r−rho=-0.027; valorar junto con soporte, empates y sensibilidad",Geometría previa; dependencia del diseño experimental; Posensayo; excluido de INPUT; LOO no es IC ni validación predictiva; no implica causalidad
Fiber_base,residual_Displacement_2cycle_20mm,26,0.20032390474334186,0.2083062199161599,0.12306758739798698,42.307692307692314,0.0,-0.007982315172818055,0.08564098948412112,0.27522976843889535,0.11468291525922074,100.0,1.0,26,0.12475972012755808,0.29277977664609606,0.08447355672993614,100.0,7.0,26,"rango LOO rho [0.125, 0.293]; cambio máximo 0.084",Sin identidad directa predeclarada; evaluar dependencia por arquitectura y protocolo,"Asociación positiva en rangos; diferencia r−rho=-0.008; valorar junto con soporte, empates y sensibilidad",Geometría previa; dependencia del diseño experimental; Posensayo; excluido de INPUT; LOO no es IC ni validación predictiva; no implica causalidad
Fiber_base,residual_Displacement_3cycle_30mm,26,0.09296783811830818,0.09334314961646704,0.05995600411696802,42.307692307692314,0.0,-0.00037531149815886455,-0.02335885655233712,0.17373961397164223,0.1163266946706453,92.3076923076923,1.0,26,-0.004635036041890703,0.17381385157090135,0.09797818565835775,96.15384615384616,1.0,26,"rango LOO rho [-0.005, 0.174]; cambio máximo 0.098",Sin identidad directa predeclarada; evaluar dependencia por arquitectura y protocolo,"Asociación positiva en rangos; diferencia r−rho=-0.000; valorar junto con soporte, empates y sensibilidad",Geometría previa; dependencia del diseño experimental; Posensayo; excluido de INPUT; LOO no es IC ni validación predictiva; no implica causalidad
Fiber_base,residual_Displacement_4cycle_40mm,26,-0.17108706294172382,0.07343909565413216,0.04102252913266233,42.307692307692314,0.0,-0.24452615859585597,-0.29620685433221366,-0.01900869765150696,0.15207836529021687,100.0,7.0,26,-0.03553527632116205,0.16068124945221104,0.10897437197529422,92.3076923076923,1.0,26,"rango LOO rho [-0.036, 0.161]; cambio máximo 0.109",Sin identidad directa predeclarada; evaluar dependencia por arquitectura y protocolo,"Asociación positiva en rangos; diferencia r−rho=-0.245; valorar junto con soporte, empates y sensibilidad",Geometría previa; dependencia del diseño experimental; Posensayo; excluido de INPUT; LOO no es IC ni validación predictiva; no implica causalidad
Fiber_base,residual_Displacement_5cycle_50mm,26,-0.3735809172111827,-0.1964295095953529,-0.14583126938635896,42.307692307692314,7.692307692307687,-0.1771514076158298,-0.5180291986042957,-0.22993844115586462,0.14444828139311305,100.0,27.0,26,-0.30154521068873075,-0.10166277215143098,0.10511570109337784,100.0,27.0,26,"rango LOO rho [-0.302, -0.102]; cambio máximo 0.105",Sin identidad directa predeclarada; evaluar dependencia por arquitectura y protocolo,"Asociación negativa en rangos; diferencia r−rho=-0.177; valorar junto con soporte, empates y sensibilidad",Geometría previa; dependencia del diseño experimental; Posensayo; excluido de INPUT; LOO no es IC ni validación predictiva; no implica causalidad
Fiber_base,residual_Displacement_6cycle_60mm,20,-0.4367296630303453,-0.07686606373670174,-0.03279913003283516,40.0,9.999999999999998,-0.3598635992936436,-0.5828734883648204,-0.010707149131500046,0.42602251389884527,100.0,4.0,20,-0.1821805269834826,0.07828566797119162,0.15515173170789337,85.0,4.0,20,"rango LOO rho [-0.182, 0.078]; cambio máximo 0.155",Sin identidad directa predeclarada; evaluar dependencia por arquitectura y protocolo,"Asociación negativa en rangos; diferencia r−rho=-0.360; valorar junto con soporte, empates y sensibilidad",Geometría previa; dependencia del diseño experimental; Posensayo; excluido de INPUT; LOO no es IC ni validación predictiva; no implica causalidad
Fiber_base,Dissipated_cycle_1,26,0.024275912262133836,0.030199254287680517,0.003155579164050948,42.307692307692314,0.0,-0.005923342025546681,-0.0622077130793453,0.10441995594303362,0.08648362534147913,80.76923076923077,7.0,26,-0.020467439934532063,0.11689870493723963,0.08669945064955911,76.92307692307693,20.0,26,"rango LOO rho [-0.020, 0.117]; cambio máximo 0.087",Sin identidad directa predeclarada; evaluar dependencia por arquitectura y protocolo,"Asociación positiva en rangos; diferencia r−rho=-0.006; valorar junto con soporte, empates y sensibilidad",Geometría previa; dependencia del diseño experimental; Posensayo; unidad corroborada con tesis PDF pp.117/121 (docs/trazabilidad_datos.md); ausencia de energía no demuestra ausencia de evento/ciclo; LOO no es IC ni validación predictiva; no implica causalidad
Fiber_base,Dissipated_cycle_2,26,-0.11109943133178778,-0.17707744559594485,-0.11044527074178319,42.307692307692314,0.0,0.06597801426415707,-0.21445829036332428,-0.04204672401930683,0.1033588590315365,100.0,19.0,26,-0.2803653092918921,-0.08961069680988692,0.10328786369594722,100.0,19.0,26,"rango LOO rho [-0.280, -0.090]; cambio máximo 0.103",Sin identidad directa predeclarada; evaluar dependencia por arquitectura y protocolo,"Asociación negativa en rangos; diferencia r−rho=0.066; valorar junto con soporte, empates y sensibilidad",Geometría previa; dependencia del diseño experimental; Posensayo; unidad corroborada con tesis PDF pp.117/121 (docs/trazabilidad_datos.md); ausencia de energía no demuestra ausencia de evento/ciclo; LOO no es IC ni validación predictiva; no implica causalidad
Fiber_base,Dissipated_cycle_3,26,-0.17581479122700386,-0.2927268625839941,-0.19249032900710783,42.307692307692314,0.0,0.11691207135699025,-0.2547431655039289,-0.10300635590391025,0.07892837427692503,100.0,19.0,26,-0.3985358115554168,-0.22518550103518997,0.10580894897142268,100.0,19.0,26,"rango LOO rho [-0.399, -0.225]; cambio máximo 0.106",Sin identidad directa predeclarada; evaluar dependencia por arquitectura y protocolo,"Asociación negativa en rangos; diferencia r−rho=0.117; valorar junto con soporte, empates y sensibilidad",Geometría previa; dependencia del diseño experimental; Posensayo; unidad corroborada con tesis PDF pp.117/121 (docs/trazabilidad_datos.md); ausencia de energía no demuestra ausencia de evento/ciclo; LOO no es IC ni validación predictiva; no implica causalidad
Fiber_base,Dissipated_cycle_4,26,-0.11488671076394565,-0.18188187241443948,-0.10413411241368128,42.307692307692314,0.0,0.06699516165049384,-0.17773804299942378,-0.003390647776762504,0.11149606298718315,100.0,1.0,26,-0.27882059684400284,-0.0950182388587594,0.09693872442956336,100.0,19.0,26,"rango LOO rho [-0.279, -0.095]; cambio máximo 0.097",Sin identidad directa predeclarada; evaluar dependencia por arquitectura y protocolo,"Asociación negativa en rangos; diferencia r−rho=0.067; valorar junto con soporte, empates y sensibilidad",Geometría previa; dependencia del diseño experimental; Posensayo; unidad corroborada con tesis PDF pp.117/121 (docs/trazabilidad_datos.md); ausencia de energía no demuestra ausencia de evento/ciclo; LOO no es IC ni validación predictiva; no implica causalidad
Fiber_base,Dissipated_cycle_5,26,0.18061810641404183,0.09608853636989255,0.022089054148356636,42.307692307692314,0.0,0.08452957004414928,0.1438511705944268,0.22171049916644775,0.04109239275240592,100.0,1.0,26,0.004635036041890703,0.15874998443475657,0.09145350032800184,100.0,4.0,26,"rango LOO rho [0.005, 0.159]; cambio máximo 0.091",Sin identidad directa predeclarada; evaluar dependencia por arquitectura y protocolo,"Asociación positiva en rangos; diferencia r−rho=0.085; valorar junto con soporte, empates y sensibilidad",Geometría previa; dependencia del diseño experimental; Posensayo; unidad corroborada con tesis PDF pp.117/121 (docs/trazabilidad_datos.md); ausencia de energía no demuestra ausencia de evento/ciclo; LOO no es IC ni validación predictiva; no implica causalidad
Fiber_base,Dissipated_cycle_6,20,0.37339723007917675,0.15512995893476866,0.08700279025141457,40.0,0.0,0.21826727114440808,0.26328990635760835,0.44489358891451997,0.1101073237215684,100.0,4.0,20,0.016792343023204474,0.23774422490747388,0.13833761591156418,100.0,10.0,20,"rango LOO rho [0.017, 0.238]; cambio máximo 0.138",Sin identidad directa predeclarada; evaluar dependencia por arquitectura y protocolo,"Asociación positiva en rangos; diferencia r−rho=0.218; valorar junto con soporte, empates y sensibilidad",Geometría previa; dependencia del diseño experimental; Posensayo; unidad corroborada con tesis PDF pp.117/121 (docs/trazabilidad_datos.md); ausencia de energía no demuestra ausencia de evento/ciclo; LOO no es IC ni validación predictiva; no implica causalidad
Fiber_base,Dissipated_cycle_7,7,-0.2875703565555614,-0.5102520385624568,-0.4364357804719848,57.14285714285714,0.0,0.22268168200689542,-0.5797338896686814,-0.04246091457467324,0.29216353311312004,100.0,26.0,7,-0.7171371656006361,-0.2777460299317654,0.23250600863069143,100.0,21.0,7,"rango LOO rho [-0.717, -0.278]; cambio máximo 0.233",Sin identidad directa predeclarada; evaluar dependencia por arquitectura y protocolo,"Asociación negativa en rangos; diferencia r−rho=0.223; valorar junto con soporte, empates y sensibilidad",Geometría previa; dependencia del diseño experimental; Posensayo; unidad corroborada con tesis PDF pp.117/121 (docs/trazabilidad_datos.md); ausencia de energía no demuestra ausencia de evento/ciclo; LOO no es IC ni validación predictiva; no implica causalidad
Fiber_base,Fracture_event_1,26,-0.4461452011302026,-0.5078965493837178,-0.3502692872096552,42.307692307692314,0.0,0.06175134825351514,-0.5143454792232791,-0.39794904712879803,0.0682002780930765,100.0,19.0,26,-0.5951004705493191,-0.4461222190319801,0.08720392116560138,100.0,19.0,26,"rango LOO rho [-0.595, -0.446]; cambio máximo 0.087",Sin identidad directa predeclarada; evaluar dependencia por arquitectura y protocolo,"Asociación negativa en rangos; diferencia r−rho=0.062; valorar junto con soporte, empates y sensibilidad",Geometría previa; dependencia del diseño experimental; Posensayo; unidad corroborada con tesis PDF pp.117/121 (docs/trazabilidad_datos.md); ausencia de energía no demuestra ausencia de evento/ciclo; LOO no es IC ni validación predictiva; no implica causalidad
Fiber_base,Fracture_event_2,24,-0.2760162827468744,-0.27181666448892644,-0.15217784910165158,41.666666666666664,0.0,-0.004199618257947957,-0.3541401694964198,-0.19108604793354395,0.08493023481333045,100.0,1.0,24,-0.3456507914496207,-0.19940633194064125,0.07383412696069425,100.0,13.0,24,"rango LOO rho [-0.346, -0.199]; cambio máximo 0.074",Sin identidad directa predeclarada; evaluar dependencia por arquitectura y protocolo,"Asociación negativa en rangos; diferencia r−rho=-0.004; valorar junto con soporte, empates y sensibilidad",Geometría previa; dependencia del diseño experimental; Posensayo; unidad corroborada con tesis PDF pp.117/121 (docs/trazabilidad_datos.md); ausencia de energía no demuestra ausencia de evento/ciclo; LOO no es IC ni validación predictiva; no implica causalidad
Fiber_base,Fracture_event_3,22,-0.23922687820998914,-0.19790368940237626,-0.12893474050502765,40.90909090909091,0.0,-0.041323188807612876,-0.4141956491391885,-0.14494643801369253,0.17496877092919935,100.0,10.0,22,-0.336378061984957,-0.07699929078471955,0.13847437258258075,100.0,26.0,22,"rango LOO rho [-0.336, -0.077]; cambio máximo 0.138",Sin identidad directa predeclarada; evaluar dependencia por arquitectura y protocolo,"Asociación negativa en rangos; diferencia r−rho=-0.041; valorar junto con soporte, empates y sensibilidad",Geometría previa; dependencia del diseño experimental; Posensayo; unidad corroborada con tesis PDF pp.117/121 (docs/trazabilidad_datos.md); ausencia de energía no demuestra ausencia de evento/ciclo; LOO no es IC ni validación predictiva; no implica causalidad
Fiber_base,Fracture_event_4,19,-0.3785543805292091,-0.42832163166868725,-0.3393398225253192,31.57894736842105,0.0,0.049767251139478164,-0.4535541356169728,-0.2789732058139487,0.0995811747152604,100.0,12.0,19,-0.5724665287535962,-0.35695929039228896,0.1441448970849089,100.0,10.0,19,"rango LOO rho [-0.572, -0.357]; cambio máximo 0.144",Sin identidad directa predeclarada; evaluar dependencia por arquitectura y protocolo,"Asociación negativa en rangos; diferencia r−rho=0.050; valorar junto con soporte, empates y sensibilidad",Geometría previa; dependencia del diseño experimental; Posensayo; unidad corroborada con tesis PDF pp.117/121 (docs/trazabilidad_datos.md); ausencia de energía no demuestra ausencia de evento/ciclo; LOO no es IC ni validación predictiva; no implica causalidad
Fiber_base,Fracture_event_5,17,-0.35150862513182524,-0.5122865585887381,-0.3731758962665826,23.529411764705888,0.0,0.16077793345691282,-0.5602707164906479,-0.2742942575889145,0.20876209135882262,100.0,10.0,17,-0.7035428840003763,-0.4483795319415397,0.19125632541163828,100.0,10.0,17,"rango LOO rho [-0.704, -0.448]; cambio máximo 0.191",Sin identidad directa predeclarada; evaluar dependencia por arquitectura y protocolo,"Asociación negativa en rangos; diferencia r−rho=0.161; valorar junto con soporte, empates y sensibilidad",Geometría previa; dependencia del diseño experimental; Posensayo; unidad corroborada con tesis PDF pp.117/121 (docs/trazabilidad_datos.md); ausencia de energía no demuestra ausencia de evento/ciclo; LOO no es IC ni validación predictiva; no implica causalidad
Fiber_base,Fracture_event_6,7,0.3174500375246312,0.2857142857142857,0.23809523809523814,0.0,0.0,0.03173575181034549,-0.06746808426850082,0.5440290877228676,0.384918121793132,85.71428571428571,4.0,7,-0.14285714285714285,0.7142857142857143,0.4285714285714286,85.71428571428571,1.0,7,"rango LOO rho [-0.143, 0.714]; cambio máximo 0.429",Sin identidad directa predeclarada; evaluar dependencia por arquitectura y protocolo,"Asociación positiva en rangos; diferencia r−rho=0.032; valorar junto con soporte, empates y sensibilidad",Geometría previa; dependencia del diseño experimental; Posensayo; unidad corroborada con tesis PDF pp.117/121 (docs/trazabilidad_datos.md); ausencia de energía no demuestra ausencia de evento/ciclo; LOO no es IC ni validación predictiva; no implica causalidad
Fiber_base,Fracture_event_7,6,0.5086573356122932,0.2571428571428571,0.2,0.0,0.0,0.2515144784694361,0.3353579917305536,0.9276610796498274,0.41900374403753415,100.0,4.0,6,-0.09999999999999998,0.7999999999999998,0.5428571428571427,83.33333333333334,4.0,6,"rango LOO rho [-0.100, 0.800]; cambio máximo 0.543",Sin identidad directa predeclarada; evaluar dependencia por arquitectura y protocolo,"Asociación positiva en rangos; diferencia r−rho=0.252; valorar junto con soporte, empates y sensibilidad",Geometría previa; dependencia del diseño experimental; Posensayo; unidad corroborada con tesis PDF pp.117/121 (docs/trazabilidad_datos.md); ausencia de energía no demuestra ausencia de evento/ciclo; LOO no es IC ni validación predictiva; no implica causalidad
Fiber_base,Fracture_event_8,4,0.27029299609949964,0.5999999999999999,0.3333333333333334,0.0,0.0,-0.32970700390050023,-0.19882716419158997,0.5577304102939746,0.4691201602910896,75.0,4.0,4,0.4999999999999999,0.4999999999999999,0.09999999999999998,100.0,1.0,4,"rango LOO rho [0.500, 0.500]; cambio máximo 0.100",Sin identidad directa predeclarada; evaluar dependencia por arquitectura y protocolo,"Asociación positiva en rangos; diferencia r−rho=-0.330; valorar junto con soporte, empates y sensibilidad",Geometría previa; dependencia del diseño experimental; Posensayo; unidad corroborada con tesis PDF pp.117/121 (docs/trazabilidad_datos.md); ausencia de energía no demuestra ausencia de evento/ciclo; LOO no es IC ni validación predictiva; no implica causalidad
Fiber_base,Fracture_event_9,2,,,,0.0,0.0,,,,,,,0,,,,,,0,No identificable: soporte insuficiente o variable constante,Sin identidad directa predeclarada; evaluar dependencia por arquitectura y protocolo,Asociación no identificable con la variación y disponibilidad observadas,Geometría previa; dependencia del diseño experimental; Posensayo; unidad corroborada con tesis PDF pp.117/121 (docs/trazabilidad_datos.md); ausencia de energía no demuestra ausencia de evento/ciclo; LOO no es IC ni validación predictiva; no implica causalidad
Fiber_base,Fracture_event_10,1,,,,0.0,0.0,,,,,,,0,,,,,,0,No identificable: soporte insuficiente o variable constante,Sin identidad directa predeclarada; evaluar dependencia por arquitectura y protocolo,Asociación no identificable con la variación y disponibilidad observadas,Geometría previa; dependencia del diseño experimental; Posensayo; unidad corroborada con tesis PDF pp.117/121 (docs/trazabilidad_datos.md); ausencia de energía no demuestra ausencia de evento/ciclo; LOO no es IC ni validación predictiva; no implica causalidad
Fiber_base,Fracture_event_11,1,,,,0.0,0.0,,,,,,,0,,,,,,0,No identificable: soporte insuficiente o variable constante,Sin identidad directa predeclarada; evaluar dependencia por arquitectura y protocolo,Asociación no identificable con la variación y disponibilidad observadas,Geometría previa; dependencia del diseño experimental; Posensayo; unidad corroborada con tesis PDF pp.117/121 (docs/trazabilidad_datos.md); ausencia de energía no demuestra ausencia de evento/ciclo; LOO no es IC ni validación predictiva; no implica causalidad
Fiber_base,Fracture_event_12,1,,,,0.0,0.0,,,,,,,0,,,,,,0,No identificable: soporte insuficiente o variable constante,Sin identidad directa predeclarada; evaluar dependencia por arquitectura y protocolo,Asociación no identificable con la variación y disponibilidad observadas,Geometría previa; dependencia del diseño experimental; Posensayo; unidad corroborada con tesis PDF pp.117/121 (docs/trazabilidad_datos.md); ausencia de energía no demuestra ausencia de evento/ciclo; LOO no es IC ni validación predictiva; no implica causalidad
Fiber_base,Fracture_event_13,1,,,,0.0,0.0,,,,,,,0,,,,,,0,No identificable: soporte insuficiente o variable constante,Sin identidad directa predeclarada; evaluar dependencia por arquitectura y protocolo,Asociación no identificable con la variación y disponibilidad observadas,Geometría previa; dependencia del diseño experimental; Posensayo; unidad corroborada con tesis PDF pp.117/121 (docs/trazabilidad_datos.md); ausencia de energía no demuestra ausencia de evento/ciclo; LOO no es IC ni validación predictiva; no implica causalidad
Fiber_base,Load_ratio_first_over_ultimate,26,-0.2266809743720678,-0.2735091553100156,-0.19880148733520972,42.307692307692314,0.0,0.04682818093794777,-0.34989369843614015,-0.12279286312851588,0.12321272406407235,100.0,19.0,26,-0.35644239735043576,-0.200079055808282,0.08293324204042019,100.0,19.0,26,"rango LOO rho [-0.356, -0.200]; cambio máximo 0.083",Sin identidad directa predeclarada; evaluar dependencia por arquitectura y protocolo,"Asociación negativa en rangos; diferencia r−rho=0.047; valorar junto con soporte, empates y sensibilidad",Geometría previa; dependencia del diseño experimental; Cociente primera/rotura final; no factor de seguridad ni reserva de carga; LOO no es IC ni validación predictiva; no implica causalidad
Fiber_base,Load_per_specimen_volume,26,-0.4846120198517999,-0.5569703376011986,-0.4133808704906742,42.307692307692314,0.0,0.07235831774939872,-0.5560788197819488,-0.424353150453711,0.07146679993014893,100.0,19.0,26,-0.6534133654571369,-0.5013563985311776,0.09644302785593828,100.0,19.0,26,"rango LOO rho [-0.653, -0.501]; cambio máximo 0.096",Sin identidad directa predeclarada; evaluar dependencia por arquitectura y protocolo,"Asociación negativa en rangos; diferencia r−rho=0.072; valorar junto con soporte, empates y sensibilidad",Geometría previa; dependencia del diseño experimental; Índice descriptivo de carga por volumen; no esfuerzo ni resistencia material; LOO no es IC ni validación predictiva; no implica causalidad
Fiber_base,Load_per_pivot,26,-0.3257943381921077,-0.3486641176850387,-0.26822422894433057,42.307692307692314,0.0,0.02286977949293101,-0.41304309329637456,-0.2045295536560201,0.12126478453608758,100.0,1.0,26,-0.42711299184136725,-0.26690082541220633,0.08176329227283236,100.0,1.0,26,"rango LOO rho [-0.427, -0.267]; cambio máximo 0.082",Sin identidad directa predeclarada; evaluar dependencia por arquitectura y protocolo,"Asociación negativa en rangos; diferencia r−rho=0.023; valorar junto con soporte, empates y sensibilidad",Geometría previa; dependencia del diseño experimental; No presupone reparto uniforme de cargas entre pivotes; LOO no es IC ni validación predictiva; no implica causalidad
Fiber_base,Load_per_cell_Y,26,-0.4507827660611135,-0.451616120938495,-0.3313358122253495,42.307692307692314,0.0,0.0008333548773815092,-0.5212897058214816,-0.3714301897686214,0.0793525762924921,100.0,1.0,26,-0.5394908224253074,-0.38277672645947386,0.08787470148681242,100.0,19.0,26,"rango LOO rho [-0.539, -0.383]; cambio máximo 0.088",Sin identidad directa predeclarada; evaluar dependencia por arquitectura y protocolo,"Asociación negativa en rangos; diferencia r−rho=0.001; valorar junto con soporte, empates y sensibilidad",Geometría previa; dependencia del diseño experimental; Normalización por conteo en Y; no fuerza medida en cada celda; LOO no es IC ni validación predictiva; no implica causalidad
Fiber_base,Fracture_observed_sum,26,-0.3371583304934721,-0.38298145210285744,-0.2619130706162287,42.307692307692314,0.0,0.04582312160938534,-0.3798264348713329,-0.26198549590134595,0.07517283459212615,100.0,1.0,26,-0.4596410741541614,-0.31093366781016796,0.07665962205130394,100.0,10.0,26,"rango LOO rho [-0.460, -0.311]; cambio máximo 0.077",Sin identidad directa predeclarada; evaluar dependencia por arquitectura y protocolo,"Asociación negativa en rangos; diferencia r−rho=0.046; valorar junto con soporte, empates y sensibilidad",Geometría previa; dependencia del diseño experimental; Suma observada de longitud variable; no energía total del ensayo; LOO no es IC ni validación predictiva; no implica causalidad
Fiber_base,Fracture_registered_events,26,0.6476674065178049,0.5258356133715814,0.4035730620937727,42.307692307692314,61.53846153846154,0.1218317931462235,0.5533028332246502,0.6875069096993579,0.09436457329315462,100.0,7.0,26,0.4651468057780298,0.5979021944833703,0.07206658111178899,100.0,26.0,26,"rango LOO rho [0.465, 0.598]; cambio máximo 0.072",Sin identidad directa predeclarada; evaluar dependencia por arquitectura y protocolo,"Asociación positiva en rangos; diferencia r−rho=0.122; valorar junto con soporte, empates y sensibilidad","Geometría previa; dependencia del diseño experimental; Disponibilidad de registro, no conteo verificado de todas las fracturas; LOO no es IC ni validación predictiva; no implica causalidad"
Fiber_base,Fracture_initial_share,26,-0.45438957244119677,-0.4690265571531255,-0.34132807439314455,42.307692307692314,3.8461538461538436,0.014636984711928758,-0.5259902147480621,-0.40306846986519146,0.0716006423068653,100.0,12.0,26,-0.5548515703350807,-0.40324813564449113,0.08582501318195518,100.0,12.0,26,"rango LOO rho [-0.555, -0.403]; cambio máximo 0.086",Sin identidad directa predeclarada; evaluar dependencia por arquitectura y protocolo,"Asociación negativa en rangos; diferencia r−rho=0.015; valorar junto con soporte, empates y sensibilidad",Geometría previa; dependencia del diseño experimental; Comparte numerador y denominador con otras respuestas; sensible a cobertura de eventos; LOO no es IC ni validación predictiva; no implica causalidad
Fiber_base,Residual_fraction_cycle1,26,0.12049177649543164,0.1475645379966207,0.0725783207731718,42.307692307692314,0.0,-0.027072761501189063,0.03766475392900513,0.19191300932952302,0.0828270225664265,100.0,1.0,26,0.07918186571563283,0.24305671323584477,0.09549217523922407,100.0,18.0,26,"rango LOO rho [0.079, 0.243]; cambio máximo 0.095",Sin identidad directa predeclarada; evaluar dependencia por arquitectura y protocolo,"Asociación positiva en rangos; diferencia r−rho=-0.027; valorar junto con soporte, empates y sensibilidad",Geometría previa; dependencia del diseño experimental; Amplitud nominal del nombre de columna; no deformación unitaria; LOO no es IC ni validación predictiva; no implica causalidad
Fiber_base,Residual_fraction_cycle2,26,0.20032390474334186,0.2083062199161599,0.12306758739798698,42.307692307692314,0.0,-0.007982315172818055,0.08564098948412115,0.2752297684388953,0.11468291525922071,100.0,1.0,26,0.12475972012755808,0.29277977664609606,0.08447355672993614,100.0,7.0,26,"rango LOO rho [0.125, 0.293]; cambio máximo 0.084",Sin identidad directa predeclarada; evaluar dependencia por arquitectura y protocolo,"Asociación positiva en rangos; diferencia r−rho=-0.008; valorar junto con soporte, empates y sensibilidad",Geometría previa; dependencia del diseño experimental; Amplitud nominal del nombre de columna; no deformación unitaria; LOO no es IC ni validación predictiva; no implica causalidad
Fiber_base,Residual_fraction_cycle3,26,0.09296783811830804,0.09334314961646704,0.05995600411696802,42.307692307692314,0.0,-0.00037531149815900333,-0.023358856552337274,0.1737396139716421,0.11632669467064531,92.3076923076923,1.0,26,-0.004635036041890703,0.17381385157090135,0.09797818565835775,96.15384615384616,1.0,26,"rango LOO rho [-0.005, 0.174]; cambio máximo 0.098",Sin identidad directa predeclarada; evaluar dependencia por arquitectura y protocolo,"Asociación positiva en rangos; diferencia r−rho=-0.000; valorar junto con soporte, empates y sensibilidad",Geometría previa; dependencia del diseño experimental; Amplitud nominal del nombre de columna; no deformación unitaria; LOO no es IC ni validación predictiva; no implica causalidad
Fiber_base,Residual_fraction_cycle4,26,-0.17108706294172402,0.07343909565413216,0.04102252913266233,42.307692307692314,0.0,-0.2445261585958562,-0.29620685433221383,-0.01900869765150718,0.15207836529021684,100.0,7.0,26,-0.03553527632116205,0.16068124945221104,0.10897437197529422,92.3076923076923,1.0,26,"rango LOO rho [-0.036, 0.161]; cambio máximo 0.109",Sin identidad directa predeclarada; evaluar dependencia por arquitectura y protocolo,"Asociación positiva en rangos; diferencia r−rho=-0.245; valorar junto con soporte, empates y sensibilidad",Geometría previa; dependencia del diseño experimental; Amplitud nominal del nombre de columna; no deformación unitaria; LOO no es IC ni validación predictiva; no implica causalidad
Fiber_base,Residual_fraction_cycle5,26,-0.3735809172111828,-0.1964295095953529,-0.14583126938635896,42.307692307692314,7.692307692307687,-0.1771514076158299,-0.518029198604296,-0.2299384411558646,0.14444828139311316,100.0,27.0,26,-0.30154521068873075,-0.10166277215143098,0.10511570109337784,100.0,27.0,26,"rango LOO rho [-0.302, -0.102]; cambio máximo 0.105",Sin identidad directa predeclarada; evaluar dependencia por arquitectura y protocolo,"Asociación negativa en rangos; diferencia r−rho=-0.177; valorar junto con soporte, empates y sensibilidad",Geometría previa; dependencia del diseño experimental; Amplitud nominal del nombre de columna; no deformación unitaria; LOO no es IC ni validación predictiva; no implica causalidad
Fiber_base,Residual_fraction_cycle6,20,-0.4367296630303452,-0.07686606373670174,-0.03279913003283516,40.0,9.999999999999998,-0.3598635992936435,-0.5828734883648207,-0.010707149131500135,0.4260225138988451,100.0,4.0,20,-0.1821805269834826,0.07828566797119162,0.15515173170789337,85.0,4.0,20,"rango LOO rho [-0.182, 0.078]; cambio máximo 0.155",Sin identidad directa predeclarada; evaluar dependencia por arquitectura y protocolo,"Asociación negativa en rangos; diferencia r−rho=-0.360; valorar junto con soporte, empates y sensibilidad",Geometría previa; dependencia del diseño experimental; Amplitud nominal del nombre de columna; no deformación unitaria; LOO no es IC ni validación predictiva; no implica causalidad
Fiber_base,Recovery_complement_cycle6,20,0.43672966303034516,0.07686606373670174,0.03279913003283516,40.0,9.999999999999998,0.3598635992936434,0.010707149131500119,0.5828734883648208,0.42602251389884505,100.0,4.0,20,-0.07828566797119162,0.1821805269834826,0.15515173170789337,85.0,4.0,20,"rango LOO rho [-0.078, 0.182]; cambio máximo 0.155",Sin identidad directa predeclarada; evaluar dependencia por arquitectura y protocolo,"Asociación positiva en rangos; diferencia r−rho=0.360; valorar junto con soporte, empates y sensibilidad",Geometría previa; dependencia del diseño experimental; Proxy complemento nominal; requiere protocolo para interpretar recuperación elástica; LOO no es IC ni validación predictiva; no implica causalidad
Fiber_total_length,First_Failure_Load_N,26,0.9447842946196268,0.9306636625556622,0.8172582891051708,88.46153846153845,0.0,0.014120632063964522,0.9409139141904161,0.9560368424679965,0.01125254784836971,100.0,17.0,26,0.9282830396540712,0.9429903335828894,0.012326671027227176,100.0,17.0,26,"rango LOO rho [0.928, 0.943]; cambio máximo 0.012",Sin identidad directa predeclarada; evaluar dependencia por arquitectura y protocolo,"Asociación positiva en rangos; diferencia r−rho=0.014; valorar junto con soporte, empates y sensibilidad",Geometría previa; dependencia del diseño experimental; Posensayo; excluido de INPUT; LOO no es IC ni validación predictiva; no implica causalidad
Fiber_total_length,Ultimate_Load,26,0.4617772518919521,0.46188761437316467,0.3734981321249876,88.46153846153845,0.0,-0.00011036248121254477,0.40530742059264724,0.5308066941728417,0.06902944228088953,100.0,26.0,26,0.4085752815378835,0.554700196225229,0.09281258185206437,100.0,26.0,26,"rango LOO rho [0.409, 0.555]; cambio máximo 0.093",Sin identidad directa predeclarada; evaluar dependencia por arquitectura y protocolo,"Asociación positiva en rangos; diferencia r−rho=-0.000; valorar junto con soporte, empates y sensibilidad","Geometría previa; dependencia del diseño experimental; Posensayo; excluido de INPUT; fuerza del evento terminal/rotura final, no máximo global (docs/trazabilidad_datos.md); LOO no es IC ni validación predictiva; no implica causalidad"
Fiber_total_length,Maximum_Displacement,26,0.13300785425214712,0.15734633017107807,0.1294300457858868,88.46153846153845,0.0,-0.024338475918930957,0.03180003628174661,0.24635277218887863,0.11334491793673152,100.0,4.0,26,0.08253220687065246,0.252499523990412,0.0951531938193339,100.0,4.0,26,"rango LOO rho [0.083, 0.252]; cambio máximo 0.095",Sin identidad directa predeclarada; evaluar dependencia por arquitectura y protocolo,"Asociación positiva en rangos; diferencia r−rho=-0.024; valorar junto con soporte, empates y sensibilidad",Geometría previa; dependencia del diseño experimental; Posensayo; excluido de INPUT; LOO no es IC ni validación predictiva; no implica causalidad
Fiber_total_length,residual_Displacement_1cycle_10mm,26,-0.562523457786405,-0.5387480337194055,-0.42527015043934235,88.46153846153845,0.0,-0.023775424066999507,-0.6127633559238586,-0.5233079739508633,0.050239898137453554,100.0,6.0,26,-0.6032364633949366,-0.4992301766027062,0.06448842967553114,100.0,26.0,26,"rango LOO rho [-0.603, -0.499]; cambio máximo 0.064",Sin identidad directa predeclarada; evaluar dependencia por arquitectura y protocolo,"Asociación negativa en rangos; diferencia r−rho=-0.024; valorar junto con soporte, empates y sensibilidad",Geometría previa; dependencia del diseño experimental; Posensayo; excluido de INPUT; LOO no es IC ni validación predictiva; no implica causalidad
Fiber_total_length,residual_Displacement_2cycle_20mm,26,-0.6167405064026169,-0.5960307990812266,-0.49183417398636986,88.46153846153845,0.0,-0.020709707321390325,-0.674387655067187,-0.5847449349527505,0.0576471486645701,100.0,7.0,26,-0.6921265269251746,-0.5616339486780444,0.09609572784394804,100.0,7.0,26,"rango LOO rho [-0.692, -0.562]; cambio máximo 0.096",Sin identidad directa predeclarada; evaluar dependencia por arquitectura y protocolo,"Asociación negativa en rangos; diferencia r−rho=-0.021; valorar junto con soporte, empates y sensibilidad",Geometría previa; dependencia del diseño experimental; Posensayo; excluido de INPUT; LOO no es IC ni validación predictiva; no implica causalidad
Fiber_total_length,residual_Displacement_3cycle_30mm,26,-0.38799034768288754,-0.25958518986749285,-0.20339007194925068,88.46153846153845,0.0,-0.1284051578153947,-0.44785155596712106,-0.3145873688092935,0.07340297887359404,100.0,25.0,26,-0.33748318255029175,-0.1941450686788302,0.0778979926827989,100.0,4.0,26,"rango LOO rho [-0.337, -0.194]; cambio máximo 0.078",Sin identidad directa predeclarada; evaluar dependencia por arquitectura y protocolo,"Asociación negativa en rangos; diferencia r−rho=-0.128; valorar junto con soporte, empates y sensibilidad",Geometría previa; dependencia del diseño experimental; Posensayo; excluido de INPUT; LOO no es IC ni validación predictiva; no implica causalidad
Fiber_total_length,residual_Displacement_4cycle_40mm,26,-0.09259242604149438,-0.18997575347844448,-0.16641005886756874,88.46153846153845,0.0,0.09738332743695009,-0.21190173341741586,0.010313022175978844,0.11930930737592148,92.3076923076923,7.0,26,-0.27537973975653346,-0.11787379169786118,0.08540398627808898,100.0,4.0,26,"rango LOO rho [-0.275, -0.118]; cambio máximo 0.085",Sin identidad directa predeclarada; evaluar dependencia por arquitectura y protocolo,"Asociación negativa en rangos; diferencia r−rho=0.097; valorar junto con soporte, empates y sensibilidad",Geometría previa; dependencia del diseño experimental; Posensayo; excluido de INPUT; LOO no es IC ni validación predictiva; no implica causalidad
Fiber_total_length,residual_Displacement_5cycle_50mm,26,0.1906559614920578,0.15781682517642148,0.130031582934249,88.46153846153845,7.692307692307687,0.032839136315636314,0.08803760640227204,0.32216316729563654,0.13150720580357875,100.0,27.0,26,0.07605352759795203,0.26005399759299724,0.10223717241657576,100.0,3.0,26,"rango LOO rho [0.076, 0.260]; cambio máximo 0.102",Sin identidad directa predeclarada; evaluar dependencia por arquitectura y protocolo,"Asociación positiva en rangos; diferencia r−rho=0.033; valorar junto con soporte, empates y sensibilidad",Geometría previa; dependencia del diseño experimental; Posensayo; excluido de INPUT; LOO no es IC ni validación predictiva; no implica causalidad
Fiber_total_length,residual_Displacement_6cycle_60mm,20,0.1490380103178476,0.08964998645395249,0.058245412365712276,85.0,9.999999999999998,0.05938802386389512,-0.1356081813944189,0.2633227620162443,0.2846461917122665,95.0,4.0,20,-0.0430532326728811,0.17382316051886987,0.13270321912683358,95.0,4.0,20,"rango LOO rho [-0.043, 0.174]; cambio máximo 0.133",Sin identidad directa predeclarada; evaluar dependencia por arquitectura y protocolo,"Asociación positiva en rangos; diferencia r−rho=0.059; valorar junto con soporte, empates y sensibilidad",Geometría previa; dependencia del diseño experimental; Posensayo; excluido de INPUT; LOO no es IC ni validación predictiva; no implica causalidad
Fiber_total_length,Dissipated_cycle_1,26,0.4820490672861852,0.4111307336728169,0.2995381059616238,88.46153846153845,0.0,0.0709183336133683,0.4310583233301961,0.5609112958562699,0.07886222857008468,100.0,7.0,26,0.35362137509358355,0.4682272726424145,0.05750935857923334,100.0,19.0,26,"rango LOO rho [0.354, 0.468]; cambio máximo 0.058",Sin identidad directa predeclarada; evaluar dependencia por arquitectura y protocolo,"Asociación positiva en rangos; diferencia r−rho=0.071; valorar junto con soporte, empates y sensibilidad",Geometría previa; dependencia del diseño experimental; Posensayo; unidad corroborada con tesis PDF pp.117/121 (docs/trazabilidad_datos.md); ausencia de energía no demuestra ausencia de evento/ciclo; LOO no es IC ni validación predictiva; no implica causalidad
Fiber_total_length,Dissipated_cycle_2,26,0.6460820997710265,0.6427996391551185,0.5214181844517154,88.46153846153845,0.0,0.0032824606159079783,0.6147010932210805,0.7350946643244602,0.08901256455343376,100.0,26.0,26,0.6104114706175979,0.7488452649040592,0.10604562574894072,100.0,26.0,26,"rango LOO rho [0.610, 0.749]; cambio máximo 0.106",Sin identidad directa predeclarada; evaluar dependencia por arquitectura y protocolo,"Asociación positiva en rangos; diferencia r−rho=0.003; valorar junto con soporte, empates y sensibilidad",Geometría previa; dependencia del diseño experimental; Posensayo; unidad corroborada con tesis PDF pp.117/121 (docs/trazabilidad_datos.md); ausencia de energía no demuestra ausencia de evento/ciclo; LOO no es IC ni validación predictiva; no implica causalidad
Fiber_total_length,Dissipated_cycle_3,26,0.7342803720082894,0.753014580104445,0.6249622210804249,88.46153846153845,0.0,-0.018734208096155558,0.7138662144282644,0.7839881989632085,0.04970782695491904,100.0,26.0,26,0.7338012056420388,0.7973815320737668,0.04436695196932183,100.0,26.0,26,"rango LOO rho [0.734, 0.797]; cambio máximo 0.044",Sin identidad directa predeclarada; evaluar dependencia por arquitectura y protocolo,"Asociación positiva en rangos; diferencia r−rho=-0.019; valorar junto con soporte, empates y sensibilidad",Geometría previa; dependencia del diseño experimental; Posensayo; unidad corroborada con tesis PDF pp.117/121 (docs/trazabilidad_datos.md); ausencia de energía no demuestra ausencia de evento/ciclo; LOO no es IC ni validación predictiva; no implica causalidad
Fiber_total_length,Dissipated_cycle_4,26,0.7201945206023233,0.7352496718593233,0.610170215847752,88.46153846153845,0.0,-0.015055151257000077,0.6990568295464056,0.7736454304042854,0.0534509098019621,100.0,26.0,26,0.7141765026399824,0.7973815320737668,0.0621318602144435,100.0,26.0,26,"rango LOO rho [0.714, 0.797]; cambio máximo 0.062",Sin identidad directa predeclarada; evaluar dependencia por arquitectura y protocolo,"Asociación positiva en rangos; diferencia r−rho=-0.015; valorar junto con soporte, empates y sensibilidad",Geometría previa; dependencia del diseño experimental; Posensayo; unidad corroborada con tesis PDF pp.117/121 (docs/trazabilidad_datos.md); ausencia de energía no demuestra ausencia de evento/ciclo; LOO no es IC ni validación predictiva; no implica causalidad
Fiber_total_length,Dissipated_cycle_5,26,-0.1069620017352364,0.3803140561047486,0.3217261138106329,88.46153846153845,0.0,-0.487276057839985,-0.15706399927161835,0.5341788298089797,0.6411408315442161,96.15384615384616,5.0,26,0.3276773757933825,0.5115362524854301,0.1312221963806815,100.0,5.0,26,"rango LOO rho [0.328, 0.512]; cambio máximo 0.131",Sin identidad directa predeclarada; evaluar dependencia por arquitectura y protocolo,"Asociación positiva en rangos; diferencia r−rho=-0.487; valorar junto con soporte, empates y sensibilidad",Geometría previa; dependencia del diseño experimental; Posensayo; unidad corroborada con tesis PDF pp.117/121 (docs/trazabilidad_datos.md); ausencia de energía no demuestra ausencia de evento/ciclo; LOO no es IC ni validación predictiva; no implica causalidad
Fiber_total_length,Dissipated_cycle_6,20,0.37737881863325007,0.4207542632706956,0.35406584012905135,85.0,0.0,-0.043375444637445526,0.24226113630108786,0.5364324611793073,0.15905364254605725,100.0,4.0,20,0.3383882074590786,0.594569110281206,0.17381484701051036,100.0,4.0,20,"rango LOO rho [0.338, 0.595]; cambio máximo 0.174",Sin identidad directa predeclarada; evaluar dependencia por arquitectura y protocolo,"Asociación positiva en rangos; diferencia r−rho=-0.043; valorar junto con soporte, empates y sensibilidad",Geometría previa; dependencia del diseño experimental; Posensayo; unidad corroborada con tesis PDF pp.117/121 (docs/trazabilidad_datos.md); ausencia de energía no demuestra ausencia de evento/ciclo; LOO no es IC ni validación predictiva; no implica causalidad
Fiber_total_length,Dissipated_cycle_7,7,,,,85.71428571428572,0.0,,,,,,,0,,,,,,0,No identificable: soporte insuficiente o variable constante,Sin identidad directa predeclarada; evaluar dependencia por arquitectura y protocolo,Asociación no identificable con la variación y disponibilidad observadas,Geometría previa; dependencia del diseño experimental; Posensayo; unidad corroborada con tesis PDF pp.117/121 (docs/trazabilidad_datos.md); ausencia de energía no demuestra ausencia de evento/ciclo; LOO no es IC ni validación predictiva; no implica causalidad
Fiber_total_length,Fracture_event_1,26,0.9360285867652794,0.9183369915284348,0.8024662838724982,88.46153846153845,0.0,0.017691595236844604,0.9319387988014535,0.9448104112976144,0.008781824532335003,100.0,4.0,26,0.915208630644859,0.9348202441586774,0.01648325263024253,100.0,4.0,26,"rango LOO rho [0.915, 0.935]; cambio máximo 0.016",Sin identidad directa predeclarada; evaluar dependencia por arquitectura y protocolo,"Asociación positiva en rangos; diferencia r−rho=0.018; valorar junto con soporte, empates y sensibilidad",Geometría previa; dependencia del diseño experimental; Posensayo; unidad corroborada con tesis PDF pp.117/121 (docs/trazabilidad_datos.md); ausencia de energía no demuestra ausencia de evento/ciclo; LOO no es IC ni validación predictiva; no implica causalidad
Fiber_total_length,Fracture_event_2,24,0.5745893439277405,0.5244442517856703,0.4311853233401682,87.5,0.0,0.05014509214207019,0.527398670323667,0.6350188209022458,0.06042947697450529,100.0,19.0,24,0.4788732540558391,0.5855591882058984,0.06111493642022803,100.0,19.0,24,"rango LOO rho [0.479, 0.586]; cambio máximo 0.061",Sin identidad directa predeclarada; evaluar dependencia por arquitectura y protocolo,"Asociación positiva en rangos; diferencia r−rho=0.050; valorar junto con soporte, empates y sensibilidad",Geometría previa; dependencia del diseño experimental; Posensayo; unidad corroborada con tesis PDF pp.117/121 (docs/trazabilidad_datos.md); ausencia de energía no demuestra ausencia de evento/ciclo; LOO no es IC ni validación predictiva; no implica causalidad
Fiber_total_length,Fracture_event_3,22,0.2597054179659434,0.2682430834575627,0.21529207352785967,86.36363636363636,0.0,-0.008537665491619328,0.20024867228286322,0.3604099898689027,0.10070457190295934,100.0,26.0,22,0.18628367592436443,0.41707497965883905,0.14883189620127635,100.0,24.0,22,"rango LOO rho [0.186, 0.417]; cambio máximo 0.149",Sin identidad directa predeclarada; evaluar dependencia por arquitectura y protocolo,"Asociación positiva en rangos; diferencia r−rho=-0.009; valorar junto con soporte, empates y sensibilidad",Geometría previa; dependencia del diseño experimental; Posensayo; unidad corroborada con tesis PDF pp.117/121 (docs/trazabilidad_datos.md); ausencia de energía no demuestra ausencia de evento/ciclo; LOO no es IC ni validación predictiva; no implica causalidad
Fiber_total_length,Fracture_event_4,19,0.2620436606482717,0.432066298789558,0.35566123765262947,84.21052631578947,0.0,-0.17002263814128626,0.1801220485608447,0.5603802734062947,0.298336612758023,100.0,19.0,19,0.38603057889646153,0.6814748799542292,0.24940858116467118,100.0,19.0,19,"rango LOO rho [0.386, 0.681]; cambio máximo 0.249",Sin identidad directa predeclarada; evaluar dependencia por arquitectura y protocolo,"Asociación positiva en rangos; diferencia r−rho=-0.170; valorar junto con soporte, empates y sensibilidad",Geometría previa; dependencia del diseño experimental; Posensayo; unidad corroborada con tesis PDF pp.117/121 (docs/trazabilidad_datos.md); ausencia de energía no demuestra ausencia de evento/ciclo; LOO no es IC ni validación predictiva; no implica causalidad
Fiber_total_length,Fracture_event_5,17,0.3159376470012776,0.28579830697348013,0.24270214453760908,82.35294117647058,0.0,0.030139340027797445,0.13032176043716495,0.5049052135366627,0.18896756653538516,100.0,19.0,17,0.17876273599283826,0.5250148822852727,0.23921657531179258,100.0,19.0,17,"rango LOO rho [0.179, 0.525]; cambio máximo 0.239",Sin identidad directa predeclarada; evaluar dependencia por arquitectura y protocolo,"Asociación positiva en rangos; diferencia r−rho=0.030; valorar junto con soporte, empates y sensibilidad",Geometría previa; dependencia del diseño experimental; Posensayo; unidad corroborada con tesis PDF pp.117/121 (docs/trazabilidad_datos.md); ausencia de energía no demuestra ausencia de evento/ciclo; LOO no es IC ni validación predictiva; no implica causalidad
Fiber_total_length,Fracture_event_6,7,-0.5715661380495028,-0.6573757351339165,-0.5832118435198043,57.14285714285714,0.0,0.0858095970844136,-0.7528342500632899,-0.482327882296256,0.181268112013787,100.0,1.0,7,-0.9258200997725513,-0.41403933560541256,0.26844436463863486,100.0,1.0,7,"rango LOO rho [-0.926, -0.414]; cambio máximo 0.268",Sin identidad directa predeclarada; evaluar dependencia por arquitectura y protocolo,"Asociación negativa en rangos; diferencia r−rho=0.086; valorar junto con soporte, empates y sensibilidad",Geometría previa; dependencia del diseño experimental; Posensayo; unidad corroborada con tesis PDF pp.117/121 (docs/trazabilidad_datos.md); ausencia de energía no demuestra ausencia de evento/ciclo; LOO no es IC ni validación predictiva; no implica causalidad
Fiber_total_length,Fracture_event_7,6,-0.11818587365905421,0.0,0.0,66.66666666666667,0.0,-0.11818587365905421,-0.34189018656105646,0.1890543588279811,0.3072402324870353,66.66666666666666,7.0,6,-0.28867513459481287,0.28867513459481287,0.28867513459481287,,1.0,6,"rango LOO rho [-0.289, 0.289]; cambio máximo 0.289",Sin identidad directa predeclarada; evaluar dependencia por arquitectura y protocolo,"Asociación nula en rangos; diferencia r−rho=-0.118; valorar junto con soporte, empates y sensibilidad",Geometría previa; dependencia del diseño experimental; Posensayo; unidad corroborada con tesis PDF pp.117/121 (docs/trazabilidad_datos.md); ausencia de energía no demuestra ausencia de evento/ciclo; LOO no es IC ni validación predictiva; no implica causalidad
Fiber_total_length,Fracture_event_8,4,-0.25959547487910206,-0.2581988897471611,-0.2357022603955159,50.0,0.0,-0.001396585131940964,-0.5757900197575693,0.2421133745276532,0.5017088494067552,66.66666666666666,4.0,3,-0.8660254037844387,0.0,0.6078265140372776,33.33333333333333,7.0,3,"rango LOO rho [-0.866, 0.000]; cambio máximo 0.608",Sin identidad directa predeclarada; evaluar dependencia por arquitectura y protocolo,"Asociación negativa en rangos; diferencia r−rho=-0.001; valorar junto con soporte, empates y sensibilidad",Geometría previa; dependencia del diseño experimental; Posensayo; unidad corroborada con tesis PDF pp.117/121 (docs/trazabilidad_datos.md); ausencia de energía no demuestra ausencia de evento/ciclo; LOO no es IC ni validación predictiva; no implica causalidad
Fiber_total_length,Fracture_event_9,2,,,,50.0,0.0,,,,,,,0,,,,,,0,No identificable: soporte insuficiente o variable constante,Sin identidad directa predeclarada; evaluar dependencia por arquitectura y protocolo,Asociación no identificable con la variación y disponibilidad observadas,Geometría previa; dependencia del diseño experimental; Posensayo; unidad corroborada con tesis PDF pp.117/121 (docs/trazabilidad_datos.md); ausencia de energía no demuestra ausencia de evento/ciclo; LOO no es IC ni validación predictiva; no implica causalidad
Fiber_total_length,Fracture_event_10,1,,,,0.0,0.0,,,,,,,0,,,,,,0,No identificable: soporte insuficiente o variable constante,Sin identidad directa predeclarada; evaluar dependencia por arquitectura y protocolo,Asociación no identificable con la variación y disponibilidad observadas,Geometría previa; dependencia del diseño experimental; Posensayo; unidad corroborada con tesis PDF pp.117/121 (docs/trazabilidad_datos.md); ausencia de energía no demuestra ausencia de evento/ciclo; LOO no es IC ni validación predictiva; no implica causalidad
Fiber_total_length,Fracture_event_11,1,,,,0.0,0.0,,,,,,,0,,,,,,0,No identificable: soporte insuficiente o variable constante,Sin identidad directa predeclarada; evaluar dependencia por arquitectura y protocolo,Asociación no identificable con la variación y disponibilidad observadas,Geometría previa; dependencia del diseño experimental; Posensayo; unidad corroborada con tesis PDF pp.117/121 (docs/trazabilidad_datos.md); ausencia de energía no demuestra ausencia de evento/ciclo; LOO no es IC ni validación predictiva; no implica causalidad
Fiber_total_length,Fracture_event_12,1,,,,0.0,0.0,,,,,,,0,,,,,,0,No identificable: soporte insuficiente o variable constante,Sin identidad directa predeclarada; evaluar dependencia por arquitectura y protocolo,Asociación no identificable con la variación y disponibilidad observadas,Geometría previa; dependencia del diseño experimental; Posensayo; unidad corroborada con tesis PDF pp.117/121 (docs/trazabilidad_datos.md); ausencia de energía no demuestra ausencia de evento/ciclo; LOO no es IC ni validación predictiva; no implica causalidad
Fiber_total_length,Fracture_event_13,1,,,,0.0,0.0,,,,,,,0,,,,,,0,No identificable: soporte insuficiente o variable constante,Sin identidad directa predeclarada; evaluar dependencia por arquitectura y protocolo,Asociación no identificable con la variación y disponibilidad observadas,Geometría previa; dependencia del diseño experimental; Posensayo; unidad corroborada con tesis PDF pp.117/121 (docs/trazabilidad_datos.md); ausencia de energía no demuestra ausencia de evento/ciclo; LOO no es IC ni validación predictiva; no implica causalidad
Fiber_total_length,Load_ratio_first_over_ultimate,26,0.5751418954278796,0.5547001962252291,0.43266615305567874,88.46153846153845,0.0,0.020441699202650487,0.5394869221099282,0.6259653953459489,0.050823499918069226,100.0,22.0,26,0.5130976815083369,0.6087771694914463,0.05407697326621719,100.0,8.0,26,"rango LOO rho [0.513, 0.609]; cambio máximo 0.054",Sin identidad directa predeclarada; evaluar dependencia por arquitectura y protocolo,"Asociación positiva en rangos; diferencia r−rho=0.020; valorar junto con soporte, empates y sensibilidad",Geometría previa; dependencia del diseño experimental; Cociente primera/rotura final; no factor de seguridad ni reserva de carga; LOO no es IC ni validación predictiva; no implica causalidad
Fiber_total_length,Load_per_specimen_volume,26,0.9385458616474641,0.9121736560148213,0.7950702812561617,88.46153846153845,0.0,0.026372205632642864,0.9342279390434519,0.9506793804631896,0.012133518815725441,100.0,17.0,26,0.9083215713188126,0.9299385642599429,0.01776490824512167,100.0,17.0,26,"rango LOO rho [0.908, 0.930]; cambio máximo 0.018",Sin identidad directa predeclarada; evaluar dependencia por arquitectura y protocolo,"Asociación positiva en rangos; diferencia r−rho=0.026; valorar junto con soporte, empates y sensibilidad",Geometría previa; dependencia del diseño experimental; Índice descriptivo de carga por volumen; no esfuerzo ni resistencia material; LOO no es IC ni validación predictiva; no implica causalidad
Fiber_total_length,Load_per_pivot,26,0.6969922307277923,0.6964569130383432,0.5362101896843882,88.46153846153845,0.0,0.000535317689449033,0.6714612033616119,0.7653795286785747,0.06838729795078247,100.0,3.0,26,0.665640235470275,0.7387041090204933,0.0422471959821501,100.0,3.0,26,"rango LOO rho [0.666, 0.739]; cambio máximo 0.042",Sin identidad directa predeclarada; evaluar dependencia por arquitectura y protocolo,"Asociación positiva en rangos; diferencia r−rho=0.001; valorar junto con soporte, empates y sensibilidad",Geometría previa; dependencia del diseño experimental; No presupone reparto uniforme de cargas entre pivotes; LOO no es IC ni validación predictiva; no implica causalidad
Fiber_total_length,Load_per_cell_Y,26,0.8946147595899792,0.8197236233106164,0.6841302420111159,88.46153846153845,0.0,0.07489113627936272,0.8874670558393786,0.9146502088434492,0.020035449253470006,100.0,17.0,26,0.8043152845265822,0.8563737901034038,0.03665016679278732,100.0,3.0,26,"rango LOO rho [0.804, 0.856]; cambio máximo 0.037",Sin identidad directa predeclarada; evaluar dependencia por arquitectura y protocolo,"Asociación positiva en rangos; diferencia r−rho=0.075; valorar junto con soporte, empates y sensibilidad",Geometría previa; dependencia del diseño experimental; Normalización por conteo en Y; no fuerza medida en cada celda; LOO no es IC ni validación predictiva; no implica causalidad
Fiber_total_length,Fracture_observed_sum,26,0.8011766328198947,0.841476572182194,0.7137142524764615,88.46153846153845,0.0,-0.04029993936229925,0.787428180395498,0.8296779521618128,0.02850131934191813,100.0,4.0,26,0.8302249720849793,0.8630482464798417,0.021571674297647725,100.0,10.0,26,"rango LOO rho [0.830, 0.863]; cambio máximo 0.022",Sin identidad directa predeclarada; evaluar dependencia por arquitectura y protocolo,"Asociación positiva en rangos; diferencia r−rho=-0.040; valorar junto con soporte, empates y sensibilidad",Geometría previa; dependencia del diseño experimental; Suma observada de longitud variable; no energía total del ensayo; LOO no es IC ni validación predictiva; no implica causalidad
Fiber_total_length,Fracture_registered_events,26,-0.5966202771490892,-0.5781419102035025,-0.5012402917417549,88.46153846153845,61.53846153846154,-0.01847836694558669,-0.6664899436190607,-0.5635864204722665,0.0698696664699715,100.0,5.0,26,-0.6611222201684478,-0.5418350186858062,0.08298030996494532,100.0,5.0,26,"rango LOO rho [-0.661, -0.542]; cambio máximo 0.083",Sin identidad directa predeclarada; evaluar dependencia por arquitectura y protocolo,"Asociación negativa en rangos; diferencia r−rho=-0.018; valorar junto con soporte, empates y sensibilidad","Geometría previa; dependencia del diseño experimental; Disponibilidad de registro, no conteo verificado de todas las fracturas; LOO no es IC ni validación predictiva; no implica causalidad"
Fiber_total_length,Fracture_initial_share,26,0.7650044566455072,0.7458911108007701,0.5962962962962962,88.46153846153845,3.8461538461538436,0.019113345844737117,0.7487396145394958,0.7862194331862284,0.021214976540721242,100.0,24.0,26,0.7211102550927978,0.7865203701713147,0.040629259370544624,100.0,10.0,26,"rango LOO rho [0.721, 0.787]; cambio máximo 0.041",Sin identidad directa predeclarada; evaluar dependencia por arquitectura y protocolo,"Asociación positiva en rangos; diferencia r−rho=0.019; valorar junto con soporte, empates y sensibilidad",Geometría previa; dependencia del diseño experimental; Comparte numerador y denominador con otras respuestas; sensible a cobertura de eventos; LOO no es IC ni validación predictiva; no implica causalidad
Fiber_total_length,Residual_fraction_cycle1,26,-0.5625234577864051,-0.5387480337194055,-0.42527015043934235,88.46153846153845,0.0,-0.023775424066999618,-0.6127633559238584,-0.5233079739508633,0.05023989813745333,100.0,6.0,26,-0.6032364633949366,-0.4992301766027062,0.06448842967553114,100.0,26.0,26,"rango LOO rho [-0.603, -0.499]; cambio máximo 0.064",Sin identidad directa predeclarada; evaluar dependencia por arquitectura y protocolo,"Asociación negativa en rangos; diferencia r−rho=-0.024; valorar junto con soporte, empates y sensibilidad",Geometría previa; dependencia del diseño experimental; Amplitud nominal del nombre de columna; no deformación unitaria; LOO no es IC ni validación predictiva; no implica causalidad
Fiber_total_length,Residual_fraction_cycle2,26,-0.616740506402617,-0.5960307990812266,-0.49183417398636986,88.46153846153845,0.0,-0.020709707321390436,-0.6743876550671872,-0.5847449349527506,0.057647148664570214,100.0,7.0,26,-0.6921265269251746,-0.5616339486780444,0.09609572784394804,100.0,7.0,26,"rango LOO rho [-0.692, -0.562]; cambio máximo 0.096",Sin identidad directa predeclarada; evaluar dependencia por arquitectura y protocolo,"Asociación negativa en rangos; diferencia r−rho=-0.021; valorar junto con soporte, empates y sensibilidad",Geometría previa; dependencia del diseño experimental; Amplitud nominal del nombre de columna; no deformación unitaria; LOO no es IC ni validación predictiva; no implica causalidad
Fiber_total_length,Residual_fraction_cycle3,26,-0.3879903476828873,-0.25958518986749285,-0.20339007194925068,88.46153846153845,0.0,-0.12840515781539447,-0.4478515559671209,-0.3145873688092933,0.07340297887359404,100.0,25.0,26,-0.33748318255029175,-0.1941450686788302,0.0778979926827989,100.0,4.0,26,"rango LOO rho [-0.337, -0.194]; cambio máximo 0.078",Sin identidad directa predeclarada; evaluar dependencia por arquitectura y protocolo,"Asociación negativa en rangos; diferencia r−rho=-0.128; valorar junto con soporte, empates y sensibilidad",Geometría previa; dependencia del diseño experimental; Amplitud nominal del nombre de columna; no deformación unitaria; LOO no es IC ni validación predictiva; no implica causalidad
Fiber_total_length,Residual_fraction_cycle4,26,-0.09259242604149448,-0.18997575347844448,-0.16641005886756874,88.46153846153845,0.0,0.09738332743695,-0.211901733417416,0.010313022175978593,0.11930930737592152,92.3076923076923,7.0,26,-0.27537973975653346,-0.11787379169786118,0.08540398627808898,100.0,4.0,26,"rango LOO rho [-0.275, -0.118]; cambio máximo 0.085",Sin identidad directa predeclarada; evaluar dependencia por arquitectura y protocolo,"Asociación negativa en rangos; diferencia r−rho=0.097; valorar junto con soporte, empates y sensibilidad",Geometría previa; dependencia del diseño experimental; Amplitud nominal del nombre de columna; no deformación unitaria; LOO no es IC ni validación predictiva; no implica causalidad
Fiber_total_length,Residual_fraction_cycle5,26,0.19065596149205769,0.15781682517642148,0.130031582934249,88.46153846153845,7.692307692307687,0.0328391363156362,0.08803760640227197,0.32216316729563665,0.13150720580357897,100.0,27.0,26,0.07605352759795203,0.26005399759299724,0.10223717241657576,100.0,3.0,26,"rango LOO rho [0.076, 0.260]; cambio máximo 0.102",Sin identidad directa predeclarada; evaluar dependencia por arquitectura y protocolo,"Asociación positiva en rangos; diferencia r−rho=0.033; valorar junto con soporte, empates y sensibilidad",Geometría previa; dependencia del diseño experimental; Amplitud nominal del nombre de columna; no deformación unitaria; LOO no es IC ni validación predictiva; no implica causalidad
Fiber_total_length,Residual_fraction_cycle6,20,0.14903801031784739,0.08964998645395249,0.058245412365712276,85.0,9.999999999999998,0.0593880238638949,-0.13560818139441913,0.26332276201624416,0.2846461917122665,95.0,4.0,20,-0.0430532326728811,0.17382316051886987,0.13270321912683358,95.0,4.0,20,"rango LOO rho [-0.043, 0.174]; cambio máximo 0.133",Sin identidad directa predeclarada; evaluar dependencia por arquitectura y protocolo,"Asociación positiva en rangos; diferencia r−rho=0.059; valorar junto con soporte, empates y sensibilidad",Geometría previa; dependencia del diseño experimental; Amplitud nominal del nombre de columna; no deformación unitaria; LOO no es IC ni validación predictiva; no implica causalidad
Fiber_total_length,Recovery_complement_cycle6,20,-0.14903801031784739,-0.08964998645395249,-0.058245412365712276,85.0,9.999999999999998,-0.0593880238638949,-0.2633227620162441,0.13560818139441913,0.2846461917122665,95.0,4.0,20,-0.17382316051886987,0.0430532326728811,0.13270321912683358,95.0,4.0,20,"rango LOO rho [-0.174, 0.043]; cambio máximo 0.133",Sin identidad directa predeclarada; evaluar dependencia por arquitectura y protocolo,"Asociación negativa en rangos; diferencia r−rho=-0.059; valorar junto con soporte, empates y sensibilidad",Geometría previa; dependencia del diseño experimental; Proxy complemento nominal; requiere protocolo para interpretar recuperación elástica; LOO no es IC ni validación predictiva; no implica causalidad
Fiber_total_volume,First_Failure_Load_N,26,-0.8455288818540567,-0.8280172493355417,-0.6127115859215582,65.38461538461539,0.0,-0.017511632518515063,-0.8704921338108587,-0.8323042005955257,0.024963251956801935,100.0,17.0,26,-0.8511882522520665,-0.8093119021648916,0.023171002916524852,100.0,17.0,26,"rango LOO rho [-0.851, -0.809]; cambio máximo 0.023",Sin identidad directa predeclarada; evaluar dependencia por arquitectura y protocolo,"Asociación negativa en rangos; diferencia r−rho=-0.018; valorar junto con soporte, empates y sensibilidad",Geometría previa; dependencia del diseño experimental; Posensayo; excluido de INPUT; LOO no es IC ni validación predictiva; no implica causalidad
Fiber_total_volume,Ultimate_Load,26,-0.37008906343069864,-0.3921643806574647,-0.2919201796799047,65.38461538461539,0.0,0.022075317226766034,-0.4652851195176964,-0.2615525654029569,0.10853649802774173,100.0,24.0,26,-0.5052309431304046,-0.32372476086595664,0.11306656247293995,100.0,26.0,26,"rango LOO rho [-0.505, -0.324]; cambio máximo 0.113",Sin identidad directa predeclarada; evaluar dependencia por arquitectura y protocolo,"Asociación negativa en rangos; diferencia r−rho=0.022; valorar junto con soporte, empates y sensibilidad","Geometría previa; dependencia del diseño experimental; Posensayo; excluido de INPUT; fuerza del evento terminal/rotura final, no máximo global (docs/trazabilidad_datos.md); LOO no es IC ni validación predictiva; no implica causalidad"
Fiber_total_volume,Maximum_Displacement,26,-0.17673193499575823,-0.19333015958727645,-0.1571877890584102,65.38461538461539,0.0,0.016598224591518218,-0.2956227571146128,-0.043764634066142914,0.1329673009296153,100.0,24.0,26,-0.2982642091527887,-0.10328994013462331,0.10493404956551222,100.0,27.0,26,"rango LOO rho [-0.298, -0.103]; cambio máximo 0.105",Sin identidad directa predeclarada; evaluar dependencia por arquitectura y protocolo,"Asociación negativa en rangos; diferencia r−rho=0.017; valorar junto con soporte, empates y sensibilidad",Geometría previa; dependencia del diseño experimental; Posensayo; excluido de INPUT; LOO no es IC ni validación predictiva; no implica causalidad
Fiber_total_volume,residual_Displacement_1cycle_10mm,26,0.44611485415249097,0.43585286867807693,0.3111676640544039,65.38461538461539,0.0,0.010261985474414037,0.36620970920424695,0.5113954531068883,0.07990514494824402,100.0,25.0,26,0.37057966046497665,0.5152891395480085,0.07943627086993155,100.0,26.0,26,"rango LOO rho [0.371, 0.515]; cambio máximo 0.079",Sin identidad directa predeclarada; evaluar dependencia por arquitectura y protocolo,"Asociación positiva en rangos; diferencia r−rho=0.010; valorar junto con soporte, empates y sensibilidad",Geometría previa; dependencia del diseño experimental; Posensayo; excluido de INPUT; LOO no es IC ni validación predictiva; no implica causalidad
Fiber_total_volume,residual_Displacement_2cycle_20mm,26,0.6112290983990596,0.5669183327399139,0.4266525703013992,65.38461538461539,0.0,0.04431076565914571,0.5454538616397905,0.6930517852119966,0.08182268681293703,100.0,26.0,26,0.517340048465213,0.6503010837689206,0.08338275102900672,100.0,26.0,26,"rango LOO rho [0.517, 0.650]; cambio máximo 0.083",Sin identidad directa predeclarada; evaluar dependencia por arquitectura y protocolo,"Asociación positiva en rangos; diferencia r−rho=0.044; valorar junto con soporte, empates y sensibilidad",Geometría previa; dependencia del diseño experimental; Posensayo; excluido de INPUT; LOO no es IC ni validación predictiva; no implica causalidad
Fiber_total_volume,residual_Displacement_3cycle_30mm,26,0.5251168842318383,0.34159581578321263,0.227761898431574,65.38461538461539,0.0,0.1835210684486257,0.4344344315608898,0.5817849292133574,0.09068245267094854,100.0,25.0,26,0.2594444853830035,0.4118527969059567,0.08215133040020911,100.0,3.0,26,"rango LOO rho [0.259, 0.412]; cambio máximo 0.082",Sin identidad directa predeclarada; evaluar dependencia por arquitectura y protocolo,"Asociación positiva en rangos; diferencia r−rho=0.184; valorar junto con soporte, empates y sensibilidad",Geometría previa; dependencia del diseño experimental; Posensayo; excluido de INPUT; LOO no es IC ni validación predictiva; no implica causalidad
Fiber_total_volume,residual_Displacement_4cycle_40mm,26,0.33501643396509795,0.3612040348160859,0.2662568671805724,65.38461538461539,0.0,-0.026187600850987924,0.22806766996880976,0.4370340646535601,0.1069487639962882,100.0,25.0,26,0.2811293975941202,0.4478512086655939,0.08664717384950804,100.0,4.0,26,"rango LOO rho [0.281, 0.448]; cambio máximo 0.087",Sin identidad directa predeclarada; evaluar dependencia por arquitectura y protocolo,"Asociación positiva en rangos; diferencia r−rho=-0.026; valorar junto con soporte, empates y sensibilidad",Geometría previa; dependencia del diseño experimental; Posensayo; excluido de INPUT; LOO no es IC ni validación predictiva; no implica causalidad
Fiber_total_volume,residual_Displacement_5cycle_50mm,26,0.05766851665352897,0.013081093419281972,0.016114115579589153,65.38461538461539,7.692307692307687,0.044587423234247,-0.08626259235766347,0.18572633571205496,0.14393110901119244,88.46153846153845,27.0,26,-0.10463277303236215,0.10807840451363265,0.11771386645164413,69.23076923076923,3.0,26,"rango LOO rho [-0.105, 0.108]; cambio máximo 0.118",Sin identidad directa predeclarada; evaluar dependencia por arquitectura y protocolo,"Asociación positiva en rangos; diferencia r−rho=0.045; valorar junto con soporte, empates y sensibilidad",Geometría previa; dependencia del diseño experimental; Posensayo; excluido de INPUT; LOO no es IC ni validación predictiva; no implica causalidad
Fiber_total_volume,residual_Displacement_6cycle_60mm,20,0.06659168339840106,0.12026142817550675,0.11057996468120725,55.00000000000001,9.999999999999998,-0.05366974477710569,-0.0703770450816273,0.3794654636213715,0.31287378022297047,90.0,4.0,20,0.011936568147965981,0.2769260731574845,0.15666464498197777,100.0,4.0,20,"rango LOO rho [0.012, 0.277]; cambio máximo 0.157",Sin identidad directa predeclarada; evaluar dependencia por arquitectura y protocolo,"Asociación positiva en rangos; diferencia r−rho=-0.054; valorar junto con soporte, empates y sensibilidad",Geometría previa; dependencia del diseño experimental; Posensayo; excluido de INPUT; LOO no es IC ni validación predictiva; no implica causalidad
Fiber_total_volume,Dissipated_cycle_1,26,-0.393361827828582,-0.3481318887941704,-0.25342521093090625,65.38461538461539,0.0,-0.04522993903441158,-0.4716664584714243,-0.29198948042326384,0.10137234740531814,100.0,25.0,26,-0.398459319620457,-0.2781478163175811,0.06998407247658928,100.0,25.0,26,"rango LOO rho [-0.398, -0.278]; cambio máximo 0.070",Sin identidad directa predeclarada; evaluar dependencia por arquitectura y protocolo,"Asociación negativa en rangos; diferencia r−rho=-0.045; valorar junto con soporte, empates y sensibilidad",Geometría previa; dependencia del diseño experimental; Posensayo; unidad corroborada con tesis PDF pp.117/121 (docs/trazabilidad_datos.md); ausencia de energía no demuestra ausencia de evento/ciclo; LOO no es IC ni validación predictiva; no implica causalidad
Fiber_total_volume,Dissipated_cycle_2,26,-0.37684428319507385,-0.46922124141822963,-0.3175834921792369,65.38461538461539,0.0,0.09237695822315578,-0.485097337477218,-0.32603800014750045,0.10825305428214416,100.0,26.0,26,-0.5891781978465592,-0.41278779316161457,0.1199569564283296,100.0,26.0,26,"rango LOO rho [-0.589, -0.413]; cambio máximo 0.120",Sin identidad directa predeclarada; evaluar dependencia por arquitectura y protocolo,"Asociación negativa en rangos; diferencia r−rho=0.092; valorar junto con soporte, empates y sensibilidad",Geometría previa; dependencia del diseño experimental; Posensayo; unidad corroborada con tesis PDF pp.117/121 (docs/trazabilidad_datos.md); ausencia de energía no demuestra ausencia de evento/ciclo; LOO no es IC ni validación predictiva; no implica causalidad
Fiber_total_volume,Dissipated_cycle_3,26,-0.5431483990545098,-0.6229909590970776,-0.4523158828007315,65.38461538461539,0.0,0.07984256004256773,-0.6122720094766403,-0.47372470934191213,0.06942368971259771,100.0,25.0,26,-0.6793151118966237,-0.5808458627977691,0.05632415279954617,100.0,26.0,26,"rango LOO rho [-0.679, -0.581]; cambio máximo 0.056",Sin identidad directa predeclarada; evaluar dependencia por arquitectura y protocolo,"Asociación negativa en rangos; diferencia r−rho=0.080; valorar junto con soporte, empates y sensibilidad",Geometría previa; dependencia del diseño experimental; Posensayo; unidad corroborada con tesis PDF pp.117/121 (docs/trazabilidad_datos.md); ausencia de energía no demuestra ausencia de evento/ciclo; LOO no es IC ni validación predictiva; no implica causalidad
Fiber_total_volume,Dissipated_cycle_4,26,-0.5930095260158316,-0.6518872818823646,-0.503642507799396,65.38461538461539,0.0,0.05887775586653299,-0.6708373666985453,-0.539646462340252,0.07782784068271376,100.0,26.0,26,-0.7303798014013814,-0.6129860005392456,0.07849251951901681,100.0,26.0,26,"rango LOO rho [-0.730, -0.613]; cambio máximo 0.078",Sin identidad directa predeclarada; evaluar dependencia por arquitectura y protocolo,"Asociación negativa en rangos; diferencia r−rho=0.059; valorar junto con soporte, empates y sensibilidad",Geometría previa; dependencia del diseño experimental; Posensayo; unidad corroborada con tesis PDF pp.117/121 (docs/trazabilidad_datos.md); ausencia de energía no demuestra ausencia de evento/ciclo; LOO no es IC ni validación predictiva; no implica causalidad
Fiber_total_volume,Dissipated_cycle_5,26,0.12264254785576821,-0.25662686664076195,-0.21493024218190784,65.38461538461539,0.0,0.3792694144965302,-0.37563758191270047,0.17415466883017247,0.4982801297684687,96.15384615384616,5.0,26,-0.3731448272719382,-0.1703814530873456,0.11651796063117625,100.0,5.0,26,"rango LOO rho [-0.373, -0.170]; cambio máximo 0.117",Sin identidad directa predeclarada; evaluar dependencia por arquitectura y protocolo,"Asociación negativa en rangos; diferencia r−rho=0.379; valorar junto con soporte, empates y sensibilidad",Geometría previa; dependencia del diseño experimental; Posensayo; unidad corroborada con tesis PDF pp.117/121 (docs/trazabilidad_datos.md); ausencia de energía no demuestra ausencia de evento/ciclo; LOO no es IC ni validación predictiva; no implica causalidad
Fiber_total_volume,Dissipated_cycle_6,20,-0.19323608123385988,-0.2812834739634229,-0.19799356531368925,55.00000000000001,0.0,0.08804739272956302,-0.34615094632245,-0.09124350716645875,0.15291486508859015,100.0,10.0,20,-0.43029747766962184,-0.1656411660447012,0.14901400370619894,100.0,4.0,20,"rango LOO rho [-0.430, -0.166]; cambio máximo 0.149",Sin identidad directa predeclarada; evaluar dependencia por arquitectura y protocolo,"Asociación negativa en rangos; diferencia r−rho=0.088; valorar junto con soporte, empates y sensibilidad",Geometría previa; dependencia del diseño experimental; Posensayo; unidad corroborada con tesis PDF pp.117/121 (docs/trazabilidad_datos.md); ausencia de energía no demuestra ausencia de evento/ciclo; LOO no es IC ni validación predictiva; no implica causalidad
Fiber_total_volume,Dissipated_cycle_7,7,-0.00342132002377377,-0.17928429140015903,-0.11664236870396087,57.14285714285714,0.0,0.17586297137638526,-0.3382496776690871,0.214668463705579,0.3348283576453133,57.14285714285714,20.0,7,-0.41403933560541256,0.061721339984836754,0.24100563138499578,57.14285714285714,25.0,7,"rango LOO rho [-0.414, 0.062]; cambio máximo 0.241",Sin identidad directa predeclarada; evaluar dependencia por arquitectura y protocolo,"Asociación negativa en rangos; diferencia r−rho=0.176; valorar junto con soporte, empates y sensibilidad",Geometría previa; dependencia del diseño experimental; Posensayo; unidad corroborada con tesis PDF pp.117/121 (docs/trazabilidad_datos.md); ausencia de energía no demuestra ausencia de evento/ciclo; LOO no es IC ni validación predictiva; no implica causalidad
Fiber_total_volume,Fracture_event_1,26,-0.8386265014005239,-0.8135690879428982,-0.593464101547059,65.38461538461539,0.0,-0.025057413457625688,-0.8583085856449972,-0.8234031981982773,0.019682084244473375,100.0,17.0,26,-0.8360921440947994,-0.7945971403073481,0.0225230561519012,100.0,17.0,26,"rango LOO rho [-0.836, -0.795]; cambio máximo 0.023",Sin identidad directa predeclarada; evaluar dependencia por arquitectura y protocolo,"Asociación negativa en rangos; diferencia r−rho=-0.025; valorar junto con soporte, empates y sensibilidad",Geometría previa; dependencia del diseño experimental; Posensayo; unidad corroborada con tesis PDF pp.117/121 (docs/trazabilidad_datos.md); ausencia de energía no demuestra ausencia de evento/ciclo; LOO no es IC ni validación predictiva; no implica causalidad
Fiber_total_volume,Fracture_event_2,24,-0.6332306050718315,-0.5650656112100334,-0.43348413665557145,62.5,0.0,-0.06816499386179808,-0.7040655373027097,-0.5777455337374022,0.07083493223087822,100.0,26.0,24,-0.635200164524426,-0.5154167219184895,0.07013455331439256,100.0,26.0,24,"rango LOO rho [-0.635, -0.515]; cambio máximo 0.070",Sin identidad directa predeclarada; evaluar dependencia por arquitectura y protocolo,"Asociación negativa en rangos; diferencia r−rho=-0.068; valorar junto con soporte, empates y sensibilidad",Geometría previa; dependencia del diseño experimental; Posensayo; unidad corroborada con tesis PDF pp.117/121 (docs/trazabilidad_datos.md); ausencia de energía no demuestra ausencia de evento/ciclo; LOO no es IC ni validación predictiva; no implica causalidad
Fiber_total_volume,Fracture_event_3,22,-0.06270374201674972,-0.23151941317438002,-0.14947436677781573,63.63636363636363,0.0,0.1688156711576303,-0.17825686581796651,0.041571076991339245,0.1155531238012168,90.9090909090909,26.0,22,-0.37881346955877493,-0.11915292586409365,0.1472940563843949,100.0,24.0,22,"rango LOO rho [-0.379, -0.119]; cambio máximo 0.147",Sin identidad directa predeclarada; evaluar dependencia por arquitectura y protocolo,"Asociación negativa en rangos; diferencia r−rho=0.169; valorar junto con soporte, empates y sensibilidad",Geometría previa; dependencia del diseño experimental; Posensayo; unidad corroborada con tesis PDF pp.117/121 (docs/trazabilidad_datos.md); ausencia de energía no demuestra ausencia de evento/ciclo; LOO no es IC ni validación predictiva; no implica causalidad
Fiber_total_volume,Fracture_event_4,19,-0.18718091319418492,-0.32376198452069743,-0.22041550751119351,57.89473684210527,0.0,0.1365810713265125,-0.29800221804901506,-0.08740566351155597,0.11082130485483013,100.0,19.0,19,-0.5054963772038811,-0.25626126172868385,0.18173439268318364,100.0,19.0,19,"rango LOO rho [-0.505, -0.256]; cambio máximo 0.182",Sin identidad directa predeclarada; evaluar dependencia por arquitectura y protocolo,"Asociación negativa en rangos; diferencia r−rho=0.137; valorar junto con soporte, empates y sensibilidad",Geometría previa; dependencia del diseño experimental; Posensayo; unidad corroborada con tesis PDF pp.117/121 (docs/trazabilidad_datos.md); ausencia de energía no demuestra ausencia de evento/ciclo; LOO no es IC ni validación predictiva; no implica causalidad
Fiber_total_volume,Fracture_event_5,17,-0.33938402796786343,-0.26593599408686325,-0.18481233109010922,52.94117647058824,0.0,-0.07344803388100019,-0.49431366950045796,-0.08580930246106461,0.2535747255067988,100.0,24.0,17,-0.4446373174796881,-0.14711048377193273,0.17870132339282485,100.0,19.0,17,"rango LOO rho [-0.445, -0.147]; cambio máximo 0.179",Sin identidad directa predeclarada; evaluar dependencia por arquitectura y protocolo,"Asociación negativa en rangos; diferencia r−rho=-0.073; valorar junto con soporte, empates y sensibilidad",Geometría previa; dependencia del diseño experimental; Posensayo; unidad corroborada con tesis PDF pp.117/121 (docs/trazabilidad_datos.md); ausencia de energía no demuestra ausencia de evento/ciclo; LOO no es IC ni validación predictiva; no implica causalidad
Fiber_total_volume,Fracture_event_6,7,0.4410311681494444,0.4504687313477795,0.48795003647426666,14.28571428571429,0.0,-0.009437563198335108,0.23842704889256564,0.6712746197143765,0.23024345156493214,100.0,1.0,7,0.11595420713048969,0.9856107606091623,0.5351420292613829,100.0,1.0,7,"rango LOO rho [0.116, 0.986]; cambio máximo 0.535",Sin identidad directa predeclarada; evaluar dependencia por arquitectura y protocolo,"Asociación positiva en rangos; diferencia r−rho=-0.009; valorar junto con soporte, empates y sensibilidad",Geometría previa; dependencia del diseño experimental; Posensayo; unidad corroborada con tesis PDF pp.117/121 (docs/trazabilidad_datos.md); ausencia de energía no demuestra ausencia de evento/ciclo; LOO no es IC ni validación predictiva; no implica causalidad
Fiber_total_volume,Fracture_event_7,6,0.06660303465184404,-0.028988551782622423,-0.13801311186847084,16.666666666666664,0.0,0.09559158643446647,-0.2682658843853089,0.29043676519064704,0.33486891903715293,83.33333333333334,1.0,6,-0.5642880936468347,0.30779350562554625,0.5352995418642124,50.0,1.0,6,"rango LOO rho [-0.564, 0.308]; cambio máximo 0.535",Sin identidad directa predeclarada; evaluar dependencia por arquitectura y protocolo,"Asociación negativa en rangos; diferencia r−rho=0.096; valorar junto con soporte, empates y sensibilidad",Geometría previa; dependencia del diseño experimental; Posensayo; unidad corroborada con tesis PDF pp.117/121 (docs/trazabilidad_datos.md); ausencia de energía no demuestra ausencia de evento/ciclo; LOO no es IC ni validación predictiva; no implica causalidad
Fiber_total_volume,Fracture_event_8,4,0.35168580596836324,0.5999999999999999,0.3333333333333334,0.0,0.0,-0.24831419403163663,0.2646174130907863,0.6111757843935415,0.25948997842517824,100.0,1.0,4,0.4999999999999999,0.4999999999999999,0.09999999999999998,100.0,1.0,4,"rango LOO rho [0.500, 0.500]; cambio máximo 0.100",Sin identidad directa predeclarada; evaluar dependencia por arquitectura y protocolo,"Asociación positiva en rangos; diferencia r−rho=-0.248; valorar junto con soporte, empates y sensibilidad",Geometría previa; dependencia del diseño experimental; Posensayo; unidad corroborada con tesis PDF pp.117/121 (docs/trazabilidad_datos.md); ausencia de energía no demuestra ausencia de evento/ciclo; LOO no es IC ni validación predictiva; no implica causalidad
Fiber_total_volume,Fracture_event_9,2,,,,0.0,0.0,,,,,,,0,,,,,,0,No identificable: soporte insuficiente o variable constante,Sin identidad directa predeclarada; evaluar dependencia por arquitectura y protocolo,Asociación no identificable con la variación y disponibilidad observadas,Geometría previa; dependencia del diseño experimental; Posensayo; unidad corroborada con tesis PDF pp.117/121 (docs/trazabilidad_datos.md); ausencia de energía no demuestra ausencia de evento/ciclo; LOO no es IC ni validación predictiva; no implica causalidad
Fiber_total_volume,Fracture_event_10,1,,,,0.0,0.0,,,,,,,0,,,,,,0,No identificable: soporte insuficiente o variable constante,Sin identidad directa predeclarada; evaluar dependencia por arquitectura y protocolo,Asociación no identificable con la variación y disponibilidad observadas,Geometría previa; dependencia del diseño experimental; Posensayo; unidad corroborada con tesis PDF pp.117/121 (docs/trazabilidad_datos.md); ausencia de energía no demuestra ausencia de evento/ciclo; LOO no es IC ni validación predictiva; no implica causalidad
Fiber_total_volume,Fracture_event_11,1,,,,0.0,0.0,,,,,,,0,,,,,,0,No identificable: soporte insuficiente o variable constante,Sin identidad directa predeclarada; evaluar dependencia por arquitectura y protocolo,Asociación no identificable con la variación y disponibilidad observadas,Geometría previa; dependencia del diseño experimental; Posensayo; unidad corroborada con tesis PDF pp.117/121 (docs/trazabilidad_datos.md); ausencia de energía no demuestra ausencia de evento/ciclo; LOO no es IC ni validación predictiva; no implica causalidad
Fiber_total_volume,Fracture_event_12,1,,,,0.0,0.0,,,,,,,0,,,,,,0,No identificable: soporte insuficiente o variable constante,Sin identidad directa predeclarada; evaluar dependencia por arquitectura y protocolo,Asociación no identificable con la variación y disponibilidad observadas,Geometría previa; dependencia del diseño experimental; Posensayo; unidad corroborada con tesis PDF pp.117/121 (docs/trazabilidad_datos.md); ausencia de energía no demuestra ausencia de evento/ciclo; LOO no es IC ni validación predictiva; no implica causalidad
Fiber_total_volume,Fracture_event_13,1,,,,0.0,0.0,,,,,,,0,,,,,,0,No identificable: soporte insuficiente o variable constante,Sin identidad directa predeclarada; evaluar dependencia por arquitectura y protocolo,Asociación no identificable con la variación y disponibilidad observadas,Geometría previa; dependencia del diseño experimental; Posensayo; unidad corroborada con tesis PDF pp.117/121 (docs/trazabilidad_datos.md); ausencia de energía no demuestra ausencia de evento/ciclo; LOO no es IC ni validación predictiva; no implica causalidad
Fiber_total_volume,Load_ratio_first_over_ultimate,26,-0.5667581201013155,-0.5290779100448953,-0.3945734296772338,65.38461538461539,0.0,-0.037680210056420194,-0.6409256319341511,-0.4864983567765223,0.08025976332479323,100.0,26.0,26,-0.5856965144712348,-0.47699062241944024,0.05661860442633948,100.0,24.0,26,"rango LOO rho [-0.586, -0.477]; cambio máximo 0.057",Sin identidad directa predeclarada; evaluar dependencia por arquitectura y protocolo,"Asociación negativa en rangos; diferencia r−rho=-0.038; valorar junto con soporte, empates y sensibilidad",Geometría previa; dependencia del diseño experimental; Cociente primera/rotura final; no factor de seguridad ni reserva de carga; LOO no es IC ni validación predictiva; no implica causalidad
Fiber_total_volume,Load_per_specimen_volume,26,-0.8408210929302748,-0.8063450072465764,-0.5998799296718921,65.38461538461539,0.0,-0.03447608568369842,-0.8670957320661636,-0.8273127782975117,0.02627463913588879,100.0,17.0,26,-0.8341567456130984,-0.7856908370777823,0.027811738366521954,100.0,17.0,26,"rango LOO rho [-0.834, -0.786]; cambio máximo 0.028",Sin identidad directa predeclarada; evaluar dependencia por arquitectura y protocolo,"Asociación negativa en rangos; diferencia r−rho=-0.034; valorar junto con soporte, empates y sensibilidad",Geometría previa; dependencia del diseño experimental; Índice descriptivo de carga por volumen; no esfuerzo ni resistencia material; LOO no es IC ni validación predictiva; no implica causalidad
Fiber_total_volume,Load_per_pivot,26,-0.5986977861496584,-0.6037267439068864,-0.36891011717790156,65.38461538461539,0.0,0.005028957757228003,-0.675774803861017,-0.5530371569119387,0.07707701771135855,100.0,3.0,26,-0.6528707497846924,-0.5599354117370494,0.049144005877805985,100.0,3.0,26,"rango LOO rho [-0.653, -0.560]; cambio máximo 0.049",Sin identidad directa predeclarada; evaluar dependencia por arquitectura y protocolo,"Asociación negativa en rangos; diferencia r−rho=0.005; valorar junto con soporte, empates y sensibilidad",Geometría previa; dependencia del diseño experimental; No presupone reparto uniforme de cargas entre pivotes; LOO no es IC ni validación predictiva; no implica causalidad
Fiber_total_volume,Load_per_cell_Y,26,-0.7907652816986456,-0.7021118429139346,-0.49722667967456285,65.38461538461539,0.0,-0.08865343878471099,-0.827823748768492,-0.770199989005352,0.03705846706984639,100.0,17.0,26,-0.7504528547347176,-0.669908895093427,0.048341011820782986,100.0,3.0,26,"rango LOO rho [-0.750, -0.670]; cambio máximo 0.048",Sin identidad directa predeclarada; evaluar dependencia por arquitectura y protocolo,"Asociación negativa en rangos; diferencia r−rho=-0.089; valorar junto con soporte, empates y sensibilidad",Geometría previa; dependencia del diseño experimental; Normalización por conteo en Y; no fuerza medida en cada celda; LOO no es IC ni validación predictiva; no implica causalidad
Fiber_total_volume,Fracture_observed_sum,26,-0.7005382091876934,-0.7691925922369219,-0.5870482734222259,65.38461538461539,0.0,0.06865438304922855,-0.7448960220889395,-0.6555801398762642,0.044958069311429205,100.0,24.0,26,-0.8066740871729453,-0.7438699349563429,0.037481494936023374,100.0,10.0,26,"rango LOO rho [-0.807, -0.744]; cambio máximo 0.037",Sin identidad directa predeclarada; evaluar dependencia por arquitectura y protocolo,"Asociación negativa en rangos; diferencia r−rho=0.069; valorar junto con soporte, empates y sensibilidad",Geometría previa; dependencia del diseño experimental; Suma observada de longitud variable; no energía total del ensayo; LOO no es IC ni validación predictiva; no implica causalidad
Fiber_total_volume,Fracture_registered_events,26,0.5428614933953984,0.5585005419231766,0.46286451252451233,65.38461538461539,61.53846153846154,-0.0156390485277782,0.48937335025364986,0.6039419868266687,0.06108049343127031,100.0,26.0,26,0.5164233255073071,0.6545954239579048,0.09609488203472827,100.0,26.0,26,"rango LOO rho [0.516, 0.655]; cambio máximo 0.096",Sin identidad directa predeclarada; evaluar dependencia por arquitectura y protocolo,"Asociación positiva en rangos; diferencia r−rho=-0.016; valorar junto con soporte, empates y sensibilidad","Geometría previa; dependencia del diseño experimental; Disponibilidad de registro, no conteo verificado de todas las fracturas; LOO no es IC ni validación predictiva; no implica causalidad"
Fiber_total_volume,Fracture_initial_share,26,-0.70598217858345,-0.7326814383881177,-0.5204834387696162,65.38461538461539,3.8461538461538436,0.026699259804667697,-0.745531153075164,-0.6605332960374387,0.045448882546011315,100.0,27.0,26,-0.7632744189933055,-0.7017169081538759,0.030964530234241838,100.0,16.0,26,"rango LOO rho [-0.763, -0.702]; cambio máximo 0.031",Sin identidad directa predeclarada; evaluar dependencia por arquitectura y protocolo,"Asociación negativa en rangos; diferencia r−rho=0.027; valorar junto con soporte, empates y sensibilidad",Geometría previa; dependencia del diseño experimental; Comparte numerador y denominador con otras respuestas; sensible a cobertura de eventos; LOO no es IC ni validación predictiva; no implica causalidad
Fiber_total_volume,Residual_fraction_cycle1,26,0.446114854152491,0.43585286867807693,0.3111676640544039,65.38461538461539,0.0,0.010261985474414093,0.3662097092042471,0.5113954531068883,0.07990514494824391,100.0,25.0,26,0.37057966046497665,0.5152891395480085,0.07943627086993155,100.0,26.0,26,"rango LOO rho [0.371, 0.515]; cambio máximo 0.079",Sin identidad directa predeclarada; evaluar dependencia por arquitectura y protocolo,"Asociación positiva en rangos; diferencia r−rho=0.010; valorar junto con soporte, empates y sensibilidad",Geometría previa; dependencia del diseño experimental; Amplitud nominal del nombre de columna; no deformación unitaria; LOO no es IC ni validación predictiva; no implica causalidad
Fiber_total_volume,Residual_fraction_cycle2,26,0.6112290983990597,0.5669183327399139,0.4266525703013992,65.38461538461539,0.0,0.04431076565914582,0.5454538616397906,0.6930517852119966,0.08182268681293692,100.0,26.0,26,0.517340048465213,0.6503010837689206,0.08338275102900672,100.0,26.0,26,"rango LOO rho [0.517, 0.650]; cambio máximo 0.083",Sin identidad directa predeclarada; evaluar dependencia por arquitectura y protocolo,"Asociación positiva en rangos; diferencia r−rho=0.044; valorar junto con soporte, empates y sensibilidad",Geometría previa; dependencia del diseño experimental; Amplitud nominal del nombre de columna; no deformación unitaria; LOO no es IC ni validación predictiva; no implica causalidad
Fiber_total_volume,Residual_fraction_cycle3,26,0.5251168842318382,0.34159581578321263,0.227761898431574,65.38461538461539,0.0,0.1835210684486256,0.4344344315608894,0.5817849292133573,0.09068245267094882,100.0,25.0,26,0.2594444853830035,0.4118527969059567,0.08215133040020911,100.0,3.0,26,"rango LOO rho [0.259, 0.412]; cambio máximo 0.082",Sin identidad directa predeclarada; evaluar dependencia por arquitectura y protocolo,"Asociación positiva en rangos; diferencia r−rho=0.184; valorar junto con soporte, empates y sensibilidad",Geometría previa; dependencia del diseño experimental; Amplitud nominal del nombre de columna; no deformación unitaria; LOO no es IC ni validación predictiva; no implica causalidad
Fiber_total_volume,Residual_fraction_cycle4,26,0.3350164339650981,0.3612040348160859,0.2662568671805724,65.38461538461539,0.0,-0.026187600850987758,0.22806766996881,0.4370340646535603,0.10694876399628811,100.0,25.0,26,0.2811293975941202,0.4478512086655939,0.08664717384950804,100.0,4.0,26,"rango LOO rho [0.281, 0.448]; cambio máximo 0.087",Sin identidad directa predeclarada; evaluar dependencia por arquitectura y protocolo,"Asociación positiva en rangos; diferencia r−rho=-0.026; valorar junto con soporte, empates y sensibilidad",Geometría previa; dependencia del diseño experimental; Amplitud nominal del nombre de columna; no deformación unitaria; LOO no es IC ni validación predictiva; no implica causalidad
Fiber_total_volume,Residual_fraction_cycle5,26,0.05766851665352902,0.013081093419281972,0.016114115579589153,65.38461538461539,7.692307692307687,0.044587423234247046,-0.0862625923576634,0.18572633571205505,0.1439311090111924,88.46153846153845,27.0,26,-0.10463277303236215,0.10807840451363265,0.11771386645164413,69.23076923076923,3.0,26,"rango LOO rho [-0.105, 0.108]; cambio máximo 0.118",Sin identidad directa predeclarada; evaluar dependencia por arquitectura y protocolo,"Asociación positiva en rangos; diferencia r−rho=0.045; valorar junto con soporte, empates y sensibilidad",Geometría previa; dependencia del diseño experimental; Amplitud nominal del nombre de columna; no deformación unitaria; LOO no es IC ni validación predictiva; no implica causalidad
Fiber_total_volume,Residual_fraction_cycle6,20,0.06659168339840127,0.12026142817550675,0.11057996468120725,55.00000000000001,9.999999999999998,-0.05366974477710548,-0.07037704508162713,0.3794654636213717,0.3128737802229704,90.0,4.0,20,0.011936568147965981,0.2769260731574845,0.15666464498197777,100.0,4.0,20,"rango LOO rho [0.012, 0.277]; cambio máximo 0.157",Sin identidad directa predeclarada; evaluar dependencia por arquitectura y protocolo,"Asociación positiva en rangos; diferencia r−rho=-0.054; valorar junto con soporte, empates y sensibilidad",Geometría previa; dependencia del diseño experimental; Amplitud nominal del nombre de columna; no deformación unitaria; LOO no es IC ni validación predictiva; no implica causalidad
Fiber_total_volume,Recovery_complement_cycle6,20,-0.06659168339840126,-0.12026142817550675,-0.11057996468120725,55.00000000000001,9.999999999999998,0.053669744777105496,-0.37946546362137173,0.07037704508162712,0.31287378022297047,90.0,4.0,20,-0.2769260731574845,-0.011936568147965981,0.15666464498197777,100.0,4.0,20,"rango LOO rho [-0.277, -0.012]; cambio máximo 0.157",Sin identidad directa predeclarada; evaluar dependencia por arquitectura y protocolo,"Asociación negativa en rangos; diferencia r−rho=0.054; valorar junto con soporte, empates y sensibilidad",Geometría previa; dependencia del diseño experimental; Proxy complemento nominal; requiere protocolo para interpretar recuperación elástica; LOO no es IC ni validación predictiva; no implica causalidad
Pivot_height,First_Failure_Load_N,26,-0.08940341926810873,-0.14828260147458738,-0.11463804055321403,88.46153846153845,0.0,0.058879182206478656,-0.1716604703889476,-0.017617834198681397,0.08225705112083888,100.0,23.0,26,-0.2533166745534878,-0.08988656193833436,0.10503407307890039,100.0,1.0,26,"rango LOO rho [-0.253, -0.090]; cambio máximo 0.105",Sin identidad directa predeclarada; evaluar dependencia por arquitectura y protocolo,"Asociación negativa en rangos; diferencia r−rho=0.059; valorar junto con soporte, empates y sensibilidad",Geometría previa; dependencia del diseño experimental; Posensayo; excluido de INPUT; LOO no es IC ni validación predictiva; no implica causalidad
Pivot_height,Ultimate_Load,26,0.029122603677014785,0.006888433809332911,0.0036980013081681943,88.46153846153845,0.0,0.022234169867681876,-0.08987796041480967,0.1392129709433148,0.11900056409182445,84.61538461538461,24.0,26,-0.07354355067681903,0.0970725343394151,0.09018410053008219,53.84615384615385,8.0,26,"rango LOO rho [-0.074, 0.097]; cambio máximo 0.090",Sin identidad directa predeclarada; evaluar dependencia por arquitectura y protocolo,"Asociación positiva en rangos; diferencia r−rho=0.022; valorar junto con soporte, empates y sensibilidad","Geometría previa; dependencia del diseño experimental; Posensayo; excluido de INPUT; fuerza del evento terminal/rotura final, no máximo global (docs/trazabilidad_datos.md); LOO no es IC ni validación predictiva; no implica causalidad"
Pivot_height,Maximum_Displacement,26,0.03932093429104777,0.021752948871577613,0.02588600915717736,88.46153846153845,0.0,0.017567985419470158,-0.06823311236570352,0.11198359680562023,0.10755404665675129,88.46153846153845,24.0,26,-0.062403772075338274,0.0970725343394151,0.08415672094691588,76.92307692307693,24.0,26,"rango LOO rho [-0.062, 0.097]; cambio máximo 0.084",Sin identidad directa predeclarada; evaluar dependencia por arquitectura y protocolo,"Asociación positiva en rangos; diferencia r−rho=0.018; valorar junto con soporte, empates y sensibilidad",Geometría previa; dependencia del diseño experimental; Posensayo; excluido de INPUT; LOO no es IC ni validación predictiva; no implica causalidad
Pivot_height,residual_Displacement_1cycle_10mm,26,0.2981044812143383,0.2976528503927537,0.247766087647269,88.46153846153845,0.0,0.0004516308215846143,0.20755884379075742,0.4069500001102064,0.10884551889586808,100.0,3.0,26,0.23574758339572235,0.40694098041173193,0.10928813001897825,100.0,3.0,26,"rango LOO rho [0.236, 0.407]; cambio máximo 0.109",Sin identidad directa predeclarada; evaluar dependencia por arquitectura y protocolo,"Asociación positiva en rangos; diferencia r−rho=0.000; valorar junto con soporte, empates y sensibilidad",Geometría previa; dependencia del diseño experimental; Posensayo; excluido de INPUT; LOO no es IC ni validación predictiva; no implica causalidad
Pivot_height,residual_Displacement_2cycle_20mm,26,0.048983994928152835,0.014501965914385075,0.02588600915717736,88.46153846153845,0.0,0.03448202901376776,-0.08889433814533466,0.15310281992003813,0.1378783330734875,92.3076923076923,25.0,26,-0.07762930349219786,0.09233801362756167,0.09213126940658294,69.23076923076923,25.0,26,"rango LOO rho [-0.078, 0.092]; cambio máximo 0.092",Sin identidad directa predeclarada; evaluar dependencia por arquitectura y protocolo,"Asociación positiva en rangos; diferencia r−rho=0.034; valorar junto con soporte, empates y sensibilidad",Geometría previa; dependencia del diseño experimental; Posensayo; excluido de INPUT; LOO no es IC ni validación predictiva; no implica causalidad
Pivot_height,residual_Displacement_3cycle_30mm,26,-0.1422021980766116,-0.15009534721388554,-0.11463804055321403,88.46153846153845,0.0,0.00789314913727393,-0.34958368829923825,-0.03482824732531433,0.20738149022262664,100.0,25.0,26,-0.2574024273688666,-0.07354355067681903,0.10730708015498105,100.0,25.0,26,"rango LOO rho [-0.257, -0.074]; cambio máximo 0.107",Sin identidad directa predeclarada; evaluar dependencia por arquitectura y protocolo,"Asociación negativa en rangos; diferencia r−rho=0.008; valorar junto con soporte, empates y sensibilidad",Geometría previa; dependencia del diseño experimental; Posensayo; excluido de INPUT; LOO no es IC ni validación predictiva; no implica causalidad
Pivot_height,residual_Displacement_4cycle_40mm,26,-0.40973475482886557,-0.46079996692958575,-0.3956861399739968,88.46153846153845,0.0,0.05106521210072018,-0.5902175687198373,-0.3541250802724685,0.18048281389097176,100.0,25.0,26,-0.5973370616083856,-0.4134781849163381,0.13653709467879988,100.0,25.0,26,"rango LOO rho [-0.597, -0.413]; cambio máximo 0.137",Sin identidad directa predeclarada; evaluar dependencia por arquitectura y protocolo,"Asociación negativa en rangos; diferencia r−rho=0.051; valorar junto con soporte, empates y sensibilidad",Geometría previa; dependencia del diseño experimental; Posensayo; excluido de INPUT; LOO no es IC ni validación predictiva; no implica causalidad
Pivot_height,residual_Displacement_5cycle_50mm,26,-0.3887305191992552,-0.3718672317375449,-0.29349985862301914,88.46153846153845,7.692307692307687,-0.01686328746171034,-0.4803214021322035,-0.330019739518545,0.09159088293294826,100.0,25.0,26,-0.4514144863878443,-0.3156630285248332,0.07954725465029944,100.0,25.0,26,"rango LOO rho [-0.451, -0.316]; cambio máximo 0.080",Sin identidad directa predeclarada; evaluar dependencia por arquitectura y protocolo,"Asociación negativa en rangos; diferencia r−rho=-0.017; valorar junto con soporte, empates y sensibilidad",Geometría previa; dependencia del diseño experimental; Posensayo; excluido de INPUT; LOO no es IC ni validación predictiva; no implica causalidad
Pivot_height,residual_Displacement_6cycle_60mm,20,-0.13132958160495503,-0.21581213422209475,-0.17707338366532552,85.0,9.999999999999998,0.08448255261713972,-0.2403826557545199,-0.018478464697142667,0.11285111690781237,100.0,27.0,20,-0.3207001165161162,-0.12706985748751773,0.10488798229402144,100.0,10.0,20,"rango LOO rho [-0.321, -0.127]; cambio máximo 0.105",Sin identidad directa predeclarada; evaluar dependencia por arquitectura y protocolo,"Asociación negativa en rangos; diferencia r−rho=0.084; valorar junto con soporte, empates y sensibilidad",Geometría previa; dependencia del diseño experimental; Posensayo; excluido de INPUT; LOO no es IC ni validación predictiva; no implica causalidad
Pivot_height,Dissipated_cycle_1,26,-0.15960190616287545,-0.1323304389687638,-0.10724203793687763,88.46153846153845,0.0,-0.027271467194111637,-0.2404221695244085,-0.054128672791720685,0.10547323337115477,100.0,25.0,26,-0.21164199583662363,-0.04821188322147025,0.08411855574729357,100.0,25.0,26,"rango LOO rho [-0.212, -0.048]; cambio máximo 0.084",Sin identidad directa predeclarada; evaluar dependencia por arquitectura y protocolo,"Asociación negativa en rangos; diferencia r−rho=-0.027; valorar junto con soporte, empates y sensibilidad",Geometría previa; dependencia del diseño experimental; Posensayo; unidad corroborada con tesis PDF pp.117/121 (docs/trazabilidad_datos.md); ausencia de energía no demuestra ausencia de evento/ciclo; LOO no es IC ni validación predictiva; no implica causalidad
Pivot_height,Dissipated_cycle_2,26,-0.47485487403844384,-0.4288956419179386,-0.3439141216596421,88.46153846153845,0.0,-0.04595923212050523,-0.5641640225750797,-0.41446300201504377,0.08930914853663585,100.0,3.0,26,-0.5344164682515515,-0.3783407107040801,0.10552082633361293,100.0,3.0,26,"rango LOO rho [-0.534, -0.378]; cambio máximo 0.106",Sin identidad directa predeclarada; evaluar dependencia por arquitectura y protocolo,"Asociación negativa en rangos; diferencia r−rho=-0.046; valorar junto con soporte, empates y sensibilidad",Geometría previa; dependencia del diseño experimental; Posensayo; unidad corroborada con tesis PDF pp.117/121 (docs/trazabilidad_datos.md); ausencia de energía no demuestra ausencia de evento/ciclo; LOO no es IC ni validación predictiva; no implica causalidad
Pivot_height,Dissipated_cycle_3,26,-0.41044207924657466,-0.3578360089374517,-0.28474610072895096,88.46153846153845,0.0,-0.052606070309122954,-0.5247292328461827,-0.34680668066242143,0.114287153599608,100.0,3.0,26,-0.4690444232054902,-0.2990771060857307,0.11120841426803851,100.0,3.0,26,"rango LOO rho [-0.469, -0.299]; cambio máximo 0.111",Sin identidad directa predeclarada; evaluar dependencia por arquitectura y protocolo,"Asociación negativa en rangos; diferencia r−rho=-0.053; valorar junto con soporte, empates y sensibilidad",Geometría previa; dependencia del diseño experimental; Posensayo; unidad corroborada con tesis PDF pp.117/121 (docs/trazabilidad_datos.md); ausencia de energía no demuestra ausencia de evento/ciclo; LOO no es IC ni validación predictiva; no implica causalidad
Pivot_height,Dissipated_cycle_4,26,-0.21070914268979535,-0.18018692648623455,-0.12203404316955042,88.46153846153845,0.0,-0.030522216203560798,-0.3059022450394893,-0.1205609500596463,0.09519310234969397,100.0,3.0,26,-0.2745625891934577,-0.10459527207369818,0.09437566270722317,100.0,1.0,26,"rango LOO rho [-0.275, -0.105]; cambio máximo 0.094",Sin identidad directa predeclarada; evaluar dependencia por arquitectura y protocolo,"Asociación negativa en rangos; diferencia r−rho=-0.031; valorar junto con soporte, empates y sensibilidad",Geometría previa; dependencia del diseño experimental; Posensayo; unidad corroborada con tesis PDF pp.117/121 (docs/trazabilidad_datos.md); ausencia de energía no demuestra ausencia de evento/ciclo; LOO no es IC ni validación predictiva; no implica causalidad
Pivot_height,Dissipated_cycle_5,26,-0.08771420868390507,-0.3480471819452418,-0.26995409549627813,88.46153846153845,0.0,0.26033297326133675,-0.29765901295981734,-0.049421555682327103,0.20994480427591228,100.0,5.0,26,-0.46169006813780833,-0.2912176030182453,0.11364288619256652,100.0,3.0,26,"rango LOO rho [-0.462, -0.291]; cambio máximo 0.114",Sin identidad directa predeclarada; evaluar dependencia por arquitectura y protocolo,"Asociación negativa en rangos; diferencia r−rho=0.260; valorar junto con soporte, empates y sensibilidad",Geometría previa; dependencia del diseño experimental; Posensayo; unidad corroborada con tesis PDF pp.117/121 (docs/trazabilidad_datos.md); ausencia de energía no demuestra ausencia de evento/ciclo; LOO no es IC ni validación predictiva; no implica causalidad
Pivot_height,Dissipated_cycle_6,20,-0.39318386343798695,-0.3475908187340276,-0.2956618138879816,85.0,0.0,-0.04559304470395936,-0.511964637249865,-0.2951926177831275,0.11878077381187802,100.0,3.0,20,-0.4836508334066744,-0.2649327505134566,0.13606001467264683,100.0,3.0,20,"rango LOO rho [-0.484, -0.265]; cambio máximo 0.136",Sin identidad directa predeclarada; evaluar dependencia por arquitectura y protocolo,"Asociación negativa en rangos; diferencia r−rho=-0.046; valorar junto con soporte, empates y sensibilidad",Geometría previa; dependencia del diseño experimental; Posensayo; unidad corroborada con tesis PDF pp.117/121 (docs/trazabilidad_datos.md); ausencia de energía no demuestra ausencia de evento/ciclo; LOO no es IC ni validación predictiva; no implica causalidad
Pivot_height,Dissipated_cycle_7,7,-0.2355401948856805,-0.13228756555322954,-0.1091089451179962,57.14285714285714,0.0,-0.10325262933245097,-0.609004805493708,0.05401460496333733,0.37346461060802744,85.71428571428571,27.0,7,-0.5976143046671968,0.09258200997725513,0.46532673911396727,57.14285714285714,27.0,7,"rango LOO rho [-0.598, 0.093]; cambio máximo 0.465",Sin identidad directa predeclarada; evaluar dependencia por arquitectura y protocolo,"Asociación negativa en rangos; diferencia r−rho=-0.103; valorar junto con soporte, empates y sensibilidad",Geometría previa; dependencia del diseño experimental; Posensayo; unidad corroborada con tesis PDF pp.117/121 (docs/trazabilidad_datos.md); ausencia de energía no demuestra ausencia de evento/ciclo; LOO no es IC ni validación predictiva; no implica causalidad
Pivot_height,Fracture_event_1,26,-0.08328332017831955,-0.15480848613606069,-0.1294300457858868,88.46153846153845,0.0,0.07152516595774114,-0.16267032995039024,-0.010578054017695775,0.0793870097720707,100.0,23.0,26,-0.2541338251165635,-0.09724091700601627,0.09932533898050283,100.0,1.0,26,"rango LOO rho [-0.254, -0.097]; cambio máximo 0.099",Sin identidad directa predeclarada; evaluar dependencia por arquitectura y protocolo,"Asociación negativa en rangos; diferencia r−rho=0.072; valorar junto con soporte, empates y sensibilidad",Geometría previa; dependencia del diseño experimental; Posensayo; unidad corroborada con tesis PDF pp.117/121 (docs/trazabilidad_datos.md); ausencia de energía no demuestra ausencia de evento/ciclo; LOO no es IC ni validación predictiva; no implica causalidad
Pivot_height,Fracture_event_2,24,0.1571742742550227,0.17693034738587657,0.13900960937138318,87.5,0.0,-0.01975607313085387,0.06813314785816733,0.26957304717117825,0.11239877291615555,100.0,25.0,24,0.09692375290871444,0.27662562992324985,0.09969528253737328,100.0,25.0,24,"rango LOO rho [0.097, 0.277]; cambio máximo 0.100",Sin identidad directa predeclarada; evaluar dependencia por arquitectura y protocolo,"Asociación positiva en rangos; diferencia r−rho=-0.020; valorar junto con soporte, empates y sensibilidad",Geometría previa; dependencia del diseño experimental; Posensayo; unidad corroborada con tesis PDF pp.117/121 (docs/trazabilidad_datos.md); ausencia de energía no demuestra ausencia de evento/ciclo; LOO no es IC ni validación predictiva; no implica causalidad
Pivot_height,Fracture_event_3,22,-0.3764715712875166,-0.2125586550276054,-0.18148850216015694,86.36363636363636,0.0,-0.16391291625991122,-0.46515343854633023,-0.2903904572971731,0.08868186725881361,100.0,1.0,22,-0.3370999312316211,-0.13483997249264842,0.12454127620401567,100.0,1.0,22,"rango LOO rho [-0.337, -0.135]; cambio máximo 0.125",Sin identidad directa predeclarada; evaluar dependencia por arquitectura y protocolo,"Asociación negativa en rangos; diferencia r−rho=-0.164; valorar junto con soporte, empates y sensibilidad",Geometría previa; dependencia del diseño experimental; Posensayo; unidad corroborada con tesis PDF pp.117/121 (docs/trazabilidad_datos.md); ausencia de energía no demuestra ausencia de evento/ciclo; LOO no es IC ni validación predictiva; no implica causalidad
Pivot_height,Fracture_event_4,19,-0.20901977482033368,-0.14230495675234844,-0.12565617248750863,84.21052631578947,0.0,-0.06671481806798524,-0.40470737156242015,-0.0628413300369102,0.19568759674208647,100.0,19.0,19,-0.29282336625689415,-0.036191652009279054,0.1505184095045457,100.0,19.0,19,"rango LOO rho [-0.293, -0.036]; cambio máximo 0.151",Sin identidad directa predeclarada; evaluar dependencia por arquitectura y protocolo,"Asociación negativa en rangos; diferencia r−rho=-0.067; valorar junto con soporte, empates y sensibilidad",Geometría previa; dependencia del diseño experimental; Posensayo; unidad corroborada con tesis PDF pp.117/121 (docs/trazabilidad_datos.md); ausencia de energía no demuestra ausencia de evento/ciclo; LOO no es IC ni validación predictiva; no implica causalidad
Pivot_height,Fracture_event_5,17,0.056747628420911515,0.07535543892625389,0.05251050315105037,82.35294117647058,0.0,-0.018607810505342375,-0.12856268462853626,0.31523198096604776,0.25848435254513624,82.35294117647058,10.0,17,-0.05144957554275265,0.2229481606852615,0.14759272175900762,82.35294117647058,10.0,17,"rango LOO rho [-0.051, 0.223]; cambio máximo 0.148",Sin identidad directa predeclarada; evaluar dependencia por arquitectura y protocolo,"Asociación positiva en rangos; diferencia r−rho=-0.019; valorar junto con soporte, empates y sensibilidad",Geometría previa; dependencia del diseño experimental; Posensayo; unidad corroborada con tesis PDF pp.117/121 (docs/trazabilidad_datos.md); ausencia de energía no demuestra ausencia de evento/ciclo; LOO no es IC ni validación predictiva; no implica causalidad
Pivot_height,Fracture_event_6,7,0.3888243078030952,0.472455591261534,0.3273268353539886,57.14285714285714,0.0,-0.08363128345843884,0.23812816796687092,0.6809617128251183,0.2921374050220231,100.0,4.0,7,0.33946736991660215,0.5976143046671968,0.13298822134493188,100.0,7.0,7,"rango LOO rho [0.339, 0.598]; cambio máximo 0.133",Sin identidad directa predeclarada; evaluar dependencia por arquitectura y protocolo,"Asociación positiva en rangos; diferencia r−rho=-0.084; valorar junto con soporte, empates y sensibilidad",Geometría previa; dependencia del diseño experimental; Posensayo; unidad corroborada con tesis PDF pp.117/121 (docs/trazabilidad_datos.md); ausencia de energía no demuestra ausencia de evento/ciclo; LOO no es IC ni validación predictiva; no implica causalidad
Pivot_height,Fracture_event_7,6,0.06030056306135734,0.0,0.0,50.0,0.0,0.06030056306135734,-0.6319301139716222,0.4139873330568322,0.6922306770329796,66.66666666666666,7.0,6,-0.5797509043642028,0.31622776601683794,0.5797509043642028,,7.0,6,"rango LOO rho [-0.580, 0.316]; cambio máximo 0.580",Sin identidad directa predeclarada; evaluar dependencia por arquitectura y protocolo,"Asociación nula en rangos; diferencia r−rho=0.060; valorar junto con soporte, empates y sensibilidad",Geometría previa; dependencia del diseño experimental; Posensayo; unidad corroborada con tesis PDF pp.117/121 (docs/trazabilidad_datos.md); ausencia de energía no demuestra ausencia de evento/ciclo; LOO no es IC ni validación predictiva; no implica causalidad
Pivot_height,Fracture_event_8,4,-0.26114014252046885,-0.6324555320336759,-0.5477225575051662,25.0,0.0,0.37131538951320703,-0.9702479651485141,0.42016529112719864,0.7091078226280452,75.0,4.0,4,-0.9999999999999998,0.0,0.6324555320336759,75.0,7.0,4,"rango LOO rho [-1.000, 0.000]; cambio máximo 0.632",Sin identidad directa predeclarada; evaluar dependencia por arquitectura y protocolo,"Asociación negativa en rangos; diferencia r−rho=0.371; valorar junto con soporte, empates y sensibilidad",Geometría previa; dependencia del diseño experimental; Posensayo; unidad corroborada con tesis PDF pp.117/121 (docs/trazabilidad_datos.md); ausencia de energía no demuestra ausencia de evento/ciclo; LOO no es IC ni validación predictiva; no implica causalidad
Pivot_height,Fracture_event_9,2,,,,0.0,0.0,,,,,,,0,,,,,,0,No identificable: soporte insuficiente o variable constante,Sin identidad directa predeclarada; evaluar dependencia por arquitectura y protocolo,Asociación no identificable con la variación y disponibilidad observadas,Geometría previa; dependencia del diseño experimental; Posensayo; unidad corroborada con tesis PDF pp.117/121 (docs/trazabilidad_datos.md); ausencia de energía no demuestra ausencia de evento/ciclo; LOO no es IC ni validación predictiva; no implica causalidad
Pivot_height,Fracture_event_10,1,,,,0.0,0.0,,,,,,,0,,,,,,0,No identificable: soporte insuficiente o variable constante,Sin identidad directa predeclarada; evaluar dependencia por arquitectura y protocolo,Asociación no identificable con la variación y disponibilidad observadas,Geometría previa; dependencia del diseño experimental; Posensayo; unidad corroborada con tesis PDF pp.117/121 (docs/trazabilidad_datos.md); ausencia de energía no demuestra ausencia de evento/ciclo; LOO no es IC ni validación predictiva; no implica causalidad
Pivot_height,Fracture_event_11,1,,,,0.0,0.0,,,,,,,0,,,,,,0,No identificable: soporte insuficiente o variable constante,Sin identidad directa predeclarada; evaluar dependencia por arquitectura y protocolo,Asociación no identificable con la variación y disponibilidad observadas,Geometría previa; dependencia del diseño experimental; Posensayo; unidad corroborada con tesis PDF pp.117/121 (docs/trazabilidad_datos.md); ausencia de energía no demuestra ausencia de evento/ciclo; LOO no es IC ni validación predictiva; no implica causalidad
Pivot_height,Fracture_event_12,1,,,,0.0,0.0,,,,,,,0,,,,,,0,No identificable: soporte insuficiente o variable constante,Sin identidad directa predeclarada; evaluar dependencia por arquitectura y protocolo,Asociación no identificable con la variación y disponibilidad observadas,Geometría previa; dependencia del diseño experimental; Posensayo; unidad corroborada con tesis PDF pp.117/121 (docs/trazabilidad_datos.md); ausencia de energía no demuestra ausencia de evento/ciclo; LOO no es IC ni validación predictiva; no implica causalidad
Pivot_height,Fracture_event_13,1,,,,0.0,0.0,,,,,,,0,,,,,,0,No identificable: soporte insuficiente o variable constante,Sin identidad directa predeclarada; evaluar dependencia por arquitectura y protocolo,Asociación no identificable con la variación y disponibilidad observadas,Geometría previa; dependencia del diseño experimental; Posensayo; unidad corroborada con tesis PDF pp.117/121 (docs/trazabilidad_datos.md); ausencia de energía no demuestra ausencia de evento/ciclo; LOO no es IC ni validación predictiva; no implica causalidad
Pivot_height,Load_ratio_first_over_ultimate,26,-0.15082148962101918,-0.08846199207774896,-0.05547001962252291,88.46153846153845,0.0,-0.06235949754327022,-0.2520787868619011,-0.030493282735794807,0.12032820688522437,100.0,19.0,26,-0.18467602725512333,-0.0073543550676819025,0.09621403517737437,100.0,10.0,26,"rango LOO rho [-0.185, -0.007]; cambio máximo 0.096",Sin identidad directa predeclarada; evaluar dependencia por arquitectura y protocolo,"Asociación negativa en rangos; diferencia r−rho=-0.062; valorar junto con soporte, empates y sensibilidad",Geometría previa; dependencia del diseño experimental; Cociente primera/rotura final; no factor de seguridad ni reserva de carga; LOO no es IC ni validación predictiva; no implica causalidad
Pivot_height,Load_per_specimen_volume,26,-0.08612967812644355,-0.167135157163288,-0.1294300457858868,88.46153846153845,0.0,0.08100547903684445,-0.17039976752652683,-0.015079952435492835,0.08427008940008328,100.0,23.0,26,-0.2737454386303819,-0.11031532601522853,0.10661028146709392,100.0,1.0,26,"rango LOO rho [-0.274, -0.110]; cambio máximo 0.107",Sin identidad directa predeclarada; evaluar dependencia por arquitectura y protocolo,"Asociación negativa en rangos; diferencia r−rho=0.081; valorar junto con soporte, empates y sensibilidad",Geometría previa; dependencia del diseño experimental; Índice descriptivo de carga por volumen; no esfuerzo ni resistencia material; LOO no es IC ni validación predictiva; no implica causalidad
Pivot_height,Load_per_pivot,26,-0.12479302317764392,-0.12254161197655389,-0.09245003270420486,88.46153846153845,0.0,-0.0022514112010900283,-0.24352277577051248,-0.049101659172730606,0.11872975259286857,100.0,1.0,26,-0.2247164048458359,-0.06128629223068252,0.10217479286928202,100.0,1.0,26,"rango LOO rho [-0.225, -0.061]; cambio máximo 0.102",Sin identidad directa predeclarada; evaluar dependencia por arquitectura y protocolo,"Asociación negativa en rangos; diferencia r−rho=-0.002; valorar junto con soporte, empates y sensibilidad",Geometría previa; dependencia del diseño experimental; No presupone reparto uniforme de cargas entre pivotes; LOO no es IC ni validación predictiva; no implica causalidad
Pivot_height,Load_per_cell_Y,26,-0.10570564414520665,-0.19903948217493517,-0.15901405625123236,88.46153846153845,0.0,0.09333383802972851,-0.20239258203498384,-0.035132110339221735,0.09668693788977718,100.0,1.0,26,-0.3088829128426399,-0.14545280022748652,0.10984343066770474,100.0,1.0,26,"rango LOO rho [-0.309, -0.145]; cambio máximo 0.110",Sin identidad directa predeclarada; evaluar dependencia por arquitectura y protocolo,"Asociación negativa en rangos; diferencia r−rho=0.093; valorar junto con soporte, empates y sensibilidad",Geometría previa; dependencia del diseño experimental; Normalización por conteo en Y; no fuerza medida en cada celda; LOO no es IC ni validación predictiva; no implica causalidad
Pivot_height,Fracture_observed_sum,26,-0.15727867256682404,-0.19867693302707554,-0.17380606148390512,88.46153846153845,0.0,0.041398260460251496,-0.2890068466856764,-0.09743950052353445,0.13172817411885235,100.0,24.0,26,-0.305085107923876,-0.13809844515980463,0.10640817489680046,100.0,24.0,26,"rango LOO rho [-0.305, -0.138]; cambio máximo 0.106",Sin identidad directa predeclarada; evaluar dependencia por arquitectura y protocolo,"Asociación negativa en rangos; diferencia r−rho=0.041; valorar junto con soporte, empates y sensibilidad",Geometría previa; dependencia del diseño experimental; Suma observada de longitud variable; no energía total del ensayo; LOO no es IC ni validación predictiva; no implica causalidad
Pivot_height,Fracture_registered_events,26,-0.0007142410756133805,-0.10168418983210648,-0.08084520834544431,88.46153846153845,61.53846153846154,0.1009699487564931,-0.19514284806274113,0.08058229640253801,0.19442860698712774,53.84615384615385,7.0,26,-0.200986848097075,-0.025118179674176448,0.09930265826496854,100.0,7.0,26,"rango LOO rho [-0.201, -0.025]; cambio máximo 0.099",Sin identidad directa predeclarada; evaluar dependencia por arquitectura y protocolo,"Asociación negativa en rangos; diferencia r−rho=0.101; valorar junto con soporte, empates y sensibilidad","Geometría previa; dependencia del diseño experimental; Disponibilidad de registro, no conteo verificado de todas las fracturas; LOO no es IC ni validación predictiva; no implica causalidad"
Pivot_height,Fracture_initial_share,26,0.03417092382587345,0.09681717383753312,0.08148148148148147,88.46153846153845,3.8461538461538436,-0.06264625001165966,-0.08254901747698805,0.11254082660889027,0.11671994130286151,84.61538461538461,27.0,26,0.015937501178809304,0.1793990517306996,0.08258187789316647,100.0,19.0,26,"rango LOO rho [0.016, 0.179]; cambio máximo 0.083",Sin identidad directa predeclarada; evaluar dependencia por arquitectura y protocolo,"Asociación positiva en rangos; diferencia r−rho=-0.063; valorar junto con soporte, empates y sensibilidad",Geometría previa; dependencia del diseño experimental; Comparte numerador y denominador con otras respuestas; sensible a cobertura de eventos; LOO no es IC ni validación predictiva; no implica causalidad
Pivot_height,Residual_fraction_cycle1,26,0.2981044812143383,0.2976528503927537,0.247766087647269,88.46153846153845,0.0,0.0004516308215846143,0.20755884379075737,0.40695000011020643,0.10884551889586813,100.0,3.0,26,0.23574758339572235,0.40694098041173193,0.10928813001897825,100.0,3.0,26,"rango LOO rho [0.236, 0.407]; cambio máximo 0.109",Sin identidad directa predeclarada; evaluar dependencia por arquitectura y protocolo,"Asociación positiva en rangos; diferencia r−rho=0.000; valorar junto con soporte, empates y sensibilidad",Geometría previa; dependencia del diseño experimental; Amplitud nominal del nombre de columna; no deformación unitaria; LOO no es IC ni validación predictiva; no implica causalidad
Pivot_height,Residual_fraction_cycle2,26,0.048983994928152905,0.014501965914385075,0.02588600915717736,88.46153846153845,0.0,0.03448202901376783,-0.08889433814533462,0.15310281992003816,0.1378783330734875,92.3076923076923,25.0,26,-0.07762930349219786,0.09233801362756167,0.09213126940658294,69.23076923076923,25.0,26,"rango LOO rho [-0.078, 0.092]; cambio máximo 0.092",Sin identidad directa predeclarada; evaluar dependencia por arquitectura y protocolo,"Asociación positiva en rangos; diferencia r−rho=0.034; valorar junto con soporte, empates y sensibilidad",Geometría previa; dependencia del diseño experimental; Amplitud nominal del nombre de columna; no deformación unitaria; LOO no es IC ni validación predictiva; no implica causalidad
Pivot_height,Residual_fraction_cycle3,26,-0.1422021980766115,-0.15009534721388554,-0.11463804055321403,88.46153846153845,0.0,0.007893149137274041,-0.3495836882992382,-0.03482824732531426,0.2073814902226267,100.0,25.0,26,-0.2574024273688666,-0.07354355067681903,0.10730708015498105,100.0,25.0,26,"rango LOO rho [-0.257, -0.074]; cambio máximo 0.107",Sin identidad directa predeclarada; evaluar dependencia por arquitectura y protocolo,"Asociación negativa en rangos; diferencia r−rho=0.008; valorar junto con soporte, empates y sensibilidad",Geometría previa; dependencia del diseño experimental; Amplitud nominal del nombre de columna; no deformación unitaria; LOO no es IC ni validación predictiva; no implica causalidad
Pivot_height,Residual_fraction_cycle4,26,-0.40973475482886573,-0.46079996692958575,-0.3956861399739968,88.46153846153845,0.0,0.051065212100720014,-0.5902175687198373,-0.3541250802724685,0.1804828138909716,100.0,25.0,26,-0.5973370616083856,-0.4134781849163381,0.13653709467879988,100.0,25.0,26,"rango LOO rho [-0.597, -0.413]; cambio máximo 0.137",Sin identidad directa predeclarada; evaluar dependencia por arquitectura y protocolo,"Asociación negativa en rangos; diferencia r−rho=0.051; valorar junto con soporte, empates y sensibilidad",Geometría previa; dependencia del diseño experimental; Amplitud nominal del nombre de columna; no deformación unitaria; LOO no es IC ni validación predictiva; no implica causalidad
Pivot_height,Residual_fraction_cycle5,26,-0.3887305191992553,-0.3718672317375449,-0.29349985862301914,88.46153846153845,7.692307692307687,-0.016863287461710397,-0.48032140213220326,-0.330019739518545,0.09159088293294798,100.0,25.0,26,-0.4514144863878443,-0.3156630285248332,0.07954725465029944,100.0,25.0,26,"rango LOO rho [-0.451, -0.316]; cambio máximo 0.080",Sin identidad directa predeclarada; evaluar dependencia por arquitectura y protocolo,"Asociación negativa en rangos; diferencia r−rho=-0.017; valorar junto con soporte, empates y sensibilidad",Geometría previa; dependencia del diseño experimental; Amplitud nominal del nombre de columna; no deformación unitaria; LOO no es IC ni validación predictiva; no implica causalidad
Pivot_height,Residual_fraction_cycle6,20,-0.13132958160495536,-0.21581213422209475,-0.17707338366532552,85.0,9.999999999999998,0.08448255261713938,-0.2403826557545201,-0.018478464697142934,0.11285111690781244,100.0,27.0,20,-0.3207001165161162,-0.12706985748751773,0.10488798229402144,100.0,10.0,20,"rango LOO rho [-0.321, -0.127]; cambio máximo 0.105",Sin identidad directa predeclarada; evaluar dependencia por arquitectura y protocolo,"Asociación negativa en rangos; diferencia r−rho=0.084; valorar junto con soporte, empates y sensibilidad",Geometría previa; dependencia del diseño experimental; Amplitud nominal del nombre de columna; no deformación unitaria; LOO no es IC ni validación predictiva; no implica causalidad
Pivot_height,Recovery_complement_cycle6,20,0.13132958160495536,0.21581213422209475,0.17707338366532552,85.0,9.999999999999998,-0.08448255261713938,0.018478464697142927,0.24038265575452014,0.11285111690781244,100.0,27.0,20,0.12706985748751773,0.3207001165161162,0.10488798229402144,100.0,10.0,20,"rango LOO rho [0.127, 0.321]; cambio máximo 0.105",Sin identidad directa predeclarada; evaluar dependencia por arquitectura y protocolo,"Asociación positiva en rangos; diferencia r−rho=-0.084; valorar junto con soporte, empates y sensibilidad",Geometría previa; dependencia del diseño experimental; Proxy complemento nominal; requiere protocolo para interpretar recuperación elástica; LOO no es IC ni validación predictiva; no implica causalidad
Pivot_radius,First_Failure_Load_N,26,,,,96.15384615384616,0.0,,,,,,,0,,,,,,0,No identificable: soporte insuficiente o variable constante,Sin identidad directa predeclarada; evaluar dependencia por arquitectura y protocolo,Asociación no identificable con la variación y disponibilidad observadas,Geometría previa; dependencia del diseño experimental; Posensayo; excluido de INPUT; LOO no es IC ni validación predictiva; no implica causalidad
Pivot_radius,Ultimate_Load,26,,,,96.15384615384616,0.0,,,,,,,0,,,,,,0,No identificable: soporte insuficiente o variable constante,Sin identidad directa predeclarada; evaluar dependencia por arquitectura y protocolo,Asociación no identificable con la variación y disponibilidad observadas,"Geometría previa; dependencia del diseño experimental; Posensayo; excluido de INPUT; fuerza del evento terminal/rotura final, no máximo global (docs/trazabilidad_datos.md); LOO no es IC ni validación predictiva; no implica causalidad"
Pivot_radius,Maximum_Displacement,26,,,,96.15384615384616,0.0,,,,,,,0,,,,,,0,No identificable: soporte insuficiente o variable constante,Sin identidad directa predeclarada; evaluar dependencia por arquitectura y protocolo,Asociación no identificable con la variación y disponibilidad observadas,Geometría previa; dependencia del diseño experimental; Posensayo; excluido de INPUT; LOO no es IC ni validación predictiva; no implica causalidad
Pivot_radius,residual_Displacement_1cycle_10mm,26,,,,96.15384615384616,0.0,,,,,,,0,,,,,,0,No identificable: soporte insuficiente o variable constante,Sin identidad directa predeclarada; evaluar dependencia por arquitectura y protocolo,Asociación no identificable con la variación y disponibilidad observadas,Geometría previa; dependencia del diseño experimental; Posensayo; excluido de INPUT; LOO no es IC ni validación predictiva; no implica causalidad
Pivot_radius,residual_Displacement_2cycle_20mm,26,,,,96.15384615384616,0.0,,,,,,,0,,,,,,0,No identificable: soporte insuficiente o variable constante,Sin identidad directa predeclarada; evaluar dependencia por arquitectura y protocolo,Asociación no identificable con la variación y disponibilidad observadas,Geometría previa; dependencia del diseño experimental; Posensayo; excluido de INPUT; LOO no es IC ni validación predictiva; no implica causalidad
Pivot_radius,residual_Displacement_3cycle_30mm,26,,,,96.15384615384616,0.0,,,,,,,0,,,,,,0,No identificable: soporte insuficiente o variable constante,Sin identidad directa predeclarada; evaluar dependencia por arquitectura y protocolo,Asociación no identificable con la variación y disponibilidad observadas,Geometría previa; dependencia del diseño experimental; Posensayo; excluido de INPUT; LOO no es IC ni validación predictiva; no implica causalidad
Pivot_radius,residual_Displacement_4cycle_40mm,26,,,,96.15384615384616,0.0,,,,,,,0,,,,,,0,No identificable: soporte insuficiente o variable constante,Sin identidad directa predeclarada; evaluar dependencia por arquitectura y protocolo,Asociación no identificable con la variación y disponibilidad observadas,Geometría previa; dependencia del diseño experimental; Posensayo; excluido de INPUT; LOO no es IC ni validación predictiva; no implica causalidad
Pivot_radius,residual_Displacement_5cycle_50mm,26,,,,96.15384615384616,7.692307692307687,,,,,,,0,,,,,,0,No identificable: soporte insuficiente o variable constante,Sin identidad directa predeclarada; evaluar dependencia por arquitectura y protocolo,Asociación no identificable con la variación y disponibilidad observadas,Geometría previa; dependencia del diseño experimental; Posensayo; excluido de INPUT; LOO no es IC ni validación predictiva; no implica causalidad
Pivot_radius,residual_Displacement_6cycle_60mm,20,,,,95.0,9.999999999999998,,,,,,,0,,,,,,0,No identificable: soporte insuficiente o variable constante,Sin identidad directa predeclarada; evaluar dependencia por arquitectura y protocolo,Asociación no identificable con la variación y disponibilidad observadas,Geometría previa; dependencia del diseño experimental; Posensayo; excluido de INPUT; LOO no es IC ni validación predictiva; no implica causalidad
Pivot_radius,Dissipated_cycle_1,26,,,,96.15384615384616,0.0,,,,,,,0,,,,,,0,No identificable: soporte insuficiente o variable constante,Sin identidad directa predeclarada; evaluar dependencia por arquitectura y protocolo,Asociación no identificable con la variación y disponibilidad observadas,Geometría previa; dependencia del diseño experimental; Posensayo; unidad corroborada con tesis PDF pp.117/121 (docs/trazabilidad_datos.md); ausencia de energía no demuestra ausencia de evento/ciclo; LOO no es IC ni validación predictiva; no implica causalidad
Pivot_radius,Dissipated_cycle_2,26,,,,96.15384615384616,0.0,,,,,,,0,,,,,,0,No identificable: soporte insuficiente o variable constante,Sin identidad directa predeclarada; evaluar dependencia por arquitectura y protocolo,Asociación no identificable con la variación y disponibilidad observadas,Geometría previa; dependencia del diseño experimental; Posensayo; unidad corroborada con tesis PDF pp.117/121 (docs/trazabilidad_datos.md); ausencia de energía no demuestra ausencia de evento/ciclo; LOO no es IC ni validación predictiva; no implica causalidad
Pivot_radius,Dissipated_cycle_3,26,,,,96.15384615384616,0.0,,,,,,,0,,,,,,0,No identificable: soporte insuficiente o variable constante,Sin identidad directa predeclarada; evaluar dependencia por arquitectura y protocolo,Asociación no identificable con la variación y disponibilidad observadas,Geometría previa; dependencia del diseño experimental; Posensayo; unidad corroborada con tesis PDF pp.117/121 (docs/trazabilidad_datos.md); ausencia de energía no demuestra ausencia de evento/ciclo; LOO no es IC ni validación predictiva; no implica causalidad
Pivot_radius,Dissipated_cycle_4,26,,,,96.15384615384616,0.0,,,,,,,0,,,,,,0,No identificable: soporte insuficiente o variable constante,Sin identidad directa predeclarada; evaluar dependencia por arquitectura y protocolo,Asociación no identificable con la variación y disponibilidad observadas,Geometría previa; dependencia del diseño experimental; Posensayo; unidad corroborada con tesis PDF pp.117/121 (docs/trazabilidad_datos.md); ausencia de energía no demuestra ausencia de evento/ciclo; LOO no es IC ni validación predictiva; no implica causalidad
Pivot_radius,Dissipated_cycle_5,26,,,,96.15384615384616,0.0,,,,,,,0,,,,,,0,No identificable: soporte insuficiente o variable constante,Sin identidad directa predeclarada; evaluar dependencia por arquitectura y protocolo,Asociación no identificable con la variación y disponibilidad observadas,Geometría previa; dependencia del diseño experimental; Posensayo; unidad corroborada con tesis PDF pp.117/121 (docs/trazabilidad_datos.md); ausencia de energía no demuestra ausencia de evento/ciclo; LOO no es IC ni validación predictiva; no implica causalidad
Pivot_radius,Dissipated_cycle_6,20,,,,95.0,0.0,,,,,,,0,,,,,,0,No identificable: soporte insuficiente o variable constante,Sin identidad directa predeclarada; evaluar dependencia por arquitectura y protocolo,Asociación no identificable con la variación y disponibilidad observadas,Geometría previa; dependencia del diseño experimental; Posensayo; unidad corroborada con tesis PDF pp.117/121 (docs/trazabilidad_datos.md); ausencia de energía no demuestra ausencia de evento/ciclo; LOO no es IC ni validación predictiva; no implica causalidad
Pivot_radius,Dissipated_cycle_7,7,,,,85.71428571428572,0.0,,,,,,,0,,,,,,0,No identificable: soporte insuficiente o variable constante,Sin identidad directa predeclarada; evaluar dependencia por arquitectura y protocolo,Asociación no identificable con la variación y disponibilidad observadas,Geometría previa; dependencia del diseño experimental; Posensayo; unidad corroborada con tesis PDF pp.117/121 (docs/trazabilidad_datos.md); ausencia de energía no demuestra ausencia de evento/ciclo; LOO no es IC ni validación predictiva; no implica causalidad
Pivot_radius,Fracture_event_1,26,,,,96.15384615384616,0.0,,,,,,,0,,,,,,0,No identificable: soporte insuficiente o variable constante,Sin identidad directa predeclarada; evaluar dependencia por arquitectura y protocolo,Asociación no identificable con la variación y disponibilidad observadas,Geometría previa; dependencia del diseño experimental; Posensayo; unidad corroborada con tesis PDF pp.117/121 (docs/trazabilidad_datos.md); ausencia de energía no demuestra ausencia de evento/ciclo; LOO no es IC ni validación predictiva; no implica causalidad
Pivot_radius,Fracture_event_2,24,,,,95.83333333333334,0.0,,,,,,,0,,,,,,0,No identificable: soporte insuficiente o variable constante,Sin identidad directa predeclarada; evaluar dependencia por arquitectura y protocolo,Asociación no identificable con la variación y disponibilidad observadas,Geometría previa; dependencia del diseño experimental; Posensayo; unidad corroborada con tesis PDF pp.117/121 (docs/trazabilidad_datos.md); ausencia de energía no demuestra ausencia de evento/ciclo; LOO no es IC ni validación predictiva; no implica causalidad
Pivot_radius,Fracture_event_3,22,,,,95.45454545454545,0.0,,,,,,,0,,,,,,0,No identificable: soporte insuficiente o variable constante,Sin identidad directa predeclarada; evaluar dependencia por arquitectura y protocolo,Asociación no identificable con la variación y disponibilidad observadas,Geometría previa; dependencia del diseño experimental; Posensayo; unidad corroborada con tesis PDF pp.117/121 (docs/trazabilidad_datos.md); ausencia de energía no demuestra ausencia de evento/ciclo; LOO no es IC ni validación predictiva; no implica causalidad
Pivot_radius,Fracture_event_4,19,,,,94.73684210526316,0.0,,,,,,,0,,,,,,0,No identificable: soporte insuficiente o variable constante,Sin identidad directa predeclarada; evaluar dependencia por arquitectura y protocolo,Asociación no identificable con la variación y disponibilidad observadas,Geometría previa; dependencia del diseño experimental; Posensayo; unidad corroborada con tesis PDF pp.117/121 (docs/trazabilidad_datos.md); ausencia de energía no demuestra ausencia de evento/ciclo; LOO no es IC ni validación predictiva; no implica causalidad
Pivot_radius,Fracture_event_5,17,,,,94.11764705882352,0.0,,,,,,,0,,,,,,0,No identificable: soporte insuficiente o variable constante,Sin identidad directa predeclarada; evaluar dependencia por arquitectura y protocolo,Asociación no identificable con la variación y disponibilidad observadas,Geometría previa; dependencia del diseño experimental; Posensayo; unidad corroborada con tesis PDF pp.117/121 (docs/trazabilidad_datos.md); ausencia de energía no demuestra ausencia de evento/ciclo; LOO no es IC ni validación predictiva; no implica causalidad
Pivot_radius,Fracture_event_6,7,,,,85.71428571428572,0.0,,,,,,,0,,,,,,0,No identificable: soporte insuficiente o variable constante,Sin identidad directa predeclarada; evaluar dependencia por arquitectura y protocolo,Asociación no identificable con la variación y disponibilidad observadas,Geometría previa; dependencia del diseño experimental; Posensayo; unidad corroborada con tesis PDF pp.117/121 (docs/trazabilidad_datos.md); ausencia de energía no demuestra ausencia de evento/ciclo; LOO no es IC ni validación predictiva; no implica causalidad
Pivot_radius,Fracture_event_7,6,,,,83.33333333333334,0.0,,,,,,,0,,,,,,0,No identificable: soporte insuficiente o variable constante,Sin identidad directa predeclarada; evaluar dependencia por arquitectura y protocolo,Asociación no identificable con la variación y disponibilidad observadas,Geometría previa; dependencia del diseño experimental; Posensayo; unidad corroborada con tesis PDF pp.117/121 (docs/trazabilidad_datos.md); ausencia de energía no demuestra ausencia de evento/ciclo; LOO no es IC ni validación predictiva; no implica causalidad
Pivot_radius,Fracture_event_8,4,,,,75.0,0.0,,,,,,,0,,,,,,0,No identificable: soporte insuficiente o variable constante,Sin identidad directa predeclarada; evaluar dependencia por arquitectura y protocolo,Asociación no identificable con la variación y disponibilidad observadas,Geometría previa; dependencia del diseño experimental; Posensayo; unidad corroborada con tesis PDF pp.117/121 (docs/trazabilidad_datos.md); ausencia de energía no demuestra ausencia de evento/ciclo; LOO no es IC ni validación predictiva; no implica causalidad
Pivot_radius,Fracture_event_9,2,,,,50.0,0.0,,,,,,,0,,,,,,0,No identificable: soporte insuficiente o variable constante,Sin identidad directa predeclarada; evaluar dependencia por arquitectura y protocolo,Asociación no identificable con la variación y disponibilidad observadas,Geometría previa; dependencia del diseño experimental; Posensayo; unidad corroborada con tesis PDF pp.117/121 (docs/trazabilidad_datos.md); ausencia de energía no demuestra ausencia de evento/ciclo; LOO no es IC ni validación predictiva; no implica causalidad
Pivot_radius,Fracture_event_10,1,,,,0.0,0.0,,,,,,,0,,,,,,0,No identificable: soporte insuficiente o variable constante,Sin identidad directa predeclarada; evaluar dependencia por arquitectura y protocolo,Asociación no identificable con la variación y disponibilidad observadas,Geometría previa; dependencia del diseño experimental; Posensayo; unidad corroborada con tesis PDF pp.117/121 (docs/trazabilidad_datos.md); ausencia de energía no demuestra ausencia de evento/ciclo; LOO no es IC ni validación predictiva; no implica causalidad
Pivot_radius,Fracture_event_11,1,,,,0.0,0.0,,,,,,,0,,,,,,0,No identificable: soporte insuficiente o variable constante,Sin identidad directa predeclarada; evaluar dependencia por arquitectura y protocolo,Asociación no identificable con la variación y disponibilidad observadas,Geometría previa; dependencia del diseño experimental; Posensayo; unidad corroborada con tesis PDF pp.117/121 (docs/trazabilidad_datos.md); ausencia de energía no demuestra ausencia de evento/ciclo; LOO no es IC ni validación predictiva; no implica causalidad
Pivot_radius,Fracture_event_12,1,,,,0.0,0.0,,,,,,,0,,,,,,0,No identificable: soporte insuficiente o variable constante,Sin identidad directa predeclarada; evaluar dependencia por arquitectura y protocolo,Asociación no identificable con la variación y disponibilidad observadas,Geometría previa; dependencia del diseño experimental; Posensayo; unidad corroborada con tesis PDF pp.117/121 (docs/trazabilidad_datos.md); ausencia de energía no demuestra ausencia de evento/ciclo; LOO no es IC ni validación predictiva; no implica causalidad
Pivot_radius,Fracture_event_13,1,,,,0.0,0.0,,,,,,,0,,,,,,0,No identificable: soporte insuficiente o variable constante,Sin identidad directa predeclarada; evaluar dependencia por arquitectura y protocolo,Asociación no identificable con la variación y disponibilidad observadas,Geometría previa; dependencia del diseño experimental; Posensayo; unidad corroborada con tesis PDF pp.117/121 (docs/trazabilidad_datos.md); ausencia de energía no demuestra ausencia de evento/ciclo; LOO no es IC ni validación predictiva; no implica causalidad
Pivot_radius,Load_ratio_first_over_ultimate,26,,,,96.15384615384616,0.0,,,,,,,0,,,,,,0,No identificable: soporte insuficiente o variable constante,Sin identidad directa predeclarada; evaluar dependencia por arquitectura y protocolo,Asociación no identificable con la variación y disponibilidad observadas,Geometría previa; dependencia del diseño experimental; Cociente primera/rotura final; no factor de seguridad ni reserva de carga; LOO no es IC ni validación predictiva; no implica causalidad
Pivot_radius,Load_per_specimen_volume,26,,,,96.15384615384616,0.0,,,,,,,0,,,,,,0,No identificable: soporte insuficiente o variable constante,Sin identidad directa predeclarada; evaluar dependencia por arquitectura y protocolo,Asociación no identificable con la variación y disponibilidad observadas,Geometría previa; dependencia del diseño experimental; Índice descriptivo de carga por volumen; no esfuerzo ni resistencia material; LOO no es IC ni validación predictiva; no implica causalidad
Pivot_radius,Load_per_pivot,26,,,,96.15384615384616,0.0,,,,,,,0,,,,,,0,No identificable: soporte insuficiente o variable constante,Sin identidad directa predeclarada; evaluar dependencia por arquitectura y protocolo,Asociación no identificable con la variación y disponibilidad observadas,Geometría previa; dependencia del diseño experimental; No presupone reparto uniforme de cargas entre pivotes; LOO no es IC ni validación predictiva; no implica causalidad
Pivot_radius,Load_per_cell_Y,26,,,,96.15384615384616,0.0,,,,,,,0,,,,,,0,No identificable: soporte insuficiente o variable constante,Sin identidad directa predeclarada; evaluar dependencia por arquitectura y protocolo,Asociación no identificable con la variación y disponibilidad observadas,Geometría previa; dependencia del diseño experimental; Normalización por conteo en Y; no fuerza medida en cada celda; LOO no es IC ni validación predictiva; no implica causalidad
Pivot_radius,Fracture_observed_sum,26,,,,96.15384615384616,0.0,,,,,,,0,,,,,,0,No identificable: soporte insuficiente o variable constante,Sin identidad directa predeclarada; evaluar dependencia por arquitectura y protocolo,Asociación no identificable con la variación y disponibilidad observadas,Geometría previa; dependencia del diseño experimental; Suma observada de longitud variable; no energía total del ensayo; LOO no es IC ni validación predictiva; no implica causalidad
Pivot_radius,Fracture_registered_events,26,,,,96.15384615384616,61.53846153846154,,,,,,,0,,,,,,0,No identificable: soporte insuficiente o variable constante,Sin identidad directa predeclarada; evaluar dependencia por arquitectura y protocolo,Asociación no identificable con la variación y disponibilidad observadas,"Geometría previa; dependencia del diseño experimental; Disponibilidad de registro, no conteo verificado de todas las fracturas; LOO no es IC ni validación predictiva; no implica causalidad"
Pivot_radius,Fracture_initial_share,26,,,,96.15384615384616,3.8461538461538436,,,,,,,0,,,,,,0,No identificable: soporte insuficiente o variable constante,Sin identidad directa predeclarada; evaluar dependencia por arquitectura y protocolo,Asociación no identificable con la variación y disponibilidad observadas,Geometría previa; dependencia del diseño experimental; Comparte numerador y denominador con otras respuestas; sensible a cobertura de eventos; LOO no es IC ni validación predictiva; no implica causalidad
Pivot_radius,Residual_fraction_cycle1,26,,,,96.15384615384616,0.0,,,,,,,0,,,,,,0,No identificable: soporte insuficiente o variable constante,Sin identidad directa predeclarada; evaluar dependencia por arquitectura y protocolo,Asociación no identificable con la variación y disponibilidad observadas,Geometría previa; dependencia del diseño experimental; Amplitud nominal del nombre de columna; no deformación unitaria; LOO no es IC ni validación predictiva; no implica causalidad
Pivot_radius,Residual_fraction_cycle2,26,,,,96.15384615384616,0.0,,,,,,,0,,,,,,0,No identificable: soporte insuficiente o variable constante,Sin identidad directa predeclarada; evaluar dependencia por arquitectura y protocolo,Asociación no identificable con la variación y disponibilidad observadas,Geometría previa; dependencia del diseño experimental; Amplitud nominal del nombre de columna; no deformación unitaria; LOO no es IC ni validación predictiva; no implica causalidad
Pivot_radius,Residual_fraction_cycle3,26,,,,96.15384615384616,0.0,,,,,,,0,,,,,,0,No identificable: soporte insuficiente o variable constante,Sin identidad directa predeclarada; evaluar dependencia por arquitectura y protocolo,Asociación no identificable con la variación y disponibilidad observadas,Geometría previa; dependencia del diseño experimental; Amplitud nominal del nombre de columna; no deformación unitaria; LOO no es IC ni validación predictiva; no implica causalidad
Pivot_radius,Residual_fraction_cycle4,26,,,,96.15384615384616,0.0,,,,,,,0,,,,,,0,No identificable: soporte insuficiente o variable constante,Sin identidad directa predeclarada; evaluar dependencia por arquitectura y protocolo,Asociación no identificable con la variación y disponibilidad observadas,Geometría previa; dependencia del diseño experimental; Amplitud nominal del nombre de columna; no deformación unitaria; LOO no es IC ni validación predictiva; no implica causalidad
Pivot_radius,Residual_fraction_cycle5,26,,,,96.15384615384616,7.692307692307687,,,,,,,0,,,,,,0,No identificable: soporte insuficiente o variable constante,Sin identidad directa predeclarada; evaluar dependencia por arquitectura y protocolo,Asociación no identificable con la variación y disponibilidad observadas,Geometría previa; dependencia del diseño experimental; Amplitud nominal del nombre de columna; no deformación unitaria; LOO no es IC ni validación predictiva; no implica causalidad
Pivot_radius,Residual_fraction_cycle6,20,,,,95.0,9.999999999999998,,,,,,,0,,,,,,0,No identificable: soporte insuficiente o variable constante,Sin identidad directa predeclarada; evaluar dependencia por arquitectura y protocolo,Asociación no identificable con la variación y disponibilidad observadas,Geometría previa; dependencia del diseño experimental; Amplitud nominal del nombre de columna; no deformación unitaria; LOO no es IC ni validación predictiva; no implica causalidad
Pivot_radius,Recovery_complement_cycle6,20,,,,95.0,9.999999999999998,,,,,,,0,,,,,,0,No identificable: soporte insuficiente o variable constante,Sin identidad directa predeclarada; evaluar dependencia por arquitectura y protocolo,Asociación no identificable con la variación y disponibilidad observadas,Geometría previa; dependencia del diseño experimental; Proxy complemento nominal; requiere protocolo para interpretar recuperación elástica; LOO no es IC ni validación predictiva; no implica causalidad
Pivot_total_number,First_Failure_Load_N,26,0.9510663474756397,0.9306636625556622,0.8172582891051708,88.46153846153845,0.0,0.020402684919977432,0.9477868097986563,0.9613906857918815,0.010324338316241799,100.0,17.0,26,0.9282830396540712,0.9429903335828894,0.012326671027227176,100.0,17.0,26,"rango LOO rho [0.928, 0.943]; cambio máximo 0.012",Sin identidad directa predeclarada; evaluar dependencia por arquitectura y protocolo,"Asociación positiva en rangos; diferencia r−rho=0.020; valorar junto con soporte, empates y sensibilidad",Geometría previa; dependencia del diseño experimental; Posensayo; excluido de INPUT; LOO no es IC ni validación predictiva; no implica causalidad
Pivot_total_number,Ultimate_Load,26,0.45830389149917194,0.46188761437316467,0.3734981321249876,88.46153846153845,0.0,-0.003583722873992723,0.39934264075090087,0.5281813525303489,0.06987746103117698,100.0,26.0,26,0.4085752815378835,0.554700196225229,0.09281258185206437,100.0,26.0,26,"rango LOO rho [0.409, 0.555]; cambio máximo 0.093",Sin identidad directa predeclarada; evaluar dependencia por arquitectura y protocolo,"Asociación positiva en rangos; diferencia r−rho=-0.004; valorar junto con soporte, empates y sensibilidad","Geometría previa; dependencia del diseño experimental; Posensayo; excluido de INPUT; fuerza del evento terminal/rotura final, no máximo global (docs/trazabilidad_datos.md); LOO no es IC ni validación predictiva; no implica causalidad"
Pivot_total_number,Maximum_Displacement,26,0.1351927775318733,0.15734633017107807,0.1294300457858868,88.46153846153845,0.0,-0.022153552639204765,0.03614659274887301,0.24692217407440048,0.11172939654252717,100.0,4.0,26,0.08253220687065246,0.252499523990412,0.0951531938193339,100.0,4.0,26,"rango LOO rho [0.083, 0.252]; cambio máximo 0.095",Sin identidad directa predeclarada; evaluar dependencia por arquitectura y protocolo,"Asociación positiva en rangos; diferencia r−rho=-0.022; valorar junto con soporte, empates y sensibilidad",Geometría previa; dependencia del diseño experimental; Posensayo; excluido de INPUT; LOO no es IC ni validación predictiva; no implica causalidad
Pivot_total_number,residual_Displacement_1cycle_10mm,26,-0.5636490145430262,-0.5387480337194055,-0.42527015043934235,88.46153846153845,0.0,-0.02490098082362069,-0.6128279792297157,-0.5245883703573483,0.049178964686689475,100.0,6.0,26,-0.6032364633949366,-0.4992301766027062,0.06448842967553114,100.0,26.0,26,"rango LOO rho [-0.603, -0.499]; cambio máximo 0.064",Sin identidad directa predeclarada; evaluar dependencia por arquitectura y protocolo,"Asociación negativa en rangos; diferencia r−rho=-0.025; valorar junto con soporte, empates y sensibilidad",Geometría previa; dependencia del diseño experimental; Posensayo; excluido de INPUT; LOO no es IC ni validación predictiva; no implica causalidad
Pivot_total_number,residual_Displacement_2cycle_20mm,26,-0.617392694551845,-0.5960307990812266,-0.49183417398636986,88.46153846153845,0.0,-0.021361895470618397,-0.6738304115333085,-0.5846557972371935,0.05643771698146349,100.0,7.0,26,-0.6921265269251746,-0.5616339486780444,0.09609572784394804,100.0,7.0,26,"rango LOO rho [-0.692, -0.562]; cambio máximo 0.096",Sin identidad directa predeclarada; evaluar dependencia por arquitectura y protocolo,"Asociación negativa en rangos; diferencia r−rho=-0.021; valorar junto con soporte, empates y sensibilidad",Geometría previa; dependencia del diseño experimental; Posensayo; excluido de INPUT; LOO no es IC ni validación predictiva; no implica causalidad
Pivot_total_number,residual_Displacement_3cycle_30mm,26,-0.39149277369853275,-0.25958518986749285,-0.20339007194925068,88.46153846153845,0.0,-0.1319075838310399,-0.45036809060473415,-0.3170745959232914,0.07441817777524135,100.0,25.0,26,-0.33748318255029175,-0.1941450686788302,0.0778979926827989,100.0,4.0,26,"rango LOO rho [-0.337, -0.194]; cambio máximo 0.078",Sin identidad directa predeclarada; evaluar dependencia por arquitectura y protocolo,"Asociación negativa en rangos; diferencia r−rho=-0.132; valorar junto con soporte, empates y sensibilidad",Geometría previa; dependencia del diseño experimental; Posensayo; excluido de INPUT; LOO no es IC ni validación predictiva; no implica causalidad
Pivot_total_number,residual_Displacement_4cycle_40mm,26,-0.09937114810036415,-0.18997575347844448,-0.16641005886756874,88.46153846153845,0.0,0.09060460537808032,-0.21752850262204282,0.004089841710800248,0.11815735452167866,96.15384615384616,7.0,26,-0.27537973975653346,-0.11787379169786118,0.08540398627808898,100.0,4.0,26,"rango LOO rho [-0.275, -0.118]; cambio máximo 0.085",Sin identidad directa predeclarada; evaluar dependencia por arquitectura y protocolo,"Asociación negativa en rangos; diferencia r−rho=0.091; valorar junto con soporte, empates y sensibilidad",Geometría previa; dependencia del diseño experimental; Posensayo; excluido de INPUT; LOO no es IC ni validación predictiva; no implica causalidad
Pivot_total_number,residual_Displacement_5cycle_50mm,26,0.18346186122646513,0.15781682517642148,0.130031582934249,88.46153846153845,7.692307692307687,0.025645036050043646,0.0817233723838782,0.315712929500716,0.13225106827425087,100.0,27.0,26,0.07605352759795203,0.26005399759299724,0.10223717241657576,100.0,3.0,26,"rango LOO rho [0.076, 0.260]; cambio máximo 0.102",Sin identidad directa predeclarada; evaluar dependencia por arquitectura y protocolo,"Asociación positiva en rangos; diferencia r−rho=0.026; valorar junto con soporte, empates y sensibilidad",Geometría previa; dependencia del diseño experimental; Posensayo; excluido de INPUT; LOO no es IC ni validación predictiva; no implica causalidad
Pivot_total_number,residual_Displacement_6cycle_60mm,20,0.14419493126973562,0.08964998645395249,0.058245412365712276,85.0,9.999999999999998,0.054544944815783133,-0.13558630913019248,0.25923295581633937,0.27978124039992813,95.0,4.0,20,-0.0430532326728811,0.17382316051886987,0.13270321912683358,95.0,4.0,20,"rango LOO rho [-0.043, 0.174]; cambio máximo 0.133",Sin identidad directa predeclarada; evaluar dependencia por arquitectura y protocolo,"Asociación positiva en rangos; diferencia r−rho=0.055; valorar junto con soporte, empates y sensibilidad",Geometría previa; dependencia del diseño experimental; Posensayo; excluido de INPUT; LOO no es IC ni validación predictiva; no implica causalidad
Pivot_total_number,Dissipated_cycle_1,26,0.4921544625895671,0.4111307336728169,0.2995381059616238,88.46153846153845,0.0,0.08102372891675019,0.4414468404923105,0.5701141178021755,0.07795965521260839,100.0,7.0,26,0.35362137509358355,0.4682272726424145,0.05750935857923334,100.0,19.0,26,"rango LOO rho [0.354, 0.468]; cambio máximo 0.058",Sin identidad directa predeclarada; evaluar dependencia por arquitectura y protocolo,"Asociación positiva en rangos; diferencia r−rho=0.081; valorar junto con soporte, empates y sensibilidad",Geometría previa; dependencia del diseño experimental; Posensayo; unidad corroborada con tesis PDF pp.117/121 (docs/trazabilidad_datos.md); ausencia de energía no demuestra ausencia de evento/ciclo; LOO no es IC ni validación predictiva; no implica causalidad
Pivot_total_number,Dissipated_cycle_2,26,0.6439963821122503,0.6427996391551185,0.5214181844517154,88.46153846153845,0.0,0.0011967429571317911,0.6134958922911656,0.7341688858104578,0.0901725036982075,100.0,26.0,26,0.6104114706175979,0.7488452649040592,0.10604562574894072,100.0,26.0,26,"rango LOO rho [0.610, 0.749]; cambio máximo 0.106",Sin identidad directa predeclarada; evaluar dependencia por arquitectura y protocolo,"Asociación positiva en rangos; diferencia r−rho=0.001; valorar junto con soporte, empates y sensibilidad",Geometría previa; dependencia del diseño experimental; Posensayo; unidad corroborada con tesis PDF pp.117/121 (docs/trazabilidad_datos.md); ausencia de energía no demuestra ausencia de evento/ciclo; LOO no es IC ni validación predictiva; no implica causalidad
Pivot_total_number,Dissipated_cycle_3,26,0.7344302099668849,0.753014580104445,0.6249622210804249,88.46153846153845,0.0,-0.01858437013756009,0.7145227444810255,0.7850737746546333,0.050643564687748444,100.0,26.0,26,0.7338012056420388,0.7973815320737668,0.04436695196932183,100.0,26.0,26,"rango LOO rho [0.734, 0.797]; cambio máximo 0.044",Sin identidad directa predeclarada; evaluar dependencia por arquitectura y protocolo,"Asociación positiva en rangos; diferencia r−rho=-0.019; valorar junto con soporte, empates y sensibilidad",Geometría previa; dependencia del diseño experimental; Posensayo; unidad corroborada con tesis PDF pp.117/121 (docs/trazabilidad_datos.md); ausencia de energía no demuestra ausencia de evento/ciclo; LOO no es IC ni validación predictiva; no implica causalidad
Pivot_total_number,Dissipated_cycle_4,26,0.7214316610774919,0.7352496718593233,0.610170215847752,88.46153846153845,0.0,-0.013818010781831425,0.6998637879315657,0.7758926299690738,0.05446096889158192,100.0,26.0,26,0.7141765026399824,0.7973815320737668,0.0621318602144435,100.0,26.0,26,"rango LOO rho [0.714, 0.797]; cambio máximo 0.062",Sin identidad directa predeclarada; evaluar dependencia por arquitectura y protocolo,"Asociación positiva en rangos; diferencia r−rho=-0.014; valorar junto con soporte, empates y sensibilidad",Geometría previa; dependencia del diseño experimental; Posensayo; unidad corroborada con tesis PDF pp.117/121 (docs/trazabilidad_datos.md); ausencia de energía no demuestra ausencia de evento/ciclo; LOO no es IC ni validación predictiva; no implica causalidad
Pivot_total_number,Dissipated_cycle_5,26,-0.10272291510812627,0.3803140561047486,0.3217261138106329,88.46153846153845,0.0,-0.48303697121287487,-0.1517404686041869,0.5350233255361434,0.6377462406442697,96.15384615384616,5.0,26,0.3276773757933825,0.5115362524854301,0.1312221963806815,100.0,5.0,26,"rango LOO rho [0.328, 0.512]; cambio máximo 0.131",Sin identidad directa predeclarada; evaluar dependencia por arquitectura y protocolo,"Asociación positiva en rangos; diferencia r−rho=-0.483; valorar junto con soporte, empates y sensibilidad",Geometría previa; dependencia del diseño experimental; Posensayo; unidad corroborada con tesis PDF pp.117/121 (docs/trazabilidad_datos.md); ausencia de energía no demuestra ausencia de evento/ciclo; LOO no es IC ni validación predictiva; no implica causalidad
Pivot_total_number,Dissipated_cycle_6,20,0.37627446858331465,0.4207542632706956,0.35406584012905135,85.0,0.0,-0.04447979468738095,0.24443248438783535,0.5315136827470669,0.15523921416375225,100.0,4.0,20,0.3383882074590786,0.594569110281206,0.17381484701051036,100.0,4.0,20,"rango LOO rho [0.338, 0.595]; cambio máximo 0.174",Sin identidad directa predeclarada; evaluar dependencia por arquitectura y protocolo,"Asociación positiva en rangos; diferencia r−rho=-0.044; valorar junto con soporte, empates y sensibilidad",Geometría previa; dependencia del diseño experimental; Posensayo; unidad corroborada con tesis PDF pp.117/121 (docs/trazabilidad_datos.md); ausencia de energía no demuestra ausencia de evento/ciclo; LOO no es IC ni validación predictiva; no implica causalidad
Pivot_total_number,Dissipated_cycle_7,7,,,,85.71428571428572,0.0,,,,,,,0,,,,,,0,No identificable: soporte insuficiente o variable constante,Sin identidad directa predeclarada; evaluar dependencia por arquitectura y protocolo,Asociación no identificable con la variación y disponibilidad observadas,Geometría previa; dependencia del diseño experimental; Posensayo; unidad corroborada con tesis PDF pp.117/121 (docs/trazabilidad_datos.md); ausencia de energía no demuestra ausencia de evento/ciclo; LOO no es IC ni validación predictiva; no implica causalidad
Pivot_total_number,Fracture_event_1,26,0.941950454288091,0.9183369915284348,0.8024662838724982,88.46153846153845,0.0,0.023613462759656145,0.9381715177106799,0.9503931920014684,0.008442737713377446,100.0,4.0,26,0.915208630644859,0.9348202441586774,0.01648325263024253,100.0,4.0,26,"rango LOO rho [0.915, 0.935]; cambio máximo 0.016",Sin identidad directa predeclarada; evaluar dependencia por arquitectura y protocolo,"Asociación positiva en rangos; diferencia r−rho=0.024; valorar junto con soporte, empates y sensibilidad",Geometría previa; dependencia del diseño experimental; Posensayo; unidad corroborada con tesis PDF pp.117/121 (docs/trazabilidad_datos.md); ausencia de energía no demuestra ausencia de evento/ciclo; LOO no es IC ni validación predictiva; no implica causalidad
Pivot_total_number,Fracture_event_2,24,0.5727427935369661,0.5244442517856703,0.4311853233401682,87.5,0.0,0.048298541751295776,0.5242501014647332,0.6343535579736894,0.06161076443672331,100.0,19.0,24,0.4788732540558391,0.5855591882058984,0.06111493642022803,100.0,19.0,24,"rango LOO rho [0.479, 0.586]; cambio máximo 0.061",Sin identidad directa predeclarada; evaluar dependencia por arquitectura y protocolo,"Asociación positiva en rangos; diferencia r−rho=0.048; valorar junto con soporte, empates y sensibilidad",Geometría previa; dependencia del diseño experimental; Posensayo; unidad corroborada con tesis PDF pp.117/121 (docs/trazabilidad_datos.md); ausencia de energía no demuestra ausencia de evento/ciclo; LOO no es IC ni validación predictiva; no implica causalidad
Pivot_total_number,Fracture_event_3,22,0.2476064296860821,0.2682430834575627,0.21529207352785967,86.36363636363636,0.0,-0.020636653771480606,0.18603118187985848,0.3494119472693465,0.1018055175832644,100.0,26.0,22,0.18628367592436443,0.41707497965883905,0.14883189620127635,100.0,24.0,22,"rango LOO rho [0.186, 0.417]; cambio máximo 0.149",Sin identidad directa predeclarada; evaluar dependencia por arquitectura y protocolo,"Asociación positiva en rangos; diferencia r−rho=-0.021; valorar junto con soporte, empates y sensibilidad",Geometría previa; dependencia del diseño experimental; Posensayo; unidad corroborada con tesis PDF pp.117/121 (docs/trazabilidad_datos.md); ausencia de energía no demuestra ausencia de evento/ciclo; LOO no es IC ni validación predictiva; no implica causalidad
Pivot_total_number,Fracture_event_4,19,0.2465456799994787,0.432066298789558,0.35566123765262947,84.21052631578947,0.0,-0.18552061879007928,0.1646047650271434,0.5495440645627253,0.30299838456324657,100.0,19.0,19,0.38603057889646153,0.6814748799542292,0.24940858116467118,100.0,19.0,19,"rango LOO rho [0.386, 0.681]; cambio máximo 0.249",Sin identidad directa predeclarada; evaluar dependencia por arquitectura y protocolo,"Asociación positiva en rangos; diferencia r−rho=-0.186; valorar junto con soporte, empates y sensibilidad",Geometría previa; dependencia del diseño experimental; Posensayo; unidad corroborada con tesis PDF pp.117/121 (docs/trazabilidad_datos.md); ausencia de energía no demuestra ausencia de evento/ciclo; LOO no es IC ni validación predictiva; no implica causalidad
Pivot_total_number,Fracture_event_5,17,0.31191598109263224,0.28579830697348013,0.24270214453760908,82.35294117647058,0.0,0.026117674119152112,0.12030385697055798,0.5054339002494489,0.19351791915681665,100.0,19.0,17,0.17876273599283826,0.5250148822852727,0.23921657531179258,100.0,19.0,17,"rango LOO rho [0.179, 0.525]; cambio máximo 0.239",Sin identidad directa predeclarada; evaluar dependencia por arquitectura y protocolo,"Asociación positiva en rangos; diferencia r−rho=0.026; valorar junto con soporte, empates y sensibilidad",Geometría previa; dependencia del diseño experimental; Posensayo; unidad corroborada con tesis PDF pp.117/121 (docs/trazabilidad_datos.md); ausencia de energía no demuestra ausencia de evento/ciclo; LOO no es IC ni validación predictiva; no implica causalidad
Pivot_total_number,Fracture_event_6,7,-0.5678805462103469,-0.6573757351339165,-0.5832118435198043,57.14285714285714,0.0,0.08949518892356956,-0.7462057463867018,-0.48232788229625617,0.1783252001763549,100.0,1.0,7,-0.9258200997725513,-0.41403933560541256,0.26844436463863486,100.0,1.0,7,"rango LOO rho [-0.926, -0.414]; cambio máximo 0.268",Sin identidad directa predeclarada; evaluar dependencia por arquitectura y protocolo,"Asociación negativa en rangos; diferencia r−rho=0.089; valorar junto con soporte, empates y sensibilidad",Geometría previa; dependencia del diseño experimental; Posensayo; unidad corroborada con tesis PDF pp.117/121 (docs/trazabilidad_datos.md); ausencia de energía no demuestra ausencia de evento/ciclo; LOO no es IC ni validación predictiva; no implica causalidad
Pivot_total_number,Fracture_event_7,6,-0.11818587365905418,0.0,0.0,66.66666666666667,0.0,-0.11818587365905418,-0.3418901865610566,0.1890543588279811,0.3072402324870353,66.66666666666666,7.0,6,-0.28867513459481287,0.28867513459481287,0.28867513459481287,,1.0,6,"rango LOO rho [-0.289, 0.289]; cambio máximo 0.289",Sin identidad directa predeclarada; evaluar dependencia por arquitectura y protocolo,"Asociación nula en rangos; diferencia r−rho=-0.118; valorar junto con soporte, empates y sensibilidad",Geometría previa; dependencia del diseño experimental; Posensayo; unidad corroborada con tesis PDF pp.117/121 (docs/trazabilidad_datos.md); ausencia de energía no demuestra ausencia de evento/ciclo; LOO no es IC ni validación predictiva; no implica causalidad
Pivot_total_number,Fracture_event_8,4,-0.259595474879102,-0.2581988897471611,-0.2357022603955159,50.0,0.0,-0.0013965851319409084,-0.5757900197575692,0.24211337452765314,0.5017088494067552,66.66666666666666,4.0,3,-0.8660254037844387,0.0,0.6078265140372776,33.33333333333333,7.0,3,"rango LOO rho [-0.866, 0.000]; cambio máximo 0.608",Sin identidad directa predeclarada; evaluar dependencia por arquitectura y protocolo,"Asociación negativa en rangos; diferencia r−rho=-0.001; valorar junto con soporte, empates y sensibilidad",Geometría previa; dependencia del diseño experimental; Posensayo; unidad corroborada con tesis PDF pp.117/121 (docs/trazabilidad_datos.md); ausencia de energía no demuestra ausencia de evento/ciclo; LOO no es IC ni validación predictiva; no implica causalidad
Pivot_total_number,Fracture_event_9,2,,,,50.0,0.0,,,,,,,0,,,,,,0,No identificable: soporte insuficiente o variable constante,Sin identidad directa predeclarada; evaluar dependencia por arquitectura y protocolo,Asociación no identificable con la variación y disponibilidad observadas,Geometría previa; dependencia del diseño experimental; Posensayo; unidad corroborada con tesis PDF pp.117/121 (docs/trazabilidad_datos.md); ausencia de energía no demuestra ausencia de evento/ciclo; LOO no es IC ni validación predictiva; no implica causalidad
Pivot_total_number,Fracture_event_10,1,,,,0.0,0.0,,,,,,,0,,,,,,0,No identificable: soporte insuficiente o variable constante,Sin identidad directa predeclarada; evaluar dependencia por arquitectura y protocolo,Asociación no identificable con la variación y disponibilidad observadas,Geometría previa; dependencia del diseño experimental; Posensayo; unidad corroborada con tesis PDF pp.117/121 (docs/trazabilidad_datos.md); ausencia de energía no demuestra ausencia de evento/ciclo; LOO no es IC ni validación predictiva; no implica causalidad
Pivot_total_number,Fracture_event_11,1,,,,0.0,0.0,,,,,,,0,,,,,,0,No identificable: soporte insuficiente o variable constante,Sin identidad directa predeclarada; evaluar dependencia por arquitectura y protocolo,Asociación no identificable con la variación y disponibilidad observadas,Geometría previa; dependencia del diseño experimental; Posensayo; unidad corroborada con tesis PDF pp.117/121 (docs/trazabilidad_datos.md); ausencia de energía no demuestra ausencia de evento/ciclo; LOO no es IC ni validación predictiva; no implica causalidad
Pivot_total_number,Fracture_event_12,1,,,,0.0,0.0,,,,,,,0,,,,,,0,No identificable: soporte insuficiente o variable constante,Sin identidad directa predeclarada; evaluar dependencia por arquitectura y protocolo,Asociación no identificable con la variación y disponibilidad observadas,Geometría previa; dependencia del diseño experimental; Posensayo; unidad corroborada con tesis PDF pp.117/121 (docs/trazabilidad_datos.md); ausencia de energía no demuestra ausencia de evento/ciclo; LOO no es IC ni validación predictiva; no implica causalidad
Pivot_total_number,Fracture_event_13,1,,,,0.0,0.0,,,,,,,0,,,,,,0,No identificable: soporte insuficiente o variable constante,Sin identidad directa predeclarada; evaluar dependencia por arquitectura y protocolo,Asociación no identificable con la variación y disponibilidad observadas,Geometría previa; dependencia del diseño experimental; Posensayo; unidad corroborada con tesis PDF pp.117/121 (docs/trazabilidad_datos.md); ausencia de energía no demuestra ausencia de evento/ciclo; LOO no es IC ni validación predictiva; no implica causalidad
Pivot_total_number,Load_ratio_first_over_ultimate,26,0.5830268748495537,0.5547001962252291,0.43266615305567874,88.46153846153845,0.0,0.028326678624324586,0.547455009910562,0.6350267344225838,0.051999859573030105,100.0,22.0,26,0.5130976815083369,0.6087771694914463,0.05407697326621719,100.0,8.0,26,"rango LOO rho [0.513, 0.609]; cambio máximo 0.054",Sin identidad directa predeclarada; evaluar dependencia por arquitectura y protocolo,"Asociación positiva en rangos; diferencia r−rho=0.028; valorar junto con soporte, empates y sensibilidad",Geometría previa; dependencia del diseño experimental; Cociente primera/rotura final; no factor de seguridad ni reserva de carga; LOO no es IC ni validación predictiva; no implica causalidad
Pivot_total_number,Load_per_specimen_volume,26,0.9451066020923216,0.9121736560148213,0.7950702812561617,88.46153846153845,0.0,0.0329329460775003,0.9414370725163381,0.9562786050532097,0.011172002960888161,100.0,17.0,26,0.9083215713188126,0.9299385642599429,0.01776490824512167,100.0,17.0,26,"rango LOO rho [0.908, 0.930]; cambio máximo 0.018",Sin identidad directa predeclarada; evaluar dependencia por arquitectura y protocolo,"Asociación positiva en rangos; diferencia r−rho=0.033; valorar junto con soporte, empates y sensibilidad",Geometría previa; dependencia del diseño experimental; Índice descriptivo de carga por volumen; no esfuerzo ni resistencia material; LOO no es IC ni validación predictiva; no implica causalidad
Pivot_total_number,Load_per_pivot,26,0.7081662947687062,0.6964569130383432,0.5362101896843882,88.46153846153845,0.0,0.011709381730362955,0.6847709878336923,0.7756145153333558,0.06744822056464961,100.0,3.0,26,0.665640235470275,0.7387041090204933,0.0422471959821501,100.0,3.0,26,"rango LOO rho [0.666, 0.739]; cambio máximo 0.042",Dependencia algebraica directa: una variable participa en la definición de la otra,"Asociación positiva en rangos; diferencia r−rho=0.012; valorar junto con soporte, empates y sensibilidad",Geometría previa; dependencia del diseño experimental; No presupone reparto uniforme de cargas entre pivotes; LOO no es IC ni validación predictiva; no implica causalidad
Pivot_total_number,Load_per_cell_Y,26,0.9022299405235765,0.8197236233106164,0.6841302420111159,88.46153846153845,0.0,0.08250631721296009,0.8956245121233329,0.9210464833825295,0.018816542858952956,100.0,17.0,26,0.8043152845265822,0.8563737901034038,0.03665016679278732,100.0,3.0,26,"rango LOO rho [0.804, 0.856]; cambio máximo 0.037",Sin identidad directa predeclarada; evaluar dependencia por arquitectura y protocolo,"Asociación positiva en rangos; diferencia r−rho=0.083; valorar junto con soporte, empates y sensibilidad",Geometría previa; dependencia del diseño experimental; Normalización por conteo en Y; no fuerza medida en cada celda; LOO no es IC ni validación predictiva; no implica causalidad
Pivot_total_number,Fracture_observed_sum,26,0.8010678489653966,0.841476572182194,0.7137142524764615,88.46153846153845,0.0,-0.04040872321679734,0.7875686285071063,0.8286486897341309,0.02758084076873424,100.0,4.0,26,0.8302249720849793,0.8630482464798417,0.021571674297647725,100.0,10.0,26,"rango LOO rho [0.830, 0.863]; cambio máximo 0.022",Sin identidad directa predeclarada; evaluar dependencia por arquitectura y protocolo,"Asociación positiva en rangos; diferencia r−rho=-0.040; valorar junto con soporte, empates y sensibilidad",Geometría previa; dependencia del diseño experimental; Suma observada de longitud variable; no energía total del ensayo; LOO no es IC ni validación predictiva; no implica causalidad
Pivot_total_number,Fracture_registered_events,26,-0.5975323264703181,-0.5781419102035025,-0.5012402917417549,88.46153846153845,61.53846153846154,-0.01939041626681559,-0.6660606080553992,-0.5653198905969345,0.06852828158508117,100.0,5.0,26,-0.6611222201684478,-0.5418350186858062,0.08298030996494532,100.0,5.0,26,"rango LOO rho [-0.661, -0.542]; cambio máximo 0.083",Sin identidad directa predeclarada; evaluar dependencia por arquitectura y protocolo,"Asociación negativa en rangos; diferencia r−rho=-0.019; valorar junto con soporte, empates y sensibilidad","Geometría previa; dependencia del diseño experimental; Disponibilidad de registro, no conteo verificado de todas las fracturas; LOO no es IC ni validación predictiva; no implica causalidad"
Pivot_total_number,Fracture_initial_share,26,0.7737255091114194,0.7458911108007701,0.5962962962962962,88.46153846153845,3.8461538461538436,0.027834398310649267,0.7577855997738455,0.7958155476195246,0.022090038508105203,100.0,24.0,26,0.7211102550927978,0.7865203701713147,0.040629259370544624,100.0,10.0,26,"rango LOO rho [0.721, 0.787]; cambio máximo 0.041",Sin identidad directa predeclarada; evaluar dependencia por arquitectura y protocolo,"Asociación positiva en rangos; diferencia r−rho=0.028; valorar junto con soporte, empates y sensibilidad",Geometría previa; dependencia del diseño experimental; Comparte numerador y denominador con otras respuestas; sensible a cobertura de eventos; LOO no es IC ni validación predictiva; no implica causalidad
Pivot_total_number,Residual_fraction_cycle1,26,-0.5636490145430262,-0.5387480337194055,-0.42527015043934235,88.46153846153845,0.0,-0.02490098082362069,-0.6128279792297157,-0.5245883703573484,0.049178964686689475,100.0,6.0,26,-0.6032364633949366,-0.4992301766027062,0.06448842967553114,100.0,26.0,26,"rango LOO rho [-0.603, -0.499]; cambio máximo 0.064",Sin identidad directa predeclarada; evaluar dependencia por arquitectura y protocolo,"Asociación negativa en rangos; diferencia r−rho=-0.025; valorar junto con soporte, empates y sensibilidad",Geometría previa; dependencia del diseño experimental; Amplitud nominal del nombre de columna; no deformación unitaria; LOO no es IC ni validación predictiva; no implica causalidad
Pivot_total_number,Residual_fraction_cycle2,26,-0.6173926945518451,-0.5960307990812266,-0.49183417398636986,88.46153846153845,0.0,-0.021361895470618508,-0.6738304115333087,-0.5846557972371939,0.056437716981463604,100.0,7.0,26,-0.6921265269251746,-0.5616339486780444,0.09609572784394804,100.0,7.0,26,"rango LOO rho [-0.692, -0.562]; cambio máximo 0.096",Sin identidad directa predeclarada; evaluar dependencia por arquitectura y protocolo,"Asociación negativa en rangos; diferencia r−rho=-0.021; valorar junto con soporte, empates y sensibilidad",Geometría previa; dependencia del diseño experimental; Amplitud nominal del nombre de columna; no deformación unitaria; LOO no es IC ni validación predictiva; no implica causalidad
Pivot_total_number,Residual_fraction_cycle3,26,-0.39149277369853247,-0.25958518986749285,-0.20339007194925068,88.46153846153845,0.0,-0.13190758383103962,-0.4503680906047338,-0.3170745959232912,0.07441817777524129,100.0,25.0,26,-0.33748318255029175,-0.1941450686788302,0.0778979926827989,100.0,4.0,26,"rango LOO rho [-0.337, -0.194]; cambio máximo 0.078",Sin identidad directa predeclarada; evaluar dependencia por arquitectura y protocolo,"Asociación negativa en rangos; diferencia r−rho=-0.132; valorar junto con soporte, empates y sensibilidad",Geometría previa; dependencia del diseño experimental; Amplitud nominal del nombre de columna; no deformación unitaria; LOO no es IC ni validación predictiva; no implica causalidad
Pivot_total_number,Residual_fraction_cycle4,26,-0.09937114810036424,-0.18997575347844448,-0.16641005886756874,88.46153846153845,0.0,0.09060460537808024,-0.21752850262204296,0.004089841710800059,0.11815735452167872,96.15384615384616,7.0,26,-0.27537973975653346,-0.11787379169786118,0.08540398627808898,100.0,4.0,26,"rango LOO rho [-0.275, -0.118]; cambio máximo 0.085",Sin identidad directa predeclarada; evaluar dependencia por arquitectura y protocolo,"Asociación negativa en rangos; diferencia r−rho=0.091; valorar junto con soporte, empates y sensibilidad",Geometría previa; dependencia del diseño experimental; Amplitud nominal del nombre de columna; no deformación unitaria; LOO no es IC ni validación predictiva; no implica causalidad
Pivot_total_number,Residual_fraction_cycle5,26,0.18346186122646516,0.15781682517642148,0.130031582934249,88.46153846153845,7.692307692307687,0.025645036050043674,0.08172337238387813,0.3157129295007159,0.13225106827425073,100.0,27.0,26,0.07605352759795203,0.26005399759299724,0.10223717241657576,100.0,3.0,26,"rango LOO rho [0.076, 0.260]; cambio máximo 0.102",Sin identidad directa predeclarada; evaluar dependencia por arquitectura y protocolo,"Asociación positiva en rangos; diferencia r−rho=0.026; valorar junto con soporte, empates y sensibilidad",Geometría previa; dependencia del diseño experimental; Amplitud nominal del nombre de columna; no deformación unitaria; LOO no es IC ni validación predictiva; no implica causalidad
Pivot_total_number,Residual_fraction_cycle6,20,0.14419493126973545,0.08964998645395249,0.058245412365712276,85.0,9.999999999999998,0.05454494481578297,-0.13558630913019276,0.2592329558163392,0.27978124039992824,95.0,4.0,20,-0.0430532326728811,0.17382316051886987,0.13270321912683358,95.0,4.0,20,"rango LOO rho [-0.043, 0.174]; cambio máximo 0.133",Sin identidad directa predeclarada; evaluar dependencia por arquitectura y protocolo,"Asociación positiva en rangos; diferencia r−rho=0.055; valorar junto con soporte, empates y sensibilidad",Geometría previa; dependencia del diseño experimental; Amplitud nominal del nombre de columna; no deformación unitaria; LOO no es IC ni validación predictiva; no implica causalidad
Pivot_total_number,Recovery_complement_cycle6,20,-0.1441949312697354,-0.08964998645395249,-0.058245412365712276,85.0,9.999999999999998,-0.05454494481578291,-0.25923295581633926,0.13558630913019276,0.27978124039992813,95.0,4.0,20,-0.17382316051886987,0.0430532326728811,0.13270321912683358,95.0,4.0,20,"rango LOO rho [-0.174, 0.043]; cambio máximo 0.133",Sin identidad directa predeclarada; evaluar dependencia por arquitectura y protocolo,"Asociación negativa en rangos; diferencia r−rho=-0.055; valorar junto con soporte, empates y sensibilidad",Geometría previa; dependencia del diseño experimental; Proxy complemento nominal; requiere protocolo para interpretar recuperación elástica; LOO no es IC ni validación predictiva; no implica causalidad
Pivot_total_volume,First_Failure_Load_N,26,0.8455288818540566,0.8280172493355417,0.6127115859215582,65.38461538461539,0.0,0.017511632518514952,0.8323042005955252,0.8704921338108579,0.02496325195680127,100.0,17.0,26,0.8093119021648916,0.8511882522520665,0.023171002916524852,100.0,17.0,26,"rango LOO rho [0.809, 0.851]; cambio máximo 0.023",Sin identidad directa predeclarada; evaluar dependencia por arquitectura y protocolo,"Asociación positiva en rangos; diferencia r−rho=0.018; valorar junto con soporte, empates y sensibilidad",Geometría previa; dependencia del diseño experimental; Posensayo; excluido de INPUT; LOO no es IC ni validación predictiva; no implica causalidad
Pivot_total_volume,Ultimate_Load,26,0.3700890634306994,0.3921643806574647,0.2919201796799047,65.38461538461539,0.0,-0.022075317226765256,0.26155256540295774,0.4652851195176971,0.10853649802774168,100.0,24.0,26,0.32372476086595664,0.5052309431304046,0.11306656247293995,100.0,26.0,26,"rango LOO rho [0.324, 0.505]; cambio máximo 0.113",Sin identidad directa predeclarada; evaluar dependencia por arquitectura y protocolo,"Asociación positiva en rangos; diferencia r−rho=-0.022; valorar junto con soporte, empates y sensibilidad","Geometría previa; dependencia del diseño experimental; Posensayo; excluido de INPUT; fuerza del evento terminal/rotura final, no máximo global (docs/trazabilidad_datos.md); LOO no es IC ni validación predictiva; no implica causalidad"
Pivot_total_volume,Maximum_Displacement,26,0.17673193499575784,0.19333015958727645,0.1571877890584102,65.38461538461539,0.0,-0.016598224591518607,0.043764634066142415,0.2956227571146123,0.13296730092961542,100.0,24.0,26,0.10328994013462331,0.2982642091527887,0.10493404956551222,100.0,27.0,26,"rango LOO rho [0.103, 0.298]; cambio máximo 0.105",Sin identidad directa predeclarada; evaluar dependencia por arquitectura y protocolo,"Asociación positiva en rangos; diferencia r−rho=-0.017; valorar junto con soporte, empates y sensibilidad",Geometría previa; dependencia del diseño experimental; Posensayo; excluido de INPUT; LOO no es IC ni validación predictiva; no implica causalidad
Pivot_total_volume,residual_Displacement_1cycle_10mm,26,-0.4461148541524921,-0.43585286867807693,-0.3111676640544039,65.38461538461539,0.0,-0.010261985474415147,-0.5113954531068894,-0.36620970920424817,0.07990514494824391,100.0,25.0,26,-0.5152891395480085,-0.37057966046497665,0.07943627086993155,100.0,26.0,26,"rango LOO rho [-0.515, -0.371]; cambio máximo 0.079",Sin identidad directa predeclarada; evaluar dependencia por arquitectura y protocolo,"Asociación negativa en rangos; diferencia r−rho=-0.010; valorar junto con soporte, empates y sensibilidad",Geometría previa; dependencia del diseño experimental; Posensayo; excluido de INPUT; LOO no es IC ni validación predictiva; no implica causalidad
Pivot_total_volume,residual_Displacement_2cycle_20mm,26,-0.6112290983990601,-0.5669183327399139,-0.4266525703013992,65.38461538461539,0.0,-0.04431076565914627,-0.6930517852119972,-0.545453861639791,0.08182268681293703,100.0,26.0,26,-0.6503010837689206,-0.517340048465213,0.08338275102900672,100.0,26.0,26,"rango LOO rho [-0.650, -0.517]; cambio máximo 0.083",Sin identidad directa predeclarada; evaluar dependencia por arquitectura y protocolo,"Asociación negativa en rangos; diferencia r−rho=-0.044; valorar junto con soporte, empates y sensibilidad",Geometría previa; dependencia del diseño experimental; Posensayo; excluido de INPUT; LOO no es IC ni validación predictiva; no implica causalidad
Pivot_total_volume,residual_Displacement_3cycle_30mm,26,-0.5251168842318383,-0.34159581578321263,-0.227761898431574,65.38461538461539,0.0,-0.1835210684486257,-0.5817849292133571,-0.4344344315608896,0.09068245267094871,100.0,25.0,26,-0.4118527969059567,-0.2594444853830035,0.08215133040020911,100.0,3.0,26,"rango LOO rho [-0.412, -0.259]; cambio máximo 0.082",Sin identidad directa predeclarada; evaluar dependencia por arquitectura y protocolo,"Asociación negativa en rangos; diferencia r−rho=-0.184; valorar junto con soporte, empates y sensibilidad",Geometría previa; dependencia del diseño experimental; Posensayo; excluido de INPUT; LOO no es IC ni validación predictiva; no implica causalidad
Pivot_total_volume,residual_Displacement_4cycle_40mm,26,-0.33501643396509734,-0.3612040348160859,-0.2662568671805724,65.38461538461539,0.0,0.026187600850988535,-0.43703406465355993,-0.22806766996880895,0.10694876399628839,100.0,25.0,26,-0.4478512086655939,-0.2811293975941202,0.08664717384950804,100.0,4.0,26,"rango LOO rho [-0.448, -0.281]; cambio máximo 0.087",Sin identidad directa predeclarada; evaluar dependencia por arquitectura y protocolo,"Asociación negativa en rangos; diferencia r−rho=0.026; valorar junto con soporte, empates y sensibilidad",Geometría previa; dependencia del diseño experimental; Posensayo; excluido de INPUT; LOO no es IC ni validación predictiva; no implica causalidad
Pivot_total_volume,residual_Displacement_5cycle_50mm,26,-0.05766851665352846,-0.013081093419281972,-0.016114115579589153,65.38461538461539,7.692307692307687,-0.044587423234246484,-0.18572633571205382,0.08626259235766405,0.1439311090111925,88.46153846153845,27.0,26,-0.10807840451363265,0.10463277303236215,0.11771386645164413,69.23076923076923,3.0,26,"rango LOO rho [-0.108, 0.105]; cambio máximo 0.118",Sin identidad directa predeclarada; evaluar dependencia por arquitectura y protocolo,"Asociación negativa en rangos; diferencia r−rho=-0.045; valorar junto con soporte, empates y sensibilidad",Geometría previa; dependencia del diseño experimental; Posensayo; excluido de INPUT; LOO no es IC ni validación predictiva; no implica causalidad
Pivot_total_volume,residual_Displacement_6cycle_60mm,20,-0.0665916833984019,-0.12026142817550675,-0.11057996468120725,55.00000000000001,9.999999999999998,0.05366974477710486,-0.3794654636213716,0.07037704508162643,0.31287378022296974,90.0,4.0,20,-0.2769260731574845,-0.011936568147965981,0.15666464498197777,100.0,4.0,20,"rango LOO rho [-0.277, -0.012]; cambio máximo 0.157",Sin identidad directa predeclarada; evaluar dependencia por arquitectura y protocolo,"Asociación negativa en rangos; diferencia r−rho=0.054; valorar junto con soporte, empates y sensibilidad",Geometría previa; dependencia del diseño experimental; Posensayo; excluido de INPUT; LOO no es IC ni validación predictiva; no implica causalidad
Pivot_total_volume,Dissipated_cycle_1,26,0.3933618278285809,0.3481318887941704,0.25342521093090625,65.38461538461539,0.0,0.04522993903441053,0.2919894804232625,0.471666458471423,0.10137234740531842,100.0,25.0,26,0.2781478163175811,0.398459319620457,0.06998407247658928,100.0,25.0,26,"rango LOO rho [0.278, 0.398]; cambio máximo 0.070",Sin identidad directa predeclarada; evaluar dependencia por arquitectura y protocolo,"Asociación positiva en rangos; diferencia r−rho=0.045; valorar junto con soporte, empates y sensibilidad",Geometría previa; dependencia del diseño experimental; Posensayo; unidad corroborada con tesis PDF pp.117/121 (docs/trazabilidad_datos.md); ausencia de energía no demuestra ausencia de evento/ciclo; LOO no es IC ni validación predictiva; no implica causalidad
Pivot_total_volume,Dissipated_cycle_2,26,0.37684428319507446,0.46922124141822963,0.3175834921792369,65.38461538461539,0.0,-0.09237695822315517,0.32603800014750106,0.48509733747721845,0.10825305428214399,100.0,26.0,26,0.41278779316161457,0.5891781978465592,0.1199569564283296,100.0,26.0,26,"rango LOO rho [0.413, 0.589]; cambio máximo 0.120",Sin identidad directa predeclarada; evaluar dependencia por arquitectura y protocolo,"Asociación positiva en rangos; diferencia r−rho=-0.092; valorar junto con soporte, empates y sensibilidad",Geometría previa; dependencia del diseño experimental; Posensayo; unidad corroborada con tesis PDF pp.117/121 (docs/trazabilidad_datos.md); ausencia de energía no demuestra ausencia de evento/ciclo; LOO no es IC ni validación predictiva; no implica causalidad
Pivot_total_volume,Dissipated_cycle_3,26,0.5431483990545102,0.6229909590970776,0.4523158828007315,65.38461538461539,0.0,-0.0798425600425674,0.47372470934191213,0.6122720094766403,0.06942368971259805,100.0,25.0,26,0.5808458627977691,0.6793151118966237,0.05632415279954617,100.0,26.0,26,"rango LOO rho [0.581, 0.679]; cambio máximo 0.056",Sin identidad directa predeclarada; evaluar dependencia por arquitectura y protocolo,"Asociación positiva en rangos; diferencia r−rho=-0.080; valorar junto con soporte, empates y sensibilidad",Geometría previa; dependencia del diseño experimental; Posensayo; unidad corroborada con tesis PDF pp.117/121 (docs/trazabilidad_datos.md); ausencia de energía no demuestra ausencia de evento/ciclo; LOO no es IC ni validación predictiva; no implica causalidad
Pivot_total_volume,Dissipated_cycle_4,26,0.5930095260158317,0.6518872818823646,0.503642507799396,65.38461538461539,0.0,-0.05887775586653288,0.5396464623402519,0.6708373666985453,0.07782784068271364,100.0,26.0,26,0.6129860005392456,0.7303798014013814,0.07849251951901681,100.0,26.0,26,"rango LOO rho [0.613, 0.730]; cambio máximo 0.078",Sin identidad directa predeclarada; evaluar dependencia por arquitectura y protocolo,"Asociación positiva en rangos; diferencia r−rho=-0.059; valorar junto con soporte, empates y sensibilidad",Geometría previa; dependencia del diseño experimental; Posensayo; unidad corroborada con tesis PDF pp.117/121 (docs/trazabilidad_datos.md); ausencia de energía no demuestra ausencia de evento/ciclo; LOO no es IC ni validación predictiva; no implica causalidad
Pivot_total_volume,Dissipated_cycle_5,26,-0.12264254785576736,0.25662686664076195,0.21493024218190784,65.38461538461539,0.0,-0.3792694144965293,-0.17415466883017156,0.3756375819127006,0.4982801297684679,96.15384615384616,5.0,26,0.1703814530873456,0.3731448272719382,0.11651796063117625,100.0,5.0,26,"rango LOO rho [0.170, 0.373]; cambio máximo 0.117",Sin identidad directa predeclarada; evaluar dependencia por arquitectura y protocolo,"Asociación positiva en rangos; diferencia r−rho=-0.379; valorar junto con soporte, empates y sensibilidad",Geometría previa; dependencia del diseño experimental; Posensayo; unidad corroborada con tesis PDF pp.117/121 (docs/trazabilidad_datos.md); ausencia de energía no demuestra ausencia de evento/ciclo; LOO no es IC ni validación predictiva; no implica causalidad
Pivot_total_volume,Dissipated_cycle_6,20,0.19323608123386046,0.2812834739634229,0.19799356531368925,55.00000000000001,0.0,-0.08804739272956244,0.09124350716645838,0.34615094632245075,0.15291486508859028,100.0,10.0,20,0.1656411660447012,0.43029747766962184,0.14901400370619894,100.0,4.0,20,"rango LOO rho [0.166, 0.430]; cambio máximo 0.149",Sin identidad directa predeclarada; evaluar dependencia por arquitectura y protocolo,"Asociación positiva en rangos; diferencia r−rho=-0.088; valorar junto con soporte, empates y sensibilidad",Geometría previa; dependencia del diseño experimental; Posensayo; unidad corroborada con tesis PDF pp.117/121 (docs/trazabilidad_datos.md); ausencia de energía no demuestra ausencia de evento/ciclo; LOO no es IC ni validación predictiva; no implica causalidad
Pivot_total_volume,Dissipated_cycle_7,7,0.003421320023773073,0.17928429140015903,0.11664236870396087,57.14285714285714,0.0,-0.17586297137638596,-0.21466846370557963,0.3382496776690871,0.334828357645314,57.14285714285714,20.0,7,-0.061721339984836754,0.41403933560541256,0.24100563138499578,57.14285714285714,25.0,7,"rango LOO rho [-0.062, 0.414]; cambio máximo 0.241",Sin identidad directa predeclarada; evaluar dependencia por arquitectura y protocolo,"Asociación positiva en rangos; diferencia r−rho=-0.176; valorar junto con soporte, empates y sensibilidad",Geometría previa; dependencia del diseño experimental; Posensayo; unidad corroborada con tesis PDF pp.117/121 (docs/trazabilidad_datos.md); ausencia de energía no demuestra ausencia de evento/ciclo; LOO no es IC ni validación predictiva; no implica causalidad
Pivot_total_volume,Fracture_event_1,26,0.8386265014005233,0.8135690879428982,0.593464101547059,65.38461538461539,0.0,0.025057413457625133,0.8234031981982769,0.8583085856449965,0.019682084244473153,100.0,17.0,26,0.7945971403073481,0.8360921440947994,0.0225230561519012,100.0,17.0,26,"rango LOO rho [0.795, 0.836]; cambio máximo 0.023",Sin identidad directa predeclarada; evaluar dependencia por arquitectura y protocolo,"Asociación positiva en rangos; diferencia r−rho=0.025; valorar junto con soporte, empates y sensibilidad",Geometría previa; dependencia del diseño experimental; Posensayo; unidad corroborada con tesis PDF pp.117/121 (docs/trazabilidad_datos.md); ausencia de energía no demuestra ausencia de evento/ciclo; LOO no es IC ni validación predictiva; no implica causalidad
Pivot_total_volume,Fracture_event_2,24,0.6332306050718319,0.5650656112100334,0.43348413665557145,62.5,0.0,0.06816499386179853,0.5777455337374029,0.7040655373027102,0.07083493223087822,100.0,26.0,24,0.5154167219184895,0.635200164524426,0.07013455331439256,100.0,26.0,24,"rango LOO rho [0.515, 0.635]; cambio máximo 0.070",Sin identidad directa predeclarada; evaluar dependencia por arquitectura y protocolo,"Asociación positiva en rangos; diferencia r−rho=0.068; valorar junto con soporte, empates y sensibilidad",Geometría previa; dependencia del diseño experimental; Posensayo; unidad corroborada con tesis PDF pp.117/121 (docs/trazabilidad_datos.md); ausencia de energía no demuestra ausencia de evento/ciclo; LOO no es IC ni validación predictiva; no implica causalidad
Pivot_total_volume,Fracture_event_3,22,0.06270374201675008,0.23151941317438002,0.14947436677781573,63.63636363636363,0.0,-0.16881567115762994,-0.04157107699133883,0.1782568658179669,0.11555312380121682,90.9090909090909,26.0,22,0.11915292586409365,0.37881346955877493,0.1472940563843949,100.0,24.0,22,"rango LOO rho [0.119, 0.379]; cambio máximo 0.147",Sin identidad directa predeclarada; evaluar dependencia por arquitectura y protocolo,"Asociación positiva en rangos; diferencia r−rho=-0.169; valorar junto con soporte, empates y sensibilidad",Geometría previa; dependencia del diseño experimental; Posensayo; unidad corroborada con tesis PDF pp.117/121 (docs/trazabilidad_datos.md); ausencia de energía no demuestra ausencia de evento/ciclo; LOO no es IC ni validación predictiva; no implica causalidad
Pivot_total_volume,Fracture_event_4,19,0.18718091319418606,0.32376198452069743,0.22041550751119351,57.89473684210527,0.0,-0.13658107132651137,0.08740566351155746,0.2980022180490159,0.11082130485482983,100.0,19.0,19,0.25626126172868385,0.5054963772038811,0.18173439268318364,100.0,19.0,19,"rango LOO rho [0.256, 0.505]; cambio máximo 0.182",Sin identidad directa predeclarada; evaluar dependencia por arquitectura y protocolo,"Asociación positiva en rangos; diferencia r−rho=-0.137; valorar junto con soporte, empates y sensibilidad",Geometría previa; dependencia del diseño experimental; Posensayo; unidad corroborada con tesis PDF pp.117/121 (docs/trazabilidad_datos.md); ausencia de energía no demuestra ausencia de evento/ciclo; LOO no es IC ni validación predictiva; no implica causalidad
Pivot_total_volume,Fracture_event_5,17,0.3393840279678636,0.26593599408686325,0.18481233109010922,52.94117647058824,0.0,0.07344803388100035,0.085809302461065,0.49431366950045846,0.2535747255067986,100.0,24.0,17,0.14711048377193273,0.4446373174796881,0.17870132339282485,100.0,19.0,17,"rango LOO rho [0.147, 0.445]; cambio máximo 0.179",Sin identidad directa predeclarada; evaluar dependencia por arquitectura y protocolo,"Asociación positiva en rangos; diferencia r−rho=0.073; valorar junto con soporte, empates y sensibilidad",Geometría previa; dependencia del diseño experimental; Posensayo; unidad corroborada con tesis PDF pp.117/121 (docs/trazabilidad_datos.md); ausencia de energía no demuestra ausencia de evento/ciclo; LOO no es IC ni validación predictiva; no implica causalidad
Pivot_total_volume,Fracture_event_6,7,-0.4410311681494438,-0.4504687313477795,-0.48795003647426666,14.28571428571429,0.0,0.009437563198335663,-0.6712746197143756,-0.23842704889256403,0.2302434515649318,100.0,1.0,7,-0.9856107606091623,-0.11595420713048969,0.5351420292613829,100.0,1.0,7,"rango LOO rho [-0.986, -0.116]; cambio máximo 0.535",Sin identidad directa predeclarada; evaluar dependencia por arquitectura y protocolo,"Asociación negativa en rangos; diferencia r−rho=0.009; valorar junto con soporte, empates y sensibilidad",Geometría previa; dependencia del diseño experimental; Posensayo; unidad corroborada con tesis PDF pp.117/121 (docs/trazabilidad_datos.md); ausencia de energía no demuestra ausencia de evento/ciclo; LOO no es IC ni validación predictiva; no implica causalidad
Pivot_total_volume,Fracture_event_7,6,-0.06660303465184757,0.028988551782622423,0.13801311186847084,16.666666666666664,0.0,-0.09559158643447,-0.2904367651906464,0.26826588438530186,0.33486891903714944,83.33333333333334,1.0,6,-0.30779350562554625,0.5642880936468347,0.5352995418642124,50.0,1.0,6,"rango LOO rho [-0.308, 0.564]; cambio máximo 0.535",Sin identidad directa predeclarada; evaluar dependencia por arquitectura y protocolo,"Asociación positiva en rangos; diferencia r−rho=-0.096; valorar junto con soporte, empates y sensibilidad",Geometría previa; dependencia del diseño experimental; Posensayo; unidad corroborada con tesis PDF pp.117/121 (docs/trazabilidad_datos.md); ausencia de energía no demuestra ausencia de evento/ciclo; LOO no es IC ni validación predictiva; no implica causalidad
Pivot_total_volume,Fracture_event_8,4,-0.35168580596835586,-0.5999999999999999,-0.3333333333333334,0.0,0.0,0.248314194031644,-0.6111757843935308,-0.264617413090778,0.25948997842517496,100.0,1.0,4,-0.4999999999999999,-0.4999999999999999,0.09999999999999998,100.0,1.0,4,"rango LOO rho [-0.500, -0.500]; cambio máximo 0.100",Sin identidad directa predeclarada; evaluar dependencia por arquitectura y protocolo,"Asociación negativa en rangos; diferencia r−rho=0.248; valorar junto con soporte, empates y sensibilidad",Geometría previa; dependencia del diseño experimental; Posensayo; unidad corroborada con tesis PDF pp.117/121 (docs/trazabilidad_datos.md); ausencia de energía no demuestra ausencia de evento/ciclo; LOO no es IC ni validación predictiva; no implica causalidad
Pivot_total_volume,Fracture_event_9,2,,,,0.0,0.0,,,,,,,0,,,,,,0,No identificable: soporte insuficiente o variable constante,Sin identidad directa predeclarada; evaluar dependencia por arquitectura y protocolo,Asociación no identificable con la variación y disponibilidad observadas,Geometría previa; dependencia del diseño experimental; Posensayo; unidad corroborada con tesis PDF pp.117/121 (docs/trazabilidad_datos.md); ausencia de energía no demuestra ausencia de evento/ciclo; LOO no es IC ni validación predictiva; no implica causalidad
Pivot_total_volume,Fracture_event_10,1,,,,0.0,0.0,,,,,,,0,,,,,,0,No identificable: soporte insuficiente o variable constante,Sin identidad directa predeclarada; evaluar dependencia por arquitectura y protocolo,Asociación no identificable con la variación y disponibilidad observadas,Geometría previa; dependencia del diseño experimental; Posensayo; unidad corroborada con tesis PDF pp.117/121 (docs/trazabilidad_datos.md); ausencia de energía no demuestra ausencia de evento/ciclo; LOO no es IC ni validación predictiva; no implica causalidad
Pivot_total_volume,Fracture_event_11,1,,,,0.0,0.0,,,,,,,0,,,,,,0,No identificable: soporte insuficiente o variable constante,Sin identidad directa predeclarada; evaluar dependencia por arquitectura y protocolo,Asociación no identificable con la variación y disponibilidad observadas,Geometría previa; dependencia del diseño experimental; Posensayo; unidad corroborada con tesis PDF pp.117/121 (docs/trazabilidad_datos.md); ausencia de energía no demuestra ausencia de evento/ciclo; LOO no es IC ni validación predictiva; no implica causalidad
Pivot_total_volume,Fracture_event_12,1,,,,0.0,0.0,,,,,,,0,,,,,,0,No identificable: soporte insuficiente o variable constante,Sin identidad directa predeclarada; evaluar dependencia por arquitectura y protocolo,Asociación no identificable con la variación y disponibilidad observadas,Geometría previa; dependencia del diseño experimental; Posensayo; unidad corroborada con tesis PDF pp.117/121 (docs/trazabilidad_datos.md); ausencia de energía no demuestra ausencia de evento/ciclo; LOO no es IC ni validación predictiva; no implica causalidad
Pivot_total_volume,Fracture_event_13,1,,,,0.0,0.0,,,,,,,0,,,,,,0,No identificable: soporte insuficiente o variable constante,Sin identidad directa predeclarada; evaluar dependencia por arquitectura y protocolo,Asociación no identificable con la variación y disponibilidad observadas,Geometría previa; dependencia del diseño experimental; Posensayo; unidad corroborada con tesis PDF pp.117/121 (docs/trazabilidad_datos.md); ausencia de energía no demuestra ausencia de evento/ciclo; LOO no es IC ni validación predictiva; no implica causalidad
Pivot_total_volume,Load_ratio_first_over_ultimate,26,0.5667581201013149,0.5290779100448953,0.3945734296772338,65.38461538461539,0.0,0.03768021005641953,0.4864983567765212,0.6409256319341501,0.08025976332479368,100.0,26.0,26,0.47699062241944024,0.5856965144712348,0.05661860442633948,100.0,24.0,26,"rango LOO rho [0.477, 0.586]; cambio máximo 0.057",Sin identidad directa predeclarada; evaluar dependencia por arquitectura y protocolo,"Asociación positiva en rangos; diferencia r−rho=0.038; valorar junto con soporte, empates y sensibilidad",Geometría previa; dependencia del diseño experimental; Cociente primera/rotura final; no factor de seguridad ni reserva de carga; LOO no es IC ni validación predictiva; no implica causalidad
Pivot_total_volume,Load_per_specimen_volume,26,0.8408210929302747,0.8063450072465764,0.5998799296718921,65.38461538461539,0.0,0.03447608568369831,0.8273127782975116,0.8670957320661633,0.026274639135888567,100.0,17.0,26,0.7856908370777823,0.8341567456130984,0.027811738366521954,100.0,17.0,26,"rango LOO rho [0.786, 0.834]; cambio máximo 0.028",Sin identidad directa predeclarada; evaluar dependencia por arquitectura y protocolo,"Asociación positiva en rangos; diferencia r−rho=0.034; valorar junto con soporte, empates y sensibilidad",Geometría previa; dependencia del diseño experimental; Índice descriptivo de carga por volumen; no esfuerzo ni resistencia material; LOO no es IC ni validación predictiva; no implica causalidad
Pivot_total_volume,Load_per_pivot,26,0.5986977861496579,0.6037267439068864,0.36891011717790156,65.38461538461539,0.0,-0.005028957757228558,0.5530371569119379,0.6757748038610163,0.07707701771135844,100.0,3.0,26,0.5599354117370494,0.6528707497846924,0.049144005877805985,100.0,3.0,26,"rango LOO rho [0.560, 0.653]; cambio máximo 0.049",Sin identidad directa predeclarada; evaluar dependencia por arquitectura y protocolo,"Asociación positiva en rangos; diferencia r−rho=-0.005; valorar junto con soporte, empates y sensibilidad",Geometría previa; dependencia del diseño experimental; No presupone reparto uniforme de cargas entre pivotes; LOO no es IC ni validación predictiva; no implica causalidad
Pivot_total_volume,Load_per_cell_Y,26,0.7907652816986455,0.7021118429139346,0.49722667967456285,65.38461538461539,0.0,0.08865343878471088,0.7701999890053516,0.8278237487684912,0.037058467069845724,100.0,17.0,26,0.669908895093427,0.7504528547347176,0.048341011820782986,100.0,3.0,26,"rango LOO rho [0.670, 0.750]; cambio máximo 0.048",Sin identidad directa predeclarada; evaluar dependencia por arquitectura y protocolo,"Asociación positiva en rangos; diferencia r−rho=0.089; valorar junto con soporte, empates y sensibilidad",Geometría previa; dependencia del diseño experimental; Normalización por conteo en Y; no fuerza medida en cada celda; LOO no es IC ni validación predictiva; no implica causalidad
Pivot_total_volume,Fracture_observed_sum,26,0.7005382091876933,0.7691925922369219,0.5870482734222259,65.38461538461539,0.0,-0.06865438304922866,0.6555801398762638,0.7448960220889393,0.04495806931142943,100.0,24.0,26,0.7438699349563429,0.8066740871729453,0.037481494936023374,100.0,10.0,26,"rango LOO rho [0.744, 0.807]; cambio máximo 0.037",Sin identidad directa predeclarada; evaluar dependencia por arquitectura y protocolo,"Asociación positiva en rangos; diferencia r−rho=-0.069; valorar junto con soporte, empates y sensibilidad",Geometría previa; dependencia del diseño experimental; Suma observada de longitud variable; no energía total del ensayo; LOO no es IC ni validación predictiva; no implica causalidad
Pivot_total_volume,Fracture_registered_events,26,-0.5428614933953991,-0.5585005419231766,-0.46286451252451233,65.38461538461539,61.53846153846154,0.01563904852777742,-0.6039419868266693,-0.4893733502536506,0.0610804934312702,100.0,26.0,26,-0.6545954239579048,-0.5164233255073071,0.09609488203472827,100.0,26.0,26,"rango LOO rho [-0.655, -0.516]; cambio máximo 0.096",Sin identidad directa predeclarada; evaluar dependencia por arquitectura y protocolo,"Asociación negativa en rangos; diferencia r−rho=0.016; valorar junto con soporte, empates y sensibilidad","Geometría previa; dependencia del diseño experimental; Disponibilidad de registro, no conteo verificado de todas las fracturas; LOO no es IC ni validación predictiva; no implica causalidad"
Pivot_total_volume,Fracture_initial_share,26,0.7059821785834496,0.7326814383881177,0.5204834387696162,65.38461538461539,3.8461538461538436,-0.02669925980466814,0.6605332960374382,0.7455311530751635,0.045448882546011427,100.0,27.0,26,0.7017169081538759,0.7632744189933055,0.030964530234241838,100.0,16.0,26,"rango LOO rho [0.702, 0.763]; cambio máximo 0.031",Sin identidad directa predeclarada; evaluar dependencia por arquitectura y protocolo,"Asociación positiva en rangos; diferencia r−rho=-0.027; valorar junto con soporte, empates y sensibilidad",Geometría previa; dependencia del diseño experimental; Comparte numerador y denominador con otras respuestas; sensible a cobertura de eventos; LOO no es IC ni validación predictiva; no implica causalidad
Pivot_total_volume,Residual_fraction_cycle1,26,-0.446114854152492,-0.43585286867807693,-0.3111676640544039,65.38461538461539,0.0,-0.010261985474415092,-0.5113954531068894,-0.36620970920424817,0.07990514494824386,100.0,25.0,26,-0.5152891395480085,-0.37057966046497665,0.07943627086993155,100.0,26.0,26,"rango LOO rho [-0.515, -0.371]; cambio máximo 0.079",Sin identidad directa predeclarada; evaluar dependencia por arquitectura y protocolo,"Asociación negativa en rangos; diferencia r−rho=-0.010; valorar junto con soporte, empates y sensibilidad",Geometría previa; dependencia del diseño experimental; Amplitud nominal del nombre de columna; no deformación unitaria; LOO no es IC ni validación predictiva; no implica causalidad
Pivot_total_volume,Residual_fraction_cycle2,26,-0.6112290983990604,-0.5669183327399139,-0.4266525703013992,65.38461538461539,0.0,-0.04431076565914649,-0.6930517852119972,-0.5454538616397913,0.0818226868129368,100.0,26.0,26,-0.6503010837689206,-0.517340048465213,0.08338275102900672,100.0,26.0,26,"rango LOO rho [-0.650, -0.517]; cambio máximo 0.083",Sin identidad directa predeclarada; evaluar dependencia por arquitectura y protocolo,"Asociación negativa en rangos; diferencia r−rho=-0.044; valorar junto con soporte, empates y sensibilidad",Geometría previa; dependencia del diseño experimental; Amplitud nominal del nombre de columna; no deformación unitaria; LOO no es IC ni validación predictiva; no implica causalidad
Pivot_total_volume,Residual_fraction_cycle3,26,-0.5251168842318381,-0.34159581578321263,-0.227761898431574,65.38461538461539,0.0,-0.18352106844862548,-0.581784929213357,-0.4344344315608893,0.09068245267094882,100.0,25.0,26,-0.4118527969059567,-0.2594444853830035,0.08215133040020911,100.0,3.0,26,"rango LOO rho [-0.412, -0.259]; cambio máximo 0.082",Sin identidad directa predeclarada; evaluar dependencia por arquitectura y protocolo,"Asociación negativa en rangos; diferencia r−rho=-0.184; valorar junto con soporte, empates y sensibilidad",Geometría previa; dependencia del diseño experimental; Amplitud nominal del nombre de columna; no deformación unitaria; LOO no es IC ni validación predictiva; no implica causalidad
Pivot_total_volume,Residual_fraction_cycle4,26,-0.33501643396509745,-0.3612040348160859,-0.2662568671805724,65.38461538461539,0.0,0.026187600850988424,-0.43703406465356015,-0.22806766996880914,0.1069487639962883,100.0,25.0,26,-0.4478512086655939,-0.2811293975941202,0.08664717384950804,100.0,4.0,26,"rango LOO rho [-0.448, -0.281]; cambio máximo 0.087",Sin identidad directa predeclarada; evaluar dependencia por arquitectura y protocolo,"Asociación negativa en rangos; diferencia r−rho=0.026; valorar junto con soporte, empates y sensibilidad",Geometría previa; dependencia del diseño experimental; Amplitud nominal del nombre de columna; no deformación unitaria; LOO no es IC ni validación predictiva; no implica causalidad
Pivot_total_volume,Residual_fraction_cycle5,26,-0.0576685166535285,-0.013081093419281972,-0.016114115579589153,65.38461538461539,7.692307692307687,-0.044587423234246526,-0.18572633571205396,0.08626259235766401,0.1439311090111925,88.46153846153845,27.0,26,-0.10807840451363265,0.10463277303236215,0.11771386645164413,69.23076923076923,3.0,26,"rango LOO rho [-0.108, 0.105]; cambio máximo 0.118",Sin identidad directa predeclarada; evaluar dependencia por arquitectura y protocolo,"Asociación negativa en rangos; diferencia r−rho=-0.045; valorar junto con soporte, empates y sensibilidad",Geometría previa; dependencia del diseño experimental; Amplitud nominal del nombre de columna; no deformación unitaria; LOO no es IC ni validación predictiva; no implica causalidad
Pivot_total_volume,Residual_fraction_cycle6,20,-0.06659168339840212,-0.12026142817550675,-0.11057996468120725,55.00000000000001,9.999999999999998,0.053669744777104636,-0.3794654636213719,0.07037704508162616,0.3128737802229698,90.0,4.0,20,-0.2769260731574845,-0.011936568147965981,0.15666464498197777,100.0,4.0,20,"rango LOO rho [-0.277, -0.012]; cambio máximo 0.157",Sin identidad directa predeclarada; evaluar dependencia por arquitectura y protocolo,"Asociación negativa en rangos; diferencia r−rho=0.054; valorar junto con soporte, empates y sensibilidad",Geometría previa; dependencia del diseño experimental; Amplitud nominal del nombre de columna; no deformación unitaria; LOO no es IC ni validación predictiva; no implica causalidad
Pivot_total_volume,Recovery_complement_cycle6,20,0.06659168339840209,0.12026142817550675,0.11057996468120725,55.00000000000001,9.999999999999998,-0.053669744777104664,-0.07037704508162622,0.37946546362137196,0.31287378022296986,90.0,4.0,20,0.011936568147965981,0.2769260731574845,0.15666464498197777,100.0,4.0,20,"rango LOO rho [0.012, 0.277]; cambio máximo 0.157",Sin identidad directa predeclarada; evaluar dependencia por arquitectura y protocolo,"Asociación positiva en rangos; diferencia r−rho=-0.054; valorar junto con soporte, empates y sensibilidad",Geometría previa; dependencia del diseño experimental; Proxy complemento nominal; requiere protocolo para interpretar recuperación elástica; LOO no es IC ni validación predictiva; no implica causalidad
Sample_total_volume,First_Failure_Load_N,26,0.7726672769945934,0.7993844048617449,0.5996973277031307,11.538461538461542,0.0,-0.026717127867151524,0.7569866133010749,0.8021072374787137,0.029439960484120342,100.0,13.0,26,0.7858381143823043,0.832243232054006,0.032858827192261075,100.0,22.0,26,"rango LOO rho [0.786, 0.832]; cambio máximo 0.033",Sin identidad directa predeclarada; evaluar dependencia por arquitectura y protocolo,"Asociación positiva en rangos; diferencia r−rho=-0.027; valorar junto con soporte, empates y sensibilidad",Geometría previa; dependencia del diseño experimental; Posensayo; excluido de INPUT; LOO no es IC ni validación predictiva; no implica causalidad
Sample_total_volume,Ultimate_Load,26,0.43137873025172124,0.3663417619199524,0.22875052706201895,11.538461538461542,0.0,0.06503696833176886,0.38927402381421183,0.481121275413011,0.04974254516128973,100.0,19.0,26,0.3117183509547828,0.43978456506598657,0.07344280314603419,100.0,26.0,26,"rango LOO rho [0.312, 0.440]; cambio máximo 0.073",Sin identidad directa predeclarada; evaluar dependencia por arquitectura y protocolo,"Asociación positiva en rangos; diferencia r−rho=0.065; valorar junto con soporte, empates y sensibilidad","Geometría previa; dependencia del diseño experimental; Posensayo; excluido de INPUT; fuerza del evento terminal/rotura final, no máximo global (docs/trazabilidad_datos.md); LOO no es IC ni validación predictiva; no implica causalidad"
Sample_total_volume,Maximum_Displacement,26,0.15875590786333316,0.2024970336663042,0.11746648686968539,11.538461538461542,0.0,-0.04374112580297104,0.04262512302505548,0.25256667305126473,0.11613078483827768,100.0,5.0,26,0.12661152773348586,0.2763133036858445,0.07588550593281834,100.0,5.0,26,"rango LOO rho [0.127, 0.276]; cambio máximo 0.076",Sin identidad directa predeclarada; evaluar dependencia por arquitectura y protocolo,"Asociación positiva en rangos; diferencia r−rho=-0.044; valorar junto con soporte, empates y sensibilidad",Geometría previa; dependencia del diseño experimental; Posensayo; excluido de INPUT; LOO no es IC ni validación predictiva; no implica causalidad
Sample_total_volume,residual_Displacement_1cycle_10mm,26,-0.5668063199910823,-0.5602874005834566,-0.40804148070522295,11.538461538461542,0.0,-0.006518919407625723,-0.6418417909732942,-0.4793140019324088,0.08749231805867352,100.0,9.0,26,-0.6280547515533401,-0.5060612734636288,0.06776735096988351,100.0,14.0,26,"rango LOO rho [-0.628, -0.506]; cambio máximo 0.068",Sin identidad directa predeclarada; evaluar dependencia por arquitectura y protocolo,"Asociación negativa en rangos; diferencia r−rho=-0.007; valorar junto con soporte, empates y sensibilidad",Geometría previa; dependencia del diseño experimental; Posensayo; excluido de INPUT; LOO no es IC ni validación predictiva; no implica causalidad
Sample_total_volume,residual_Displacement_2cycle_20mm,26,-0.5940156003390479,-0.5671285165856966,-0.3647643539637599,11.538461538461542,0.0,-0.02688708375335125,-0.6401595762911011,-0.5153368111715622,0.07867878916748572,100.0,9.0,26,-0.6303637763752274,-0.5137580228699198,0.06323525978953082,100.0,7.0,26,"rango LOO rho [-0.630, -0.514]; cambio máximo 0.063",Sin identidad directa predeclarada; evaluar dependencia por arquitectura y protocolo,"Asociación negativa en rangos; diferencia r−rho=-0.027; valorar junto con soporte, empates y sensibilidad",Geometría previa; dependencia del diseño experimental; Posensayo; excluido de INPUT; LOO no es IC ni validación predictiva; no implica causalidad
Sample_total_volume,residual_Displacement_3cycle_30mm,26,-0.3608801878514013,-0.2904053742950883,-0.20402074035261147,11.538461538461542,0.0,-0.07047481355631302,-0.41551456945752524,-0.27358164842042315,0.08729853943097815,100.0,3.0,26,-0.35558982257064115,-0.20165483444482246,0.08875053985026582,100.0,3.0,26,"rango LOO rho [-0.356, -0.202]; cambio máximo 0.089",Sin identidad directa predeclarada; evaluar dependencia por arquitectura y protocolo,"Asociación negativa en rangos; diferencia r−rho=-0.070; valorar junto con soporte, empates y sensibilidad",Geometría previa; dependencia del diseño experimental; Posensayo; excluido de INPUT; LOO no es IC ni validación predictiva; no implica causalidad
Sample_total_volume,residual_Displacement_4cycle_40mm,26,-0.0595256466143889,-0.1812895740593602,-0.136013826901741,11.538461538461542,0.0,0.12176392744497129,-0.16893554172525135,0.04153659520198536,0.10940989511086245,84.61538461538461,8.0,26,-0.26746204186860995,-0.07889168141448206,0.10239789264487813,100.0,3.0,26,"rango LOO rho [-0.267, -0.079]; cambio máximo 0.102",Sin identidad directa predeclarada; evaluar dependencia por arquitectura y protocolo,"Asociación negativa en rangos; diferencia r−rho=0.122; valorar junto con soporte, empates y sensibilidad",Geometría previa; dependencia del diseño experimental; Posensayo; excluido de INPUT; LOO no es IC ni validación predictiva; no implica causalidad
Sample_total_volume,residual_Displacement_5cycle_50mm,26,0.1855080505480268,0.07530378340645756,0.043478260869565216,11.538461538461542,7.692307692307687,0.11020426714156924,0.09698816307906805,0.30873224346757305,0.12322419291954625,100.0,3.0,26,-0.011939149075590714,0.2098979434257077,0.13459416001925012,92.3076923076923,3.0,26,"rango LOO rho [-0.012, 0.210]; cambio máximo 0.135",Sin identidad directa predeclarada; evaluar dependencia por arquitectura y protocolo,"Asociación positiva en rangos; diferencia r−rho=0.110; valorar junto con soporte, empates y sensibilidad",Geometría previa; dependencia del diseño experimental; Posensayo; excluido de INPUT; LOO no es IC ni validación predictiva; no implica causalidad
Sample_total_volume,residual_Displacement_6cycle_60mm,20,0.08740681155774424,0.03578154679416998,-0.026666761481987166,15.000000000000002,9.999999999999998,0.05162526476357426,-0.1446688815483063,0.18097484599664637,0.23207569310605053,95.0,4.0,20,-0.11560440677255523,0.11824176966470479,0.1513859535667252,80.0,20.0,20,"rango LOO rho [-0.116, 0.118]; cambio máximo 0.151",Sin identidad directa predeclarada; evaluar dependencia por arquitectura y protocolo,"Asociación positiva en rangos; diferencia r−rho=0.052; valorar junto con soporte, empates y sensibilidad",Geometría previa; dependencia del diseño experimental; Posensayo; excluido de INPUT; LOO no es IC ni validación predictiva; no implica causalidad
Sample_total_volume,Dissipated_cycle_1,26,0.39074807059395555,0.4203865783376484,0.27821010048083383,11.538461538461542,0.0,-0.029638507743692866,0.3310261811208906,0.4528099737786894,0.06206190318473387,100.0,7.0,26,0.350586935456552,0.48027716295255424,0.06979964288109641,100.0,20.0,26,"rango LOO rho [0.351, 0.480]; cambio máximo 0.070",Sin identidad directa predeclarada; evaluar dependencia por arquitectura y protocolo,"Asociación positiva en rangos; diferencia r−rho=-0.030; valorar junto con soporte, empates y sensibilidad",Geometría previa; dependencia del diseño experimental; Posensayo; unidad corroborada con tesis PDF pp.117/121 (docs/trazabilidad_datos.md); ausencia de energía no demuestra ausencia de evento/ciclo; LOO no es IC ni validación predictiva; no implica causalidad
Sample_total_volume,Dissipated_cycle_2,26,0.6763683804397538,0.6434069600106727,0.46986594747874155,11.538461538461542,0.0,0.03296142042908112,0.6249469121212164,0.7351371749768286,0.05876879453707484,100.0,26.0,26,0.6003464536906928,0.7252790071298203,0.08187204711914764,100.0,26.0,26,"rango LOO rho [0.600, 0.725]; cambio máximo 0.082",Sin identidad directa predeclarada; evaluar dependencia por arquitectura y protocolo,"Asociación positiva en rangos; diferencia r−rho=0.033; valorar junto con soporte, empates y sensibilidad",Geometría previa; dependencia del diseño experimental; Posensayo; unidad corroborada con tesis PDF pp.117/121 (docs/trazabilidad_datos.md); ausencia de energía no demuestra ausencia de evento/ciclo; LOO no es IC ni validación predictiva; no implica causalidad
Sample_total_volume,Dissipated_cycle_3,26,0.7526212750577179,0.7631264900498728,0.5811499876710751,11.538461538461542,0.0,-0.010505214992154843,0.7133050506542169,0.8018987468984655,0.0492774718407476,100.0,16.0,26,0.734269893360155,0.8281702361169044,0.06504374606703167,100.0,16.0,26,"rango LOO rho [0.734, 0.828]; cambio máximo 0.065",Sin identidad directa predeclarada; evaluar dependencia por arquitectura y protocolo,"Asociación positiva en rangos; diferencia r−rho=-0.011; valorar junto con soporte, empates y sensibilidad",Geometría previa; dependencia del diseño experimental; Posensayo; unidad corroborada con tesis PDF pp.117/121 (docs/trazabilidad_datos.md); ausencia de energía no demuestra ausencia de evento/ciclo; LOO no es IC ni validación predictiva; no implica causalidad
Sample_total_volume,Dissipated_cycle_4,26,0.7193119949180894,0.7497863138455048,0.5749675409937233,11.538461538461542,0.0,-0.030474318927415367,0.6718358381110098,0.7678251317720676,0.04851313685397818,100.0,16.0,26,0.7192612320178877,0.7956907091482591,0.045904395302754364,100.0,26.0,26,"rango LOO rho [0.719, 0.796]; cambio máximo 0.046",Sin identidad directa predeclarada; evaluar dependencia por arquitectura y protocolo,"Asociación positiva en rangos; diferencia r−rho=-0.030; valorar junto con soporte, empates y sensibilidad",Geometría previa; dependencia del diseño experimental; Posensayo; unidad corroborada con tesis PDF pp.117/121 (docs/trazabilidad_datos.md); ausencia de energía no demuestra ausencia de evento/ciclo; LOO no es IC ni validación predictiva; no implica causalidad
Sample_total_volume,Dissipated_cycle_5,26,-0.1275035390299763,0.4699846693538885,0.34621701393170434,11.538461538461542,0.0,-0.5974882083838648,-0.20245068595585017,0.6121016563732196,0.7396051954031959,96.15384615384616,5.0,26,0.40446418130058853,0.5991919412797492,0.12920727192586068,100.0,5.0,26,"rango LOO rho [0.404, 0.599]; cambio máximo 0.129",Sin identidad directa predeclarada; evaluar dependencia por arquitectura y protocolo,"Asociación positiva en rangos; diferencia r−rho=-0.597; valorar junto con soporte, empates y sensibilidad",Geometría previa; dependencia del diseño experimental; Posensayo; unidad corroborada con tesis PDF pp.117/121 (docs/trazabilidad_datos.md); ausencia de energía no demuestra ausencia de evento/ciclo; LOO no es IC ni validación predictiva; no implica causalidad
Sample_total_volume,Dissipated_cycle_6,20,0.48028216838687277,0.4727138880719387,0.34483850444199565,15.000000000000002,0.0,0.007568280314934062,0.3261682713970608,0.6091643953194413,0.15411389698981198,100.0,9.0,20,0.38647376538536515,0.5920075406130366,0.11929365254109792,100.0,4.0,20,"rango LOO rho [0.386, 0.592]; cambio máximo 0.119",Sin identidad directa predeclarada; evaluar dependencia por arquitectura y protocolo,"Asociación positiva en rangos; diferencia r−rho=0.008; valorar junto con soporte, empates y sensibilidad",Geometría previa; dependencia del diseño experimental; Posensayo; unidad corroborada con tesis PDF pp.117/121 (docs/trazabilidad_datos.md); ausencia de energía no demuestra ausencia de evento/ciclo; LOO no es IC ni validación predictiva; no implica causalidad
Sample_total_volume,Dissipated_cycle_7,7,-0.2505337053873371,-0.363696483726654,-0.3504383220252312,28.57142857142857,0.0,0.11316277833931687,-0.39992825107343694,0.12085003179580563,0.3713837371831427,85.71428571428571,21.0,7,-0.5590653920196746,0.029424494316824982,0.39312097804347895,85.71428571428571,21.0,7,"rango LOO rho [-0.559, 0.029]; cambio máximo 0.393",Sin identidad directa predeclarada; evaluar dependencia por arquitectura y protocolo,"Asociación negativa en rangos; diferencia r−rho=0.113; valorar junto con soporte, empates y sensibilidad",Geometría previa; dependencia del diseño experimental; Posensayo; unidad corroborada con tesis PDF pp.117/121 (docs/trazabilidad_datos.md); ausencia de energía no demuestra ausencia de evento/ciclo; LOO no es IC ni validación predictiva; no implica causalidad
Sample_total_volume,Fracture_event_1,26,0.782582434719041,0.8004105722620808,0.6120622210578345,11.538461538461542,0.0,-0.0178281375430398,0.7591031177452059,0.8091441451197693,0.0265617104007283,100.0,16.0,26,0.7846836019713607,0.8333975222510296,0.0329869499889488,100.0,22.0,26,"rango LOO rho [0.785, 0.833]; cambio máximo 0.033",Sin identidad directa predeclarada; evaluar dependencia por arquitectura y protocolo,"Asociación positiva en rangos; diferencia r−rho=-0.018; valorar junto con soporte, empates y sensibilidad",Geometría previa; dependencia del diseño experimental; Posensayo; unidad corroborada con tesis PDF pp.117/121 (docs/trazabilidad_datos.md); ausencia de energía no demuestra ausencia de evento/ciclo; LOO no es IC ni validación predictiva; no implica causalidad
Sample_total_volume,Fracture_event_2,24,0.5071215677708591,0.4187867026593155,0.30127091358586044,4.1666666666666625,0.0,0.08833486511154365,0.4510261866495666,0.5692425035297174,0.06212093575885824,100.0,10.0,24,0.3543365564066426,0.48579195948079446,0.06700525682147895,100.0,19.0,24,"rango LOO rho [0.354, 0.486]; cambio máximo 0.067",Sin identidad directa predeclarada; evaluar dependencia por arquitectura y protocolo,"Asociación positiva en rangos; diferencia r−rho=0.088; valorar junto con soporte, empates y sensibilidad",Geometría previa; dependencia del diseño experimental; Posensayo; unidad corroborada con tesis PDF pp.117/121 (docs/trazabilidad_datos.md); ausencia de energía no demuestra ausencia de evento/ciclo; LOO no es IC ni validación predictiva; no implica causalidad
Sample_total_volume,Fracture_event_3,22,0.35493856951342795,0.24117481899311513,0.1648593900357705,4.545454545454541,0.0,0.11376375052031282,0.30796327530210504,0.42902352988508,0.07408496037165208,100.0,24.0,22,0.16953557243616363,0.36233766233766235,0.12116284334454722,100.0,24.0,22,"rango LOO rho [0.170, 0.362]; cambio máximo 0.121",Sin identidad directa predeclarada; evaluar dependencia por arquitectura y protocolo,"Asociación positiva en rangos; diferencia r−rho=0.114; valorar junto con soporte, empates y sensibilidad",Geometría previa; dependencia del diseño experimental; Posensayo; unidad corroborada con tesis PDF pp.117/121 (docs/trazabilidad_datos.md); ausencia de energía no demuestra ausencia de evento/ciclo; LOO no es IC ni validación predictiva; no implica causalidad
Sample_total_volume,Fracture_event_4,19,0.3530137531997529,0.35263157894736835,0.2631578947368421,0.0,0.0,0.0003821742523845706,0.2422030753417593,0.5900473966207845,0.23703364342103161,100.0,19.0,19,0.28792569659442724,0.5913312693498451,0.2386996904024768,100.0,19.0,19,"rango LOO rho [0.288, 0.591]; cambio máximo 0.239",Sin identidad directa predeclarada; evaluar dependencia por arquitectura y protocolo,"Asociación positiva en rangos; diferencia r−rho=0.000; valorar junto con soporte, empates y sensibilidad",Geometría previa; dependencia del diseño experimental; Posensayo; unidad corroborada con tesis PDF pp.117/121 (docs/trazabilidad_datos.md); ausencia de energía no demuestra ausencia de evento/ciclo; LOO no es IC ni validación predictiva; no implica causalidad
Sample_total_volume,Fracture_event_5,17,0.27504783734490607,0.1470588235294118,0.08823529411764705,0.0,0.0,0.12798901381549427,0.14252871858133012,0.41257952292036904,0.13753168557546297,100.0,19.0,17,0.029411764705882353,0.3764705882352941,0.22941176470588232,100.0,19.0,17,"rango LOO rho [0.029, 0.376]; cambio máximo 0.229",Sin identidad directa predeclarada; evaluar dependencia por arquitectura y protocolo,"Asociación positiva en rangos; diferencia r−rho=0.128; valorar junto con soporte, empates y sensibilidad",Geometría previa; dependencia del diseño experimental; Posensayo; unidad corroborada con tesis PDF pp.117/121 (docs/trazabilidad_datos.md); ausencia de energía no demuestra ausencia de evento/ciclo; LOO no es IC ni validación predictiva; no implica causalidad
Sample_total_volume,Fracture_event_6,7,-0.6158331005778418,-0.7857142857142856,-0.6190476190476191,0.0,0.0,0.1698811851364438,-0.755040849886126,-0.5270270752745417,0.13920774930828417,100.0,1.0,7,-0.8285714285714286,-0.6571428571428571,0.12857142857142845,100.0,26.0,7,"rango LOO rho [-0.829, -0.657]; cambio máximo 0.129",Sin identidad directa predeclarada; evaluar dependencia por arquitectura y protocolo,"Asociación negativa en rangos; diferencia r−rho=0.170; valorar junto con soporte, empates y sensibilidad",Geometría previa; dependencia del diseño experimental; Posensayo; unidad corroborada con tesis PDF pp.117/121 (docs/trazabilidad_datos.md); ausencia de energía no demuestra ausencia de evento/ciclo; LOO no es IC ni validación predictiva; no implica causalidad
Sample_total_volume,Fracture_event_7,6,0.03933755308480589,0.14285714285714285,0.06666666666666665,0.0,0.0,-0.10351958977233697,-0.3075259619700828,0.34020433613313267,0.3468635150548887,66.66666666666666,9.0,6,-0.29999999999999993,0.5999999999999999,0.457142857142857,83.33333333333334,7.0,6,"rango LOO rho [-0.300, 0.600]; cambio máximo 0.457",Sin identidad directa predeclarada; evaluar dependencia por arquitectura y protocolo,"Asociación positiva en rangos; diferencia r−rho=-0.104; valorar junto con soporte, empates y sensibilidad",Geometría previa; dependencia del diseño experimental; Posensayo; unidad corroborada con tesis PDF pp.117/121 (docs/trazabilidad_datos.md); ausencia de energía no demuestra ausencia de evento/ciclo; LOO no es IC ni validación predictiva; no implica causalidad
Sample_total_volume,Fracture_event_8,4,-0.24402510219662032,0.19999999999999996,0.0,0.0,0.0,-0.4440251021966203,-0.6011603199928681,0.30134388345172,0.5453689856483404,50.0,4.0,4,-0.9999999999999998,0.4999999999999999,1.1999999999999997,75.0,7.0,4,"rango LOO rho [-1.000, 0.500]; cambio máximo 1.200",Sin identidad directa predeclarada; evaluar dependencia por arquitectura y protocolo,"Asociación positiva en rangos; diferencia r−rho=-0.444; valorar junto con soporte, empates y sensibilidad",Geometría previa; dependencia del diseño experimental; Posensayo; unidad corroborada con tesis PDF pp.117/121 (docs/trazabilidad_datos.md); ausencia de energía no demuestra ausencia de evento/ciclo; LOO no es IC ni validación predictiva; no implica causalidad
Sample_total_volume,Fracture_event_9,2,,,,0.0,0.0,,,,,,,0,,,,,,0,No identificable: soporte insuficiente o variable constante,Sin identidad directa predeclarada; evaluar dependencia por arquitectura y protocolo,Asociación no identificable con la variación y disponibilidad observadas,Geometría previa; dependencia del diseño experimental; Posensayo; unidad corroborada con tesis PDF pp.117/121 (docs/trazabilidad_datos.md); ausencia de energía no demuestra ausencia de evento/ciclo; LOO no es IC ni validación predictiva; no implica causalidad
Sample_total_volume,Fracture_event_10,1,,,,0.0,0.0,,,,,,,0,,,,,,0,No identificable: soporte insuficiente o variable constante,Sin identidad directa predeclarada; evaluar dependencia por arquitectura y protocolo,Asociación no identificable con la variación y disponibilidad observadas,Geometría previa; dependencia del diseño experimental; Posensayo; unidad corroborada con tesis PDF pp.117/121 (docs/trazabilidad_datos.md); ausencia de energía no demuestra ausencia de evento/ciclo; LOO no es IC ni validación predictiva; no implica causalidad
Sample_total_volume,Fracture_event_11,1,,,,0.0,0.0,,,,,,,0,,,,,,0,No identificable: soporte insuficiente o variable constante,Sin identidad directa predeclarada; evaluar dependencia por arquitectura y protocolo,Asociación no identificable con la variación y disponibilidad observadas,Geometría previa; dependencia del diseño experimental; Posensayo; unidad corroborada con tesis PDF pp.117/121 (docs/trazabilidad_datos.md); ausencia de energía no demuestra ausencia de evento/ciclo; LOO no es IC ni validación predictiva; no implica causalidad
Sample_total_volume,Fracture_event_12,1,,,,0.0,0.0,,,,,,,0,,,,,,0,No identificable: soporte insuficiente o variable constante,Sin identidad directa predeclarada; evaluar dependencia por arquitectura y protocolo,Asociación no identificable con la variación y disponibilidad observadas,Geometría previa; dependencia del diseño experimental; Posensayo; unidad corroborada con tesis PDF pp.117/121 (docs/trazabilidad_datos.md); ausencia de energía no demuestra ausencia de evento/ciclo; LOO no es IC ni validación predictiva; no implica causalidad
Sample_total_volume,Fracture_event_13,1,,,,0.0,0.0,,,,,,,0,,,,,,0,No identificable: soporte insuficiente o variable constante,Sin identidad directa predeclarada; evaluar dependencia por arquitectura y protocolo,Asociación no identificable con la variación y disponibilidad observadas,Geometría previa; dependencia del diseño experimental; Posensayo; unidad corroborada con tesis PDF pp.117/121 (docs/trazabilidad_datos.md); ausencia de energía no demuestra ausencia de evento/ciclo; LOO no es IC ni validación predictiva; no implica causalidad
Sample_total_volume,Load_ratio_first_over_ultimate,26,0.43988459004939595,0.5052164167654245,0.3338521205770006,11.538461538461542,0.0,-0.06533182671602855,0.38881726656526894,0.4864963961287912,0.051067323484127014,100.0,19.0,26,0.4537233775008505,0.5826439300562236,0.07742751329079911,100.0,10.0,26,"rango LOO rho [0.454, 0.583]; cambio máximo 0.077",Sin identidad directa predeclarada; evaluar dependencia por arquitectura y protocolo,"Asociación positiva en rangos; diferencia r−rho=-0.065; valorar junto con soporte, empates y sensibilidad",Geometría previa; dependencia del diseño experimental; Cociente primera/rotura final; no factor de seguridad ni reserva de carga; LOO no es IC ni validación predictiva; no implica causalidad
Sample_total_volume,Load_per_specimen_volume,26,0.758651037524363,0.7675732154513288,0.5749675409937233,11.538461538461542,0.0,-0.008922177926965813,0.7426377746380869,0.7895513175030269,0.030900279978663847,100.0,13.0,26,0.7523572544649387,0.7979992895423063,0.030426074090977417,100.0,22.0,26,"rango LOO rho [0.752, 0.798]; cambio máximo 0.030",Dependencia algebraica directa: una variable participa en la definición de la otra,"Asociación positiva en rangos; diferencia r−rho=-0.009; valorar junto con soporte, empates y sensibilidad",Geometría previa; dependencia del diseño experimental; Índice descriptivo de carga por volumen; no esfuerzo ni resistencia material; LOO no es IC ni validación predictiva; no implica causalidad
Sample_total_volume,Load_per_pivot,26,0.473056555307825,0.5517360055806566,0.3647643539637599,11.538461538461542,0.0,-0.07867945027283163,0.43911687200019245,0.565438705390493,0.09238215008266804,100.0,3.0,26,0.5125048474784725,0.6049645033344674,0.05322849775381078,100.0,3.0,26,"rango LOO rho [0.513, 0.605]; cambio máximo 0.053",Sin identidad directa predeclarada; evaluar dependencia por arquitectura y protocolo,"Asociación positiva en rangos; diferencia r−rho=-0.079; valorar junto con soporte, empates y sensibilidad",Geometría previa; dependencia del diseño experimental; No presupone reparto uniforme de cargas entre pivotes; LOO no es IC ni validación predictiva; no implica causalidad
Sample_total_volume,Load_per_cell_Y,26,0.7052796381971157,0.6796648748225447,0.48841328751079716,11.538461538461542,0.0,0.025614763374571026,0.6850986184089721,0.7413512095717477,0.03607157137463202,100.0,17.0,26,0.6557630494159875,0.7281124938351223,0.04844761901257766,100.0,3.0,26,"rango LOO rho [0.656, 0.728]; cambio máximo 0.048",Sin identidad directa predeclarada; evaluar dependencia por arquitectura y protocolo,"Asociación positiva en rangos; diferencia r−rho=0.026; valorar junto con soporte, empates y sensibilidad",Geometría previa; dependencia del diseño experimental; Normalización por conteo en Y; no fuerza medida en cada celda; LOO no es IC ni validación predictiva; no implica causalidad
Sample_total_volume,Fracture_observed_sum,26,0.7529424882558077,0.8010946838623049,0.5811499876710751,11.538461538461542,0.0,-0.048152195606497195,0.7316911789996435,0.7865569103944072,0.03361442213859955,100.0,16.0,26,0.7839139270307316,0.828555073587219,0.027460389724914158,100.0,16.0,26,"rango LOO rho [0.784, 0.829]; cambio máximo 0.027",Sin identidad directa predeclarada; evaluar dependencia por arquitectura y protocolo,"Asociación positiva en rangos; diferencia r−rho=-0.048; valorar junto con soporte, empates y sensibilidad",Geometría previa; dependencia del diseño experimental; Suma observada de longitud variable; no energía total del ensayo; LOO no es IC ni validación predictiva; no implica causalidad
Sample_total_volume,Fracture_registered_events,26,-0.4229757808865197,-0.4077297802178854,-0.307488589603863,11.538461538461542,61.53846153846154,-0.015246000668634296,-0.497211034399599,-0.3778263180047016,0.0742352535130793,100.0,5.0,26,-0.4871405043996278,-0.3479301356042288,0.07941072418174239,100.0,5.0,26,"rango LOO rho [-0.487, -0.348]; cambio máximo 0.079",Sin identidad directa predeclarada; evaluar dependencia por arquitectura y protocolo,"Asociación negativa en rangos; diferencia r−rho=-0.015; valorar junto con soporte, empates y sensibilidad","Geometría previa; dependencia del diseño experimental; Disponibilidad de registro, no conteo verificado de todas las fracturas; LOO no es IC ni validación predictiva; no implica causalidad"
Sample_total_volume,Fracture_initial_share,26,0.5637772955332129,0.6240164580028975,0.41795865943151456,11.538461538461542,3.8461538461538436,-0.06023916246968464,0.5303412321130736,0.6241306088476518,0.06035331331443894,100.0,10.0,26,0.5908391507738211,0.7167052109060943,0.09268875290319678,100.0,10.0,26,"rango LOO rho [0.591, 0.717]; cambio máximo 0.093",Sin identidad directa predeclarada; evaluar dependencia por arquitectura y protocolo,"Asociación positiva en rangos; diferencia r−rho=-0.060; valorar junto con soporte, empates y sensibilidad",Geometría previa; dependencia del diseño experimental; Comparte numerador y denominador con otras respuestas; sensible a cobertura de eventos; LOO no es IC ni validación predictiva; no implica causalidad
Sample_total_volume,Residual_fraction_cycle1,26,-0.5668063199910822,-0.5602874005834566,-0.40804148070522295,11.538461538461542,0.0,-0.006518919407625612,-0.6418417909732941,-0.47931400193240864,0.08749231805867358,100.0,9.0,26,-0.6280547515533401,-0.5060612734636288,0.06776735096988351,100.0,14.0,26,"rango LOO rho [-0.628, -0.506]; cambio máximo 0.068",Sin identidad directa predeclarada; evaluar dependencia por arquitectura y protocolo,"Asociación negativa en rangos; diferencia r−rho=-0.007; valorar junto con soporte, empates y sensibilidad",Geometría previa; dependencia del diseño experimental; Amplitud nominal del nombre de columna; no deformación unitaria; LOO no es IC ni validación predictiva; no implica causalidad
Sample_total_volume,Residual_fraction_cycle2,26,-0.5940156003390481,-0.5671285165856966,-0.3647643539637599,11.538461538461542,0.0,-0.02688708375335147,-0.6401595762911013,-0.5153368111715624,0.07867878916748572,100.0,9.0,26,-0.6303637763752274,-0.5137580228699198,0.06323525978953082,100.0,7.0,26,"rango LOO rho [-0.630, -0.514]; cambio máximo 0.063",Sin identidad directa predeclarada; evaluar dependencia por arquitectura y protocolo,"Asociación negativa en rangos; diferencia r−rho=-0.027; valorar junto con soporte, empates y sensibilidad",Geometría previa; dependencia del diseño experimental; Amplitud nominal del nombre de columna; no deformación unitaria; LOO no es IC ni validación predictiva; no implica causalidad
Sample_total_volume,Residual_fraction_cycle3,26,-0.3608801878514011,-0.2904053742950883,-0.20402074035261147,11.538461538461542,0.0,-0.0704748135563128,-0.41551456945752485,-0.2735816484204229,0.0872985394309782,100.0,3.0,26,-0.35558982257064115,-0.20165483444482246,0.08875053985026582,100.0,3.0,26,"rango LOO rho [-0.356, -0.202]; cambio máximo 0.089",Sin identidad directa predeclarada; evaluar dependencia por arquitectura y protocolo,"Asociación negativa en rangos; diferencia r−rho=-0.070; valorar junto con soporte, empates y sensibilidad",Geometría previa; dependencia del diseño experimental; Amplitud nominal del nombre de columna; no deformación unitaria; LOO no es IC ni validación predictiva; no implica causalidad
Sample_total_volume,Residual_fraction_cycle4,26,-0.059525646614389104,-0.1812895740593602,-0.136013826901741,11.538461538461542,0.0,0.12176392744497108,-0.1689355417252516,0.04153659520198515,0.10940989511086249,84.61538461538461,8.0,26,-0.26746204186860995,-0.07889168141448206,0.10239789264487813,100.0,3.0,26,"rango LOO rho [-0.267, -0.079]; cambio máximo 0.102",Sin identidad directa predeclarada; evaluar dependencia por arquitectura y protocolo,"Asociación negativa en rangos; diferencia r−rho=0.122; valorar junto con soporte, empates y sensibilidad",Geometría previa; dependencia del diseño experimental; Amplitud nominal del nombre de columna; no deformación unitaria; LOO no es IC ni validación predictiva; no implica causalidad
Sample_total_volume,Residual_fraction_cycle5,26,0.18550805054802672,0.07530378340645756,0.043478260869565216,11.538461538461542,7.692307692307687,0.11020426714156915,0.09698816307906802,0.3087322434675732,0.1232241929195465,100.0,3.0,26,-0.011939149075590714,0.2098979434257077,0.13459416001925012,92.3076923076923,3.0,26,"rango LOO rho [-0.012, 0.210]; cambio máximo 0.135",Sin identidad directa predeclarada; evaluar dependencia por arquitectura y protocolo,"Asociación positiva en rangos; diferencia r−rho=0.110; valorar junto con soporte, empates y sensibilidad",Geometría previa; dependencia del diseño experimental; Amplitud nominal del nombre de columna; no deformación unitaria; LOO no es IC ni validación predictiva; no implica causalidad
Sample_total_volume,Residual_fraction_cycle6,20,0.08740681155774413,0.03578154679416998,-0.026666761481987166,15.000000000000002,9.999999999999998,0.05162526476357415,-0.14466888154830648,0.18097484599664623,0.2320756931060506,95.0,4.0,20,-0.11560440677255523,0.11824176966470479,0.1513859535667252,80.0,20.0,20,"rango LOO rho [-0.116, 0.118]; cambio máximo 0.151",Sin identidad directa predeclarada; evaluar dependencia por arquitectura y protocolo,"Asociación positiva en rangos; diferencia r−rho=0.052; valorar junto con soporte, empates y sensibilidad",Geometría previa; dependencia del diseño experimental; Amplitud nominal del nombre de columna; no deformación unitaria; LOO no es IC ni validación predictiva; no implica causalidad
Sample_total_volume,Recovery_complement_cycle6,20,-0.0874068115577441,-0.03578154679416998,0.026666761481987166,15.000000000000002,9.999999999999998,-0.051625264763574125,-0.18097484599664626,0.14466888154830654,0.23207569310605064,95.0,4.0,20,-0.11824176966470479,0.11560440677255523,0.1513859535667252,80.0,20.0,20,"rango LOO rho [-0.118, 0.116]; cambio máximo 0.151",Sin identidad directa predeclarada; evaluar dependencia por arquitectura y protocolo,"Asociación negativa en rangos; diferencia r−rho=-0.052; valorar junto con soporte, empates y sensibilidad",Geometría previa; dependencia del diseño experimental; Proxy complemento nominal; requiere protocolo para interpretar recuperación elástica; LOO no es IC ni validación predictiva; no implica causalidad
