variable_X,variable_Y,n_efectivo,Pearson,Spearman,Kendall_tau_b,empates_X_pct,empates_Y_pct,diferencia_Pearson_Spearman,Pearson_LOO_min,Pearson_LOO_max,Pearson_LOO_cambio_max,Pearson_LOO_signo_pct,Pearson_LOO_caso_influyente,Pearson_LOO_evaluaciones_validas,Spearman_LOO_min,Spearman_LOO_max,Spearman_LOO_cambio_max,Spearman_LOO_signo_pct,Spearman_LOO_caso_influyente,Spearman_LOO_evaluaciones_validas,estabilidad,dependencia_construccion,interpretacion,limitacion
First_Failure_Load_N,Ultimate_Load,26,0.470027761548967,0.574017094017094,0.4153846153846154,0.0,0.0,-0.10398933246812697,0.38137750565160816,0.540415466770728,0.08865025589735887,100.0,22.0,26,0.5207692307692308,0.6453846153846153,0.07136752136752134,100.0,26.0,26,"rango LOO rho [0.521, 0.645]; cambio máximo 0.071",Sin identidad directa predeclarada; evaluar dependencia por arquitectura y protocolo,"Asociación positiva en rangos; diferencia r−rho=-0.104; valorar junto con soporte, empates y sensibilidad","Posensayo; excluido de INPUT; Posensayo; excluido de INPUT; fuerza del evento terminal/rotura final, no máximo global (docs/trazabilidad_datos.md); LOO no es IC ni validación predictiva; no implica causalidad"
First_Failure_Load_N,Maximum_Displacement,26,0.2070583783073526,0.24307692307692308,0.18153846153846157,0.0,0.0,-0.036018544769570476,0.10782560807690239,0.3403494491253116,0.13329107081795902,100.0,22.0,26,0.15076923076923077,0.38,0.13692307692307693,100.0,22.0,26,"rango LOO rho [0.151, 0.380]; cambio máximo 0.137",Sin identidad directa predeclarada; evaluar dependencia por arquitectura y protocolo,"Asociación positiva en rangos; diferencia r−rho=-0.036; valorar junto con soporte, empates y sensibilidad",Posensayo; excluido de INPUT; Posensayo; excluido de INPUT; LOO no es IC ni validación predictiva; no implica causalidad
First_Failure_Load_N,residual_Displacement_1cycle_10mm,26,-0.5475211313574565,-0.517948717948718,-0.34153846153846157,0.0,0.0,-0.029572413408738507,-0.5932790291102188,-0.5086537747987431,0.04575789775276229,100.0,26.0,26,-0.58,-0.4676923076923077,0.062051282051281964,100.0,6.0,26,"rango LOO rho [-0.580, -0.468]; cambio máximo 0.062",Sin identidad directa predeclarada; evaluar dependencia por arquitectura y protocolo,"Asociación negativa en rangos; diferencia r−rho=-0.030; valorar junto con soporte, empates y sensibilidad",Posensayo; excluido de INPUT; Posensayo; excluido de INPUT; LOO no es IC ni validación predictiva; no implica causalidad
First_Failure_Load_N,residual_Displacement_2cycle_20mm,26,-0.6034366051024227,-0.6075213675213675,-0.4276923076923077,0.0,0.0,0.004084762418944843,-0.6555136066648312,-0.5689606521291876,0.052077001562408465,100.0,26.0,26,-0.6984615384615385,-0.5638461538461539,0.09094017094017093,100.0,7.0,26,"rango LOO rho [-0.698, -0.564]; cambio máximo 0.091",Sin identidad directa predeclarada; evaluar dependencia por arquitectura y protocolo,"Asociación negativa en rangos; diferencia r−rho=0.004; valorar junto con soporte, empates y sensibilidad",Posensayo; excluido de INPUT; Posensayo; excluido de INPUT; LOO no es IC ni validación predictiva; no implica causalidad
First_Failure_Load_N,residual_Displacement_3cycle_30mm,26,-0.39493686156898655,-0.2635897435897436,-0.1753846153846154,0.0,0.0,-0.13134711797924298,-0.4380714003742804,-0.33130958994257537,0.06362727162641119,100.0,25.0,26,-0.3292307692307692,-0.17923076923076922,0.08435897435897435,100.0,1.0,26,"rango LOO rho [-0.329, -0.179]; cambio máximo 0.084",Sin identidad directa predeclarada; evaluar dependencia por arquitectura y protocolo,"Asociación negativa en rangos; diferencia r−rho=-0.131; valorar junto con soporte, empates y sensibilidad",Posensayo; excluido de INPUT; Posensayo; excluido de INPUT; LOO no es IC ni validación predictiva; no implica causalidad
First_Failure_Load_N,residual_Displacement_4cycle_40mm,26,-0.15235067664779373,-0.13230769230769232,-0.11384615384615385,0.0,0.0,-0.020042984340101405,-0.24699853771823282,-0.0639219557690536,0.0946478610704391,100.0,7.0,26,-0.20615384615384616,-0.03,0.10230769230769232,100.0,1.0,26,"rango LOO rho [-0.206, -0.030]; cambio máximo 0.102",Sin identidad directa predeclarada; evaluar dependencia por arquitectura y protocolo,"Asociación negativa en rangos; diferencia r−rho=-0.020; valorar junto con soporte, empates y sensibilidad",Posensayo; excluido de INPUT; Posensayo; excluido de INPUT; LOO no es IC ni validación predictiva; no implica causalidad
First_Failure_Load_N,residual_Displacement_5cycle_50mm,26,0.10981543513146612,0.2042422647103665,0.12364893354703727,0.0,7.692307692307687,-0.09442682957890038,0.04100487748549976,0.22136418219793647,0.11154874706647035,100.0,27.0,26,0.1285604691950782,0.28021563345514044,0.07597336874477395,100.0,9.0,26,"rango LOO rho [0.129, 0.280]; cambio máximo 0.076",Sin identidad directa predeclarada; evaluar dependencia por arquitectura y protocolo,"Asociación positiva en rangos; diferencia r−rho=-0.094; valorar junto con soporte, empates y sensibilidad",Posensayo; excluido de INPUT; Posensayo; excluido de INPUT; LOO no es IC ni validación predictiva; no implica causalidad
First_Failure_Load_N,residual_Displacement_6cycle_60mm,20,0.09817304375712325,0.18359674121390207,0.09523942834879916,0.0,9.999999999999998,-0.08542369745677882,-0.07481948189307223,0.19182118858590985,0.1729925256501955,95.0,4.0,20,0.06760318672217583,0.26777885649693023,0.11599355449172624,100.0,20.0,20,"rango LOO rho [0.068, 0.268]; cambio máximo 0.116",Sin identidad directa predeclarada; evaluar dependencia por arquitectura y protocolo,"Asociación positiva en rangos; diferencia r−rho=-0.085; valorar junto con soporte, empates y sensibilidad",Posensayo; excluido de INPUT; Posensayo; excluido de INPUT; LOO no es IC ni validación predictiva; no implica causalidad
First_Failure_Load_N,Dissipated_cycle_1,26,0.5945469401318891,0.49196581196581196,0.32923076923076927,0.0,0.0,0.10258112816607717,0.5544448863783399,0.6591520682574954,0.06460512812560626,100.0,22.0,26,0.44846153846153847,0.5523076923076923,0.060341880341880316,100.0,7.0,26,"rango LOO rho [0.448, 0.552]; cambio máximo 0.060",Sin identidad directa predeclarada; evaluar dependencia por arquitectura y protocolo,"Asociación positiva en rangos; diferencia r−rho=0.103; valorar junto con soporte, empates y sensibilidad",Posensayo; excluido de INPUT; Posensayo; unidad corroborada con tesis PDF pp.117/121 (docs/trazabilidad_datos.md); ausencia de energía no demuestra ausencia de evento/ciclo; LOO no es IC ni validación predictiva; no implica causalidad
First_Failure_Load_N,Dissipated_cycle_2,26,0.6401187502837083,0.6923076923076923,0.513846153846154,0.0,0.0,-0.05218894202398394,0.6000592313087143,0.7299924093063435,0.08987365902263511,100.0,26.0,26,0.6561538461538462,0.7792307692307693,0.08692307692307699,100.0,26.0,26,"rango LOO rho [0.656, 0.779]; cambio máximo 0.087",Sin identidad directa predeclarada; evaluar dependencia por arquitectura y protocolo,"Asociación positiva en rangos; diferencia r−rho=-0.052; valorar junto con soporte, empates y sensibilidad",Posensayo; excluido de INPUT; Posensayo; unidad corroborada con tesis PDF pp.117/121 (docs/trazabilidad_datos.md); ausencia de energía no demuestra ausencia de evento/ciclo; LOO no es IC ni validación predictiva; no implica causalidad
First_Failure_Load_N,Dissipated_cycle_3,26,0.7248990068494575,0.7552136752136752,0.5507692307692308,0.0,0.0,-0.0303146683642177,0.6963247948504044,0.7751362688077098,0.05023726195825229,100.0,26.0,26,0.7307692307692307,0.7823076923076923,0.027094017094017042,100.0,26.0,26,"rango LOO rho [0.731, 0.782]; cambio máximo 0.027",Sin identidad directa predeclarada; evaluar dependencia por arquitectura y protocolo,"Asociación positiva en rangos; diferencia r−rho=-0.030; valorar junto con soporte, empates y sensibilidad",Posensayo; excluido de INPUT; Posensayo; unidad corroborada con tesis PDF pp.117/121 (docs/trazabilidad_datos.md); ausencia de energía no demuestra ausencia de evento/ciclo; LOO no es IC ni validación predictiva; no implica causalidad
First_Failure_Load_N,Dissipated_cycle_4,26,0.7333239207622069,0.7538461538461538,0.5446153846153846,0.0,0.0,-0.02052223308394696,0.7071154781410112,0.7881662810063984,0.054842360244191535,100.0,26.0,26,0.7292307692307692,0.8007692307692308,0.046923076923076956,100.0,26.0,26,"rango LOO rho [0.729, 0.801]; cambio máximo 0.047",Sin identidad directa predeclarada; evaluar dependencia por arquitectura y protocolo,"Asociación positiva en rangos; diferencia r−rho=-0.021; valorar junto con soporte, empates y sensibilidad",Posensayo; excluido de INPUT; Posensayo; unidad corroborada con tesis PDF pp.117/121 (docs/trazabilidad_datos.md); ausencia de energía no demuestra ausencia de evento/ciclo; LOO no es IC ni validación predictiva; no implica causalidad
First_Failure_Load_N,Dissipated_cycle_5,26,-0.07735851179548606,0.4058119658119658,0.2923076923076923,0.0,0.0,-0.4831704776074519,-0.11935464049318452,0.5479035253776652,0.6252620371731512,96.15384615384616,5.0,26,0.3569230769230769,0.5684615384615385,0.16264957264957264,100.0,5.0,26,"rango LOO rho [0.357, 0.568]; cambio máximo 0.163",Sin identidad directa predeclarada; evaluar dependencia por arquitectura y protocolo,"Asociación positiva en rangos; diferencia r−rho=-0.483; valorar junto con soporte, empates y sensibilidad",Posensayo; excluido de INPUT; Posensayo; unidad corroborada con tesis PDF pp.117/121 (docs/trazabilidad_datos.md); ausencia de energía no demuestra ausencia de evento/ciclo; LOO no es IC ni validación predictiva; no implica causalidad
First_Failure_Load_N,Dissipated_cycle_6,20,0.4081448589827964,0.48872180451127817,0.3473684210526316,0.0,0.0,-0.08057694552848177,0.29767050237413867,0.5475207876730224,0.13937592869022597,100.0,10.0,20,0.4035087719298245,0.6438596491228069,0.15513784461152874,100.0,4.0,20,"rango LOO rho [0.404, 0.644]; cambio máximo 0.155",Sin identidad directa predeclarada; evaluar dependencia por arquitectura y protocolo,"Asociación positiva en rangos; diferencia r−rho=-0.081; valorar junto con soporte, empates y sensibilidad",Posensayo; excluido de INPUT; Posensayo; unidad corroborada con tesis PDF pp.117/121 (docs/trazabilidad_datos.md); ausencia de energía no demuestra ausencia de evento/ciclo; LOO no es IC ni validación predictiva; no implica causalidad
First_Failure_Load_N,Dissipated_cycle_7,7,-0.2807049894676025,-0.4285714285714285,-0.33333333333333337,0.0,0.0,0.14786643910382602,-0.45350228745422705,0.015746874101376932,0.2964518635689794,85.71428571428571,27.0,7,-0.6,-0.08571428571428572,0.34285714285714275,100.0,25.0,7,"rango LOO rho [-0.600, -0.086]; cambio máximo 0.343",Sin identidad directa predeclarada; evaluar dependencia por arquitectura y protocolo,"Asociación negativa en rangos; diferencia r−rho=0.148; valorar junto con soporte, empates y sensibilidad",Posensayo; excluido de INPUT; Posensayo; unidad corroborada con tesis PDF pp.117/121 (docs/trazabilidad_datos.md); ausencia de energía no demuestra ausencia de evento/ciclo; LOO no es IC ni validación predictiva; no implica causalidad
First_Failure_Load_N,Fracture_event_1,26,0.9858808183748524,0.9876923076923076,0.9323076923076923,0.0,0.0,-0.0018114893174552282,0.9846207419724843,0.9969837256694296,0.011102907294577191,100.0,5.0,26,0.9861538461538462,0.9923076923076923,0.004615384615384688,100.0,4.0,26,"rango LOO rho [0.986, 0.992]; cambio máximo 0.005",Sin identidad directa predeclarada; evaluar dependencia por arquitectura y protocolo,"Asociación positiva en rangos; diferencia r−rho=-0.002; valorar junto con soporte, empates y sensibilidad",Posensayo; excluido de INPUT; Posensayo; unidad corroborada con tesis PDF pp.117/121 (docs/trazabilidad_datos.md); ausencia de energía no demuestra ausencia de evento/ciclo; LOO no es IC ni validación predictiva; no implica causalidad
First_Failure_Load_N,Fracture_event_2,24,0.5640782857436251,0.5530434782608695,0.42028985507246375,0.0,0.0,0.011034807482755538,0.4999011196172691,0.6399820734383653,0.07590378769474027,100.0,19.0,24,0.49209486166007904,0.6254940711462451,0.07245059288537559,100.0,19.0,24,"rango LOO rho [0.492, 0.625]; cambio máximo 0.072",Sin identidad directa predeclarada; evaluar dependencia por arquitectura y protocolo,"Asociación positiva en rangos; diferencia r−rho=0.011; valorar junto con soporte, empates y sensibilidad",Posensayo; excluido de INPUT; Posensayo; unidad corroborada con tesis PDF pp.117/121 (docs/trazabilidad_datos.md); ausencia de energía no demuestra ausencia de evento/ciclo; LOO no es IC ni validación predictiva; no implica causalidad
First_Failure_Load_N,Fracture_event_3,22,0.15782325914216172,0.2930547713156409,0.2207792207792208,0.0,0.0,-0.13523151217347917,0.08681147395392785,0.264646213311393,0.10682295416923127,100.0,24.0,22,0.18701298701298702,0.42467532467532465,0.13162055335968376,100.0,24.0,22,"rango LOO rho [0.187, 0.425]; cambio máximo 0.132",Sin identidad directa predeclarada; evaluar dependencia por arquitectura y protocolo,"Asociación positiva en rangos; diferencia r−rho=-0.135; valorar junto con soporte, empates y sensibilidad",Posensayo; excluido de INPUT; Posensayo; unidad corroborada con tesis PDF pp.117/121 (docs/trazabilidad_datos.md); ausencia de energía no demuestra ausencia de evento/ciclo; LOO no es IC ni validación predictiva; no implica causalidad
First_Failure_Load_N,Fracture_event_4,19,0.10260272746846642,0.46842105263157885,0.3567251461988304,0.0,0.0,-0.3658183251631124,-0.00039240589792205943,0.4493579785945537,0.34675525112608724,94.73684210526315,19.0,19,0.4158926728586171,0.7275541795665634,0.2591331269349846,100.0,19.0,19,"rango LOO rho [0.416, 0.728]; cambio máximo 0.259",Sin identidad directa predeclarada; evaluar dependencia por arquitectura y protocolo,"Asociación positiva en rangos; diferencia r−rho=-0.366; valorar junto con soporte, empates y sensibilidad",Posensayo; excluido de INPUT; Posensayo; unidad corroborada con tesis PDF pp.117/121 (docs/trazabilidad_datos.md); ausencia de energía no demuestra ausencia de evento/ciclo; LOO no es IC ni validación predictiva; no implica causalidad
First_Failure_Load_N,Fracture_event_5,17,0.26610159018229596,0.24019607843137258,0.19117647058823525,0.0,0.0,0.02590551175092337,0.02013676719366554,0.5060377902159529,0.24596482298863043,100.0,24.0,17,0.1411764705882353,0.48823529411764705,0.24803921568627446,100.0,19.0,17,"rango LOO rho [0.141, 0.488]; cambio máximo 0.248",Sin identidad directa predeclarada; evaluar dependencia por arquitectura y protocolo,"Asociación positiva en rangos; diferencia r−rho=0.026; valorar junto con soporte, empates y sensibilidad",Posensayo; excluido de INPUT; Posensayo; unidad corroborada con tesis PDF pp.117/121 (docs/trazabilidad_datos.md); ausencia de energía no demuestra ausencia de evento/ciclo; LOO no es IC ni validación predictiva; no implica causalidad
First_Failure_Load_N,Fracture_event_6,7,-0.3270776505358395,-0.3214285714285714,-0.23809523809523814,0.0,0.0,-0.005649079107268085,-0.5370902266662774,0.09286551329844711,0.4199431638342866,85.71428571428571,26.0,7,-0.7714285714285715,0.08571428571428572,0.45000000000000007,85.71428571428571,1.0,7,"rango LOO rho [-0.771, 0.086]; cambio máximo 0.450",Sin identidad directa predeclarada; evaluar dependencia por arquitectura y protocolo,"Asociación negativa en rangos; diferencia r−rho=-0.006; valorar junto con soporte, empates y sensibilidad",Posensayo; excluido de INPUT; Posensayo; unidad corroborada con tesis PDF pp.117/121 (docs/trazabilidad_datos.md); ausencia de energía no demuestra ausencia de evento/ciclo; LOO no es IC ni validación predictiva; no implica causalidad
First_Failure_Load_N,Fracture_event_7,6,-0.3427651737797605,-0.2571428571428571,-0.2,0.0,0.0,-0.0856223166369034,-0.6149634208266817,-0.13068505949186282,0.27219824704692114,100.0,9.0,6,-0.5999999999999999,0.09999999999999998,0.3571428571428571,83.33333333333334,1.0,6,"rango LOO rho [-0.600, 0.100]; cambio máximo 0.357",Sin identidad directa predeclarada; evaluar dependencia por arquitectura y protocolo,"Asociación negativa en rangos; diferencia r−rho=-0.086; valorar junto con soporte, empates y sensibilidad",Posensayo; excluido de INPUT; Posensayo; unidad corroborada con tesis PDF pp.117/121 (docs/trazabilidad_datos.md); ausencia de energía no demuestra ausencia de evento/ciclo; LOO no es IC ni validación predictiva; no implica causalidad
First_Failure_Load_N,Fracture_event_8,4,0.32296684857325497,0.0,0.0,0.0,0.0,0.32296684857325497,-0.31867133524009156,0.6048984994340949,0.6416381838133465,75.0,4.0,4,-0.4999999999999999,0.4999999999999999,0.4999999999999999,,1.0,4,"rango LOO rho [-0.500, 0.500]; cambio máximo 0.500",Sin identidad directa predeclarada; evaluar dependencia por arquitectura y protocolo,"Asociación nula en rangos; diferencia r−rho=0.323; valorar junto con soporte, empates y sensibilidad",Posensayo; excluido de INPUT; Posensayo; unidad corroborada con tesis PDF pp.117/121 (docs/trazabilidad_datos.md); ausencia de energía no demuestra ausencia de evento/ciclo; LOO no es IC ni validación predictiva; no implica causalidad
First_Failure_Load_N,Fracture_event_9,2,,,,0.0,0.0,,,,,,,0,,,,,,0,No identificable: soporte insuficiente o variable constante,Sin identidad directa predeclarada; evaluar dependencia por arquitectura y protocolo,Asociación no identificable con la variación y disponibilidad observadas,Posensayo; excluido de INPUT; Posensayo; unidad corroborada con tesis PDF pp.117/121 (docs/trazabilidad_datos.md); ausencia de energía no demuestra ausencia de evento/ciclo; LOO no es IC ni validación predictiva; no implica causalidad
First_Failure_Load_N,Fracture_event_10,1,,,,0.0,0.0,,,,,,,0,,,,,,0,No identificable: soporte insuficiente o variable constante,Sin identidad directa predeclarada; evaluar dependencia por arquitectura y protocolo,Asociación no identificable con la variación y disponibilidad observadas,Posensayo; excluido de INPUT; Posensayo; unidad corroborada con tesis PDF pp.117/121 (docs/trazabilidad_datos.md); ausencia de energía no demuestra ausencia de evento/ciclo; LOO no es IC ni validación predictiva; no implica causalidad
First_Failure_Load_N,Fracture_event_11,1,,,,0.0,0.0,,,,,,,0,,,,,,0,No identificable: soporte insuficiente o variable constante,Sin identidad directa predeclarada; evaluar dependencia por arquitectura y protocolo,Asociación no identificable con la variación y disponibilidad observadas,Posensayo; excluido de INPUT; Posensayo; unidad corroborada con tesis PDF pp.117/121 (docs/trazabilidad_datos.md); ausencia de energía no demuestra ausencia de evento/ciclo; LOO no es IC ni validación predictiva; no implica causalidad
First_Failure_Load_N,Fracture_event_12,1,,,,0.0,0.0,,,,,,,0,,,,,,0,No identificable: soporte insuficiente o variable constante,Sin identidad directa predeclarada; evaluar dependencia por arquitectura y protocolo,Asociación no identificable con la variación y disponibilidad observadas,Posensayo; excluido de INPUT; Posensayo; unidad corroborada con tesis PDF pp.117/121 (docs/trazabilidad_datos.md); ausencia de energía no demuestra ausencia de evento/ciclo; LOO no es IC ni validación predictiva; no implica causalidad
First_Failure_Load_N,Fracture_event_13,1,,,,0.0,0.0,,,,,,,0,,,,,,0,No identificable: soporte insuficiente o variable constante,Sin identidad directa predeclarada; evaluar dependencia por arquitectura y protocolo,Asociación no identificable con la variación y disponibilidad observadas,Posensayo; excluido de INPUT; Posensayo; unidad corroborada con tesis PDF pp.117/121 (docs/trazabilidad_datos.md); ausencia de energía no demuestra ausencia de evento/ciclo; LOO no es IC ni validación predictiva; no implica causalidad
First_Failure_Load_N,Load_ratio_first_over_ultimate,26,0.6137009722715772,0.5131623931623932,0.35384615384615387,0.0,0.0,0.10053857910918396,0.5687678128080148,0.6859473816417273,0.07224640937015014,100.0,22.0,26,0.4746153846153846,0.5915384615384616,0.07837606837606836,100.0,22.0,26,"rango LOO rho [0.475, 0.592]; cambio máximo 0.078",Dependencia algebraica directa: una variable participa en la definición de la otra,"Asociación positiva en rangos; diferencia r−rho=0.101; valorar junto con soporte, empates y sensibilidad",Posensayo; excluido de INPUT; Cociente primera/rotura final; no factor de seguridad ni reserva de carga; LOO no es IC ni validación predictiva; no implica causalidad
First_Failure_Load_N,Load_per_specimen_volume,26,0.9996932408082714,0.9965811965811966,0.9753846153846154,0.0,0.0,0.003112044227074784,0.9996706752747117,0.9997642378210034,7.099701273205472e-05,100.0,3.0,26,0.9961538461538462,0.9984615384615385,0.001880341880341918,100.0,3.0,26,"rango LOO rho [0.996, 0.998]; cambio máximo 0.002",Dependencia algebraica directa: una variable participa en la definición de la otra,"Asociación positiva en rangos; diferencia r−rho=0.003; valorar junto con soporte, empates y sensibilidad",Posensayo; excluido de INPUT; Índice descriptivo de carga por volumen; no esfuerzo ni resistencia material; LOO no es IC ni validación predictiva; no implica causalidad
First_Failure_Load_N,Load_per_pivot,26,0.8821760662698082,0.8516239316239316,0.7661538461538462,0.0,0.0,0.030552134645876583,0.8703996877059706,0.9173538450932988,0.0351777788234906,100.0,3.0,26,0.833076923076923,0.8823076923076923,0.030683760683760775,100.0,8.0,26,"rango LOO rho [0.833, 0.882]; cambio máximo 0.031",Dependencia algebraica directa: una variable participa en la definición de la otra,"Asociación positiva en rangos; diferencia r−rho=0.031; valorar junto con soporte, empates y sensibilidad",Posensayo; excluido de INPUT; No presupone reparto uniforme de cargas entre pivotes; LOO no es IC ni validación predictiva; no implica causalidad
First_Failure_Load_N,Load_per_cell_Y,26,0.9892092907165967,0.9541880341880342,0.8892307692307694,0.0,0.0,0.03502125652856247,0.9881044023085888,0.9924643521564387,0.0032550614398419997,100.0,3.0,26,0.9484615384615385,0.9707692307692307,0.0165811965811965,100.0,3.0,26,"rango LOO rho [0.948, 0.971]; cambio máximo 0.017",Dependencia algebraica directa: una variable participa en la definición de la otra,"Asociación positiva en rangos; diferencia r−rho=0.035; valorar junto con soporte, empates y sensibilidad",Posensayo; excluido de INPUT; Normalización por conteo en Y; no fuerza medida en cada celda; LOO no es IC ni validación predictiva; no implica causalidad
First_Failure_Load_N,Fracture_observed_sum,26,0.815998592997564,0.8837606837606837,0.716923076923077,0.0,0.0,-0.06776209076311968,0.8024995456789491,0.8397628080870438,0.02376421508947979,100.0,10.0,26,0.87,0.9146153846153846,0.03085470085470088,100.0,22.0,26,"rango LOO rho [0.870, 0.915]; cambio máximo 0.031",Sin identidad directa predeclarada; evaluar dependencia por arquitectura y protocolo,"Asociación positiva en rangos; diferencia r−rho=-0.068; valorar junto con soporte, empates y sensibilidad",Posensayo; excluido de INPUT; Suma observada de longitud variable; no energía total del ensayo; LOO no es IC ni validación predictiva; no implica causalidad
First_Failure_Load_N,Fracture_registered_events,26,-0.575907825818099,-0.5661575595307119,-0.44396404403756623,0.0,61.53846153846154,-0.009750266287387066,-0.6362390151834048,-0.5309779481627819,0.06033118936530579,100.0,5.0,26,-0.6697052208348389,-0.5131346657479189,0.10354766130412696,100.0,5.0,26,"rango LOO rho [-0.670, -0.513]; cambio máximo 0.104",Sin identidad directa predeclarada; evaluar dependencia por arquitectura y protocolo,"Asociación negativa en rangos; diferencia r−rho=-0.010; valorar junto con soporte, empates y sensibilidad","Posensayo; excluido de INPUT; Disponibilidad de registro, no conteo verificado de todas las fracturas; LOO no es IC ni validación predictiva; no implica causalidad"
First_Failure_Load_N,Fracture_initial_share,26,0.8208522101033554,0.6787485139378718,0.5053935121163199,0.0,3.8461538461538436,0.14210369616548357,0.8034968634151245,0.8499007105925249,0.029048500489169515,100.0,24.0,26,0.6415384615384615,0.7432198637194065,0.06447134978153468,100.0,10.0,26,"rango LOO rho [0.642, 0.743]; cambio máximo 0.064",Sin identidad directa predeclarada; evaluar dependencia por arquitectura y protocolo,"Asociación positiva en rangos; diferencia r−rho=0.142; valorar junto con soporte, empates y sensibilidad",Posensayo; excluido de INPUT; Comparte numerador y denominador con otras respuestas; sensible a cobertura de eventos; LOO no es IC ni validación predictiva; no implica causalidad
First_Failure_Load_N,Residual_fraction_cycle1,26,-0.5475211313574565,-0.517948717948718,-0.34153846153846157,0.0,0.0,-0.029572413408738507,-0.5932790291102187,-0.5086537747987431,0.04575789775276218,100.0,26.0,26,-0.58,-0.4676923076923077,0.062051282051281964,100.0,6.0,26,"rango LOO rho [-0.580, -0.468]; cambio máximo 0.062",Sin identidad directa predeclarada; evaluar dependencia por arquitectura y protocolo,"Asociación negativa en rangos; diferencia r−rho=-0.030; valorar junto con soporte, empates y sensibilidad",Posensayo; excluido de INPUT; Amplitud nominal del nombre de columna; no deformación unitaria; LOO no es IC ni validación predictiva; no implica causalidad
First_Failure_Load_N,Residual_fraction_cycle2,26,-0.6034366051024229,-0.6075213675213675,-0.4276923076923077,0.0,0.0,0.004084762418944621,-0.6555136066648313,-0.5689606521291876,0.052077001562408354,100.0,26.0,26,-0.6984615384615385,-0.5638461538461539,0.09094017094017093,100.0,7.0,26,"rango LOO rho [-0.698, -0.564]; cambio máximo 0.091",Sin identidad directa predeclarada; evaluar dependencia por arquitectura y protocolo,"Asociación negativa en rangos; diferencia r−rho=0.004; valorar junto con soporte, empates y sensibilidad",Posensayo; excluido de INPUT; Amplitud nominal del nombre de columna; no deformación unitaria; LOO no es IC ni validación predictiva; no implica causalidad
First_Failure_Load_N,Residual_fraction_cycle3,26,-0.39493686156898633,-0.2635897435897436,-0.1753846153846154,0.0,0.0,-0.13134711797924276,-0.4380714003742801,-0.33130958994257526,0.06362727162641107,100.0,25.0,26,-0.3292307692307692,-0.17923076923076922,0.08435897435897435,100.0,1.0,26,"rango LOO rho [-0.329, -0.179]; cambio máximo 0.084",Sin identidad directa predeclarada; evaluar dependencia por arquitectura y protocolo,"Asociación negativa en rangos; diferencia r−rho=-0.131; valorar junto con soporte, empates y sensibilidad",Posensayo; excluido de INPUT; Amplitud nominal del nombre de columna; no deformación unitaria; LOO no es IC ni validación predictiva; no implica causalidad
First_Failure_Load_N,Residual_fraction_cycle4,26,-0.15235067664779375,-0.13230769230769232,-0.11384615384615385,0.0,0.0,-0.020042984340101433,-0.24699853771823288,-0.06392195576905373,0.09464786107043913,100.0,7.0,26,-0.20615384615384616,-0.03,0.10230769230769232,100.0,1.0,26,"rango LOO rho [-0.206, -0.030]; cambio máximo 0.102",Sin identidad directa predeclarada; evaluar dependencia por arquitectura y protocolo,"Asociación negativa en rangos; diferencia r−rho=-0.020; valorar junto con soporte, empates y sensibilidad",Posensayo; excluido de INPUT; Amplitud nominal del nombre de columna; no deformación unitaria; LOO no es IC ni validación predictiva; no implica causalidad
First_Failure_Load_N,Residual_fraction_cycle5,26,0.10981543513146619,0.2042422647103665,0.12364893354703727,0.0,7.692307692307687,-0.0944268295789003,0.0410048774854998,0.22136418219793644,0.11154874706647025,100.0,27.0,26,0.1285604691950782,0.28021563345514044,0.07597336874477395,100.0,9.0,26,"rango LOO rho [0.129, 0.280]; cambio máximo 0.076",Sin identidad directa predeclarada; evaluar dependencia por arquitectura y protocolo,"Asociación positiva en rangos; diferencia r−rho=-0.094; valorar junto con soporte, empates y sensibilidad",Posensayo; excluido de INPUT; Amplitud nominal del nombre de columna; no deformación unitaria; LOO no es IC ni validación predictiva; no implica causalidad
First_Failure_Load_N,Residual_fraction_cycle6,20,0.09817304375712306,0.18359674121390207,0.09523942834879916,0.0,9.999999999999998,-0.08542369745677901,-0.07481948189307244,0.19182118858590977,0.17299252565019552,95.0,4.0,20,0.06760318672217583,0.26777885649693023,0.11599355449172624,100.0,20.0,20,"rango LOO rho [0.068, 0.268]; cambio máximo 0.116",Sin identidad directa predeclarada; evaluar dependencia por arquitectura y protocolo,"Asociación positiva en rangos; diferencia r−rho=-0.085; valorar junto con soporte, empates y sensibilidad",Posensayo; excluido de INPUT; Amplitud nominal del nombre de columna; no deformación unitaria; LOO no es IC ni validación predictiva; no implica causalidad
First_Failure_Load_N,Recovery_complement_cycle6,20,-0.09817304375712302,-0.18359674121390207,-0.09523942834879916,0.0,9.999999999999998,0.08542369745677905,-0.19182118858590977,0.07481948189307246,0.17299252565019546,95.0,4.0,20,-0.26777885649693023,-0.06760318672217583,0.11599355449172624,100.0,20.0,20,"rango LOO rho [-0.268, -0.068]; cambio máximo 0.116",Sin identidad directa predeclarada; evaluar dependencia por arquitectura y protocolo,"Asociación negativa en rangos; diferencia r−rho=0.085; valorar junto con soporte, empates y sensibilidad",Posensayo; excluido de INPUT; Proxy complemento nominal; requiere protocolo para interpretar recuperación elástica; LOO no es IC ni validación predictiva; no implica causalidad
Ultimate_Load,Maximum_Displacement,26,0.12112458840898971,0.07897435897435898,0.06461538461538462,0.0,0.0,0.04215022943463073,-0.08242860174001315,0.3730431323205236,0.2519185439115339,96.15384615384616,22.0,26,-0.01769230769230769,0.20461538461538462,0.12564102564102564,96.15384615384616,22.0,26,"rango LOO rho [-0.018, 0.205]; cambio máximo 0.126",Sin identidad directa predeclarada; evaluar dependencia por arquitectura y protocolo,"Asociación positiva en rangos; diferencia r−rho=0.042; valorar junto con soporte, empates y sensibilidad","Posensayo; excluido de INPUT; fuerza del evento terminal/rotura final, no máximo global (docs/trazabilidad_datos.md); Posensayo; excluido de INPUT; LOO no es IC ni validación predictiva; no implica causalidad"
Ultimate_Load,residual_Displacement_1cycle_10mm,26,-0.2951136974501929,-0.30666666666666664,-0.2,0.0,0.0,0.011552969216473752,-0.3607369280449493,-0.2579230317328266,0.06562323059475639,100.0,25.0,26,-0.36230769230769233,-0.2530769230769231,0.05564102564102569,100.0,6.0,26,"rango LOO rho [-0.362, -0.253]; cambio máximo 0.056",Sin identidad directa predeclarada; evaluar dependencia por arquitectura y protocolo,"Asociación negativa en rangos; diferencia r−rho=0.012; valorar junto con soporte, empates y sensibilidad","Posensayo; excluido de INPUT; fuerza del evento terminal/rotura final, no máximo global (docs/trazabilidad_datos.md); Posensayo; excluido de INPUT; LOO no es IC ni validación predictiva; no implica causalidad"
Ultimate_Load,residual_Displacement_2cycle_20mm,26,-0.2503733963527059,-0.3244444444444444,-0.2246153846153846,0.0,0.0,0.07407104809173853,-0.3409910978233933,-0.17575797106276952,0.09061770147068743,100.0,25.0,26,-0.4146153846153846,-0.2530769230769231,0.09017094017094018,100.0,7.0,26,"rango LOO rho [-0.415, -0.253]; cambio máximo 0.090",Sin identidad directa predeclarada; evaluar dependencia por arquitectura y protocolo,"Asociación negativa en rangos; diferencia r−rho=0.074; valorar junto con soporte, empates y sensibilidad","Posensayo; excluido de INPUT; fuerza del evento terminal/rotura final, no máximo global (docs/trazabilidad_datos.md); Posensayo; excluido de INPUT; LOO no es IC ni validación predictiva; no implica causalidad"
Ultimate_Load,residual_Displacement_3cycle_30mm,26,-0.03455166153246987,0.0017094017094017094,-0.021538461538461538,0.0,0.0,-0.03626106324187158,-0.1050548281947066,0.0651144907248477,0.09966615225731758,88.46153846153845,24.0,26,-0.07615384615384616,0.10153846153846154,0.09982905982905983,50.0,1.0,26,"rango LOO rho [-0.076, 0.102]; cambio máximo 0.100",Sin identidad directa predeclarada; evaluar dependencia por arquitectura y protocolo,"Asociación positiva en rangos; diferencia r−rho=-0.036; valorar junto con soporte, empates y sensibilidad","Posensayo; excluido de INPUT; fuerza del evento terminal/rotura final, no máximo global (docs/trazabilidad_datos.md); Posensayo; excluido de INPUT; LOO no es IC ni validación predictiva; no implica causalidad"
Ultimate_Load,residual_Displacement_4cycle_40mm,26,0.07446460325513134,-0.06324786324786325,-0.046153846153846156,0.0,0.0,0.13771246650299457,0.0001949919771306304,0.1728870976345765,0.09842249437944516,100.0,24.0,26,-0.18,0.03,0.11675213675213675,92.3076923076923,8.0,26,"rango LOO rho [-0.180, 0.030]; cambio máximo 0.117",Sin identidad directa predeclarada; evaluar dependencia por arquitectura y protocolo,"Asociación negativa en rangos; diferencia r−rho=0.138; valorar junto con soporte, empates y sensibilidad","Posensayo; excluido de INPUT; fuerza del evento terminal/rotura final, no máximo global (docs/trazabilidad_datos.md); Posensayo; excluido de INPUT; LOO no es IC ni validación predictiva; no implica causalidad"
Ultimate_Load,residual_Displacement_5cycle_50mm,26,0.21850864549206,0.1939788343229109,0.13601382690174096,0.0,7.692307692307687,0.024529811169149096,0.1538883330524321,0.26779000186192553,0.0646203124396279,100.0,8.0,26,0.1131640058184221,0.2609700542343204,0.0808148285044888,100.0,8.0,26,"rango LOO rho [0.113, 0.261]; cambio máximo 0.081",Sin identidad directa predeclarada; evaluar dependencia por arquitectura y protocolo,"Asociación positiva en rangos; diferencia r−rho=0.025; valorar junto con soporte, empates y sensibilidad","Posensayo; excluido de INPUT; fuerza del evento terminal/rotura final, no máximo global (docs/trazabilidad_datos.md); Posensayo; excluido de INPUT; LOO no es IC ni validación predictiva; no implica causalidad"
Ultimate_Load,residual_Displacement_6cycle_60mm,20,0.07003340093803098,0.05116630492846451,0.03174647611626638,0.0,9.999999999999998,0.018867096009566472,0.0038850103889779023,0.14485694130069798,0.074823540362667,100.0,10.0,20,-0.02019315967026031,0.14837582540321706,0.09720952047475255,85.0,10.0,20,"rango LOO rho [-0.020, 0.148]; cambio máximo 0.097",Sin identidad directa predeclarada; evaluar dependencia por arquitectura y protocolo,"Asociación positiva en rangos; diferencia r−rho=0.019; valorar junto con soporte, empates y sensibilidad","Posensayo; excluido de INPUT; fuerza del evento terminal/rotura final, no máximo global (docs/trazabilidad_datos.md); Posensayo; excluido de INPUT; LOO no es IC ni validación predictiva; no implica causalidad"
Ultimate_Load,Dissipated_cycle_1,26,0.21541955999833773,0.15897435897435896,0.07692307692307693,0.0,0.0,0.056445201023978764,0.10775180076654056,0.3208156894341663,0.10766775923179717,100.0,24.0,26,0.08153846153846153,0.22,0.07743589743589743,100.0,24.0,26,"rango LOO rho [0.082, 0.220]; cambio máximo 0.077",Sin identidad directa predeclarada; evaluar dependencia por arquitectura y protocolo,"Asociación positiva en rangos; diferencia r−rho=0.056; valorar junto con soporte, empates y sensibilidad","Posensayo; excluido de INPUT; fuerza del evento terminal/rotura final, no máximo global (docs/trazabilidad_datos.md); Posensayo; unidad corroborada con tesis PDF pp.117/121 (docs/trazabilidad_datos.md); ausencia de energía no demuestra ausencia de evento/ciclo; LOO no es IC ni validación predictiva; no implica causalidad"
Ultimate_Load,Dissipated_cycle_2,26,0.4171609616701966,0.47213675213675216,0.3353846153846154,0.0,0.0,-0.05497579046655554,0.3480190671120466,0.5619744857561916,0.14481352408599496,100.0,19.0,26,0.41,0.5615384615384615,0.08940170940170938,100.0,19.0,26,"rango LOO rho [0.410, 0.562]; cambio máximo 0.089",Sin identidad directa predeclarada; evaluar dependencia por arquitectura y protocolo,"Asociación positiva en rangos; diferencia r−rho=-0.055; valorar junto con soporte, empates y sensibilidad","Posensayo; excluido de INPUT; fuerza del evento terminal/rotura final, no máximo global (docs/trazabilidad_datos.md); Posensayo; unidad corroborada con tesis PDF pp.117/121 (docs/trazabilidad_datos.md); ausencia de energía no demuestra ausencia de evento/ciclo; LOO no es IC ni validación predictiva; no implica causalidad"
Ultimate_Load,Dissipated_cycle_3,26,0.30748332562213815,0.3415384615384615,0.23692307692307696,0.0,0.0,-0.034055135916323365,0.2652873726574629,0.3940301416634874,0.08654681604134923,100.0,19.0,26,0.2823076923076923,0.4169230769230769,0.07538461538461538,100.0,19.0,26,"rango LOO rho [0.282, 0.417]; cambio máximo 0.075",Sin identidad directa predeclarada; evaluar dependencia por arquitectura y protocolo,"Asociación positiva en rangos; diferencia r−rho=-0.034; valorar junto con soporte, empates y sensibilidad","Posensayo; excluido de INPUT; fuerza del evento terminal/rotura final, no máximo global (docs/trazabilidad_datos.md); Posensayo; unidad corroborada con tesis PDF pp.117/121 (docs/trazabilidad_datos.md); ausencia de energía no demuestra ausencia de evento/ciclo; LOO no es IC ni validación predictiva; no implica causalidad"
Ultimate_Load,Dissipated_cycle_4,26,0.39544475849071814,0.40717948717948715,0.28,0.0,0.0,-0.011734728688769014,0.3306375300496239,0.47449988994636605,0.07905513145564791,100.0,19.0,26,0.3507692307692308,0.49,0.08282051282051284,100.0,19.0,26,"rango LOO rho [0.351, 0.490]; cambio máximo 0.083",Sin identidad directa predeclarada; evaluar dependencia por arquitectura y protocolo,"Asociación positiva en rangos; diferencia r−rho=-0.012; valorar junto con soporte, empates y sensibilidad","Posensayo; excluido de INPUT; fuerza del evento terminal/rotura final, no máximo global (docs/trazabilidad_datos.md); Posensayo; unidad corroborada con tesis PDF pp.117/121 (docs/trazabilidad_datos.md); ausencia de energía no demuestra ausencia de evento/ciclo; LOO no es IC ni validación predictiva; no implica causalidad"
Ultimate_Load,Dissipated_cycle_5,26,-0.0011168830324779955,0.2882051282051282,0.1630769230769231,0.0,0.0,-0.2893220112376062,-0.02675874101977893,0.31485909274022994,0.3159759757727079,65.38461538461539,5.0,26,0.2276923076923077,0.3569230769230769,0.06871794871794867,100.0,19.0,26,"rango LOO rho [0.228, 0.357]; cambio máximo 0.069",Sin identidad directa predeclarada; evaluar dependencia por arquitectura y protocolo,"Asociación positiva en rangos; diferencia r−rho=-0.289; valorar junto con soporte, empates y sensibilidad","Posensayo; excluido de INPUT; fuerza del evento terminal/rotura final, no máximo global (docs/trazabilidad_datos.md); Posensayo; unidad corroborada con tesis PDF pp.117/121 (docs/trazabilidad_datos.md); ausencia de energía no demuestra ausencia de evento/ciclo; LOO no es IC ni validación predictiva; no implica causalidad"
Ultimate_Load,Dissipated_cycle_6,20,0.41798925761648964,0.36390977443609024,0.2631578947368421,0.0,0.0,0.0540794831803994,0.2887773831332487,0.5115347101298703,0.12921187448324095,100.0,10.0,20,0.27894736842105256,0.48771929824561394,0.1238095238095237,100.0,19.0,20,"rango LOO rho [0.279, 0.488]; cambio máximo 0.124",Sin identidad directa predeclarada; evaluar dependencia por arquitectura y protocolo,"Asociación positiva en rangos; diferencia r−rho=0.054; valorar junto con soporte, empates y sensibilidad","Posensayo; excluido de INPUT; fuerza del evento terminal/rotura final, no máximo global (docs/trazabilidad_datos.md); Posensayo; unidad corroborada con tesis PDF pp.117/121 (docs/trazabilidad_datos.md); ausencia de energía no demuestra ausencia de evento/ciclo; LOO no es IC ni validación predictiva; no implica causalidad"
Ultimate_Load,Dissipated_cycle_7,7,-0.4247768736027379,-0.3571428571428571,-0.33333333333333337,0.0,0.0,-0.06763401645988082,-0.7815838592325668,-0.20062356896418615,0.3568069856298289,100.0,26.0,7,-0.6571428571428571,-0.14285714285714285,0.30000000000000004,100.0,26.0,7,"rango LOO rho [-0.657, -0.143]; cambio máximo 0.300",Sin identidad directa predeclarada; evaluar dependencia por arquitectura y protocolo,"Asociación negativa en rangos; diferencia r−rho=-0.068; valorar junto con soporte, empates y sensibilidad","Posensayo; excluido de INPUT; fuerza del evento terminal/rotura final, no máximo global (docs/trazabilidad_datos.md); Posensayo; unidad corroborada con tesis PDF pp.117/121 (docs/trazabilidad_datos.md); ausencia de energía no demuestra ausencia de evento/ciclo; LOO no es IC ni validación predictiva; no implica causalidad"
Ultimate_Load,Fracture_event_1,26,0.4625324629481881,0.5835897435897436,0.4338461538461538,0.0,0.0,-0.12105728064155546,0.38001600482774084,0.5281602362495531,0.08251645812044728,100.0,22.0,26,0.5315384615384615,0.6469230769230769,0.06333333333333335,100.0,26.0,26,"rango LOO rho [0.532, 0.647]; cambio máximo 0.063",Sin identidad directa predeclarada; evaluar dependencia por arquitectura y protocolo,"Asociación positiva en rangos; diferencia r−rho=-0.121; valorar junto con soporte, empates y sensibilidad","Posensayo; excluido de INPUT; fuerza del evento terminal/rotura final, no máximo global (docs/trazabilidad_datos.md); Posensayo; unidad corroborada con tesis PDF pp.117/121 (docs/trazabilidad_datos.md); ausencia de energía no demuestra ausencia de evento/ciclo; LOO no es IC ni validación predictiva; no implica causalidad"
Ultimate_Load,Fracture_event_2,24,0.3760242244665811,0.3982608695652174,0.28985507246376807,0.0,0.0,-0.022236645098636265,0.23904564427519046,0.5680009432408394,0.19197671877425826,100.0,10.0,24,0.33201581027667987,0.5029644268774703,0.10470355731225295,100.0,10.0,24,"rango LOO rho [0.332, 0.503]; cambio máximo 0.105",Sin identidad directa predeclarada; evaluar dependencia por arquitectura y protocolo,"Asociación positiva en rangos; diferencia r−rho=-0.022; valorar junto con soporte, empates y sensibilidad","Posensayo; excluido de INPUT; fuerza del evento terminal/rotura final, no máximo global (docs/trazabilidad_datos.md); Posensayo; unidad corroborada con tesis PDF pp.117/121 (docs/trazabilidad_datos.md); ausencia de energía no demuestra ausencia de evento/ciclo; LOO no es IC ni validación predictiva; no implica causalidad"
Ultimate_Load,Fracture_event_3,22,0.42198214393480077,0.4082439299830604,0.341991341991342,0.0,0.0,0.013738213951740352,0.17372939457250175,0.6954508338759189,0.2734686899411181,100.0,24.0,22,0.33636363636363636,0.5701298701298702,0.16188594014680974,100.0,24.0,22,"rango LOO rho [0.336, 0.570]; cambio máximo 0.162",Sin identidad directa predeclarada; evaluar dependencia por arquitectura y protocolo,"Asociación positiva en rangos; diferencia r−rho=0.014; valorar junto con soporte, empates y sensibilidad","Posensayo; excluido de INPUT; fuerza del evento terminal/rotura final, no máximo global (docs/trazabilidad_datos.md); Posensayo; unidad corroborada con tesis PDF pp.117/121 (docs/trazabilidad_datos.md); ausencia de energía no demuestra ausencia de evento/ciclo; LOO no es IC ni validación predictiva; no implica causalidad"
Ultimate_Load,Fracture_event_4,19,0.31630324483380123,0.3421052631578947,0.21637426900584794,0.0,0.0,-0.025802018324093456,0.1823283871157209,0.4198990866445773,0.13397485771808032,100.0,10.0,19,0.2549019607843137,0.4489164086687306,0.10681114551083593,100.0,26.0,19,"rango LOO rho [0.255, 0.449]; cambio máximo 0.107",Sin identidad directa predeclarada; evaluar dependencia por arquitectura y protocolo,"Asociación positiva en rangos; diferencia r−rho=-0.026; valorar junto con soporte, empates y sensibilidad","Posensayo; excluido de INPUT; fuerza del evento terminal/rotura final, no máximo global (docs/trazabilidad_datos.md); Posensayo; unidad corroborada con tesis PDF pp.117/121 (docs/trazabilidad_datos.md); ausencia de energía no demuestra ausencia de evento/ciclo; LOO no es IC ni validación predictiva; no implica causalidad"
Ultimate_Load,Fracture_event_5,17,0.800517987277563,0.46323529411764713,0.3529411764705882,0.0,0.0,0.3372826931599158,0.7113293541285981,0.8503173185373477,0.08918863314896486,100.0,10.0,17,0.3558823529411765,0.55,0.10735294117647065,100.0,14.0,17,"rango LOO rho [0.356, 0.550]; cambio máximo 0.107",Sin identidad directa predeclarada; evaluar dependencia por arquitectura y protocolo,"Asociación positiva en rangos; diferencia r−rho=0.337; valorar junto con soporte, empates y sensibilidad","Posensayo; excluido de INPUT; fuerza del evento terminal/rotura final, no máximo global (docs/trazabilidad_datos.md); Posensayo; unidad corroborada con tesis PDF pp.117/121 (docs/trazabilidad_datos.md); ausencia de energía no demuestra ausencia de evento/ciclo; LOO no es IC ni validación predictiva; no implica causalidad"
Ultimate_Load,Fracture_event_6,7,0.7557412058316526,0.5357142857142857,0.4285714285714286,0.0,0.0,0.2200269201173669,0.21028394183892563,0.8471181405078105,0.545457263992727,100.0,4.0,7,0.2571428571428571,0.7714285714285715,0.2785714285714286,100.0,4.0,7,"rango LOO rho [0.257, 0.771]; cambio máximo 0.279",Sin identidad directa predeclarada; evaluar dependencia por arquitectura y protocolo,"Asociación positiva en rangos; diferencia r−rho=0.220; valorar junto con soporte, empates y sensibilidad","Posensayo; excluido de INPUT; fuerza del evento terminal/rotura final, no máximo global (docs/trazabilidad_datos.md); Posensayo; unidad corroborada con tesis PDF pp.117/121 (docs/trazabilidad_datos.md); ausencia de energía no demuestra ausencia de evento/ciclo; LOO no es IC ni validación predictiva; no implica causalidad"
Ultimate_Load,Fracture_event_7,6,-0.7664545913779014,-0.7714285714285715,-0.6,0.0,0.0,0.004973980050670068,-0.9284706221561052,-0.7247751880049911,0.1620160307782038,100.0,9.0,6,-0.8999999999999998,-0.5999999999999999,0.1714285714285716,100.0,4.0,6,"rango LOO rho [-0.900, -0.600]; cambio máximo 0.171",Sin identidad directa predeclarada; evaluar dependencia por arquitectura y protocolo,"Asociación negativa en rangos; diferencia r−rho=0.005; valorar junto con soporte, empates y sensibilidad","Posensayo; excluido de INPUT; fuerza del evento terminal/rotura final, no máximo global (docs/trazabilidad_datos.md); Posensayo; unidad corroborada con tesis PDF pp.117/121 (docs/trazabilidad_datos.md); ausencia de energía no demuestra ausencia de evento/ciclo; LOO no es IC ni validación predictiva; no implica causalidad"
Ultimate_Load,Fracture_event_8,4,0.9142337861092039,0.3999999999999999,0.3333333333333334,0.0,0.0,0.514233786109204,0.12819622029156325,0.9898649091860644,0.7860375658176406,100.0,4.0,4,-0.4999999999999999,0.9999999999999998,0.8999999999999998,75.0,4.0,4,"rango LOO rho [-0.500, 1.000]; cambio máximo 0.900",Sin identidad directa predeclarada; evaluar dependencia por arquitectura y protocolo,"Asociación positiva en rangos; diferencia r−rho=0.514; valorar junto con soporte, empates y sensibilidad","Posensayo; excluido de INPUT; fuerza del evento terminal/rotura final, no máximo global (docs/trazabilidad_datos.md); Posensayo; unidad corroborada con tesis PDF pp.117/121 (docs/trazabilidad_datos.md); ausencia de energía no demuestra ausencia de evento/ciclo; LOO no es IC ni validación predictiva; no implica causalidad"
Ultimate_Load,Fracture_event_9,2,,,,0.0,0.0,,,,,,,0,,,,,,0,No identificable: soporte insuficiente o variable constante,Sin identidad directa predeclarada; evaluar dependencia por arquitectura y protocolo,Asociación no identificable con la variación y disponibilidad observadas,"Posensayo; excluido de INPUT; fuerza del evento terminal/rotura final, no máximo global (docs/trazabilidad_datos.md); Posensayo; unidad corroborada con tesis PDF pp.117/121 (docs/trazabilidad_datos.md); ausencia de energía no demuestra ausencia de evento/ciclo; LOO no es IC ni validación predictiva; no implica causalidad"
Ultimate_Load,Fracture_event_10,1,,,,0.0,0.0,,,,,,,0,,,,,,0,No identificable: soporte insuficiente o variable constante,Sin identidad directa predeclarada; evaluar dependencia por arquitectura y protocolo,Asociación no identificable con la variación y disponibilidad observadas,"Posensayo; excluido de INPUT; fuerza del evento terminal/rotura final, no máximo global (docs/trazabilidad_datos.md); Posensayo; unidad corroborada con tesis PDF pp.117/121 (docs/trazabilidad_datos.md); ausencia de energía no demuestra ausencia de evento/ciclo; LOO no es IC ni validación predictiva; no implica causalidad"
Ultimate_Load,Fracture_event_11,1,,,,0.0,0.0,,,,,,,0,,,,,,0,No identificable: soporte insuficiente o variable constante,Sin identidad directa predeclarada; evaluar dependencia por arquitectura y protocolo,Asociación no identificable con la variación y disponibilidad observadas,"Posensayo; excluido de INPUT; fuerza del evento terminal/rotura final, no máximo global (docs/trazabilidad_datos.md); Posensayo; unidad corroborada con tesis PDF pp.117/121 (docs/trazabilidad_datos.md); ausencia de energía no demuestra ausencia de evento/ciclo; LOO no es IC ni validación predictiva; no implica causalidad"
Ultimate_Load,Fracture_event_12,1,,,,0.0,0.0,,,,,,,0,,,,,,0,No identificable: soporte insuficiente o variable constante,Sin identidad directa predeclarada; evaluar dependencia por arquitectura y protocolo,Asociación no identificable con la variación y disponibilidad observadas,"Posensayo; excluido de INPUT; fuerza del evento terminal/rotura final, no máximo global (docs/trazabilidad_datos.md); Posensayo; unidad corroborada con tesis PDF pp.117/121 (docs/trazabilidad_datos.md); ausencia de energía no demuestra ausencia de evento/ciclo; LOO no es IC ni validación predictiva; no implica causalidad"
Ultimate_Load,Fracture_event_13,1,,,,0.0,0.0,,,,,,,0,,,,,,0,No identificable: soporte insuficiente o variable constante,Sin identidad directa predeclarada; evaluar dependencia por arquitectura y protocolo,Asociación no identificable con la variación y disponibilidad observadas,"Posensayo; excluido de INPUT; fuerza del evento terminal/rotura final, no máximo global (docs/trazabilidad_datos.md); Posensayo; unidad corroborada con tesis PDF pp.117/121 (docs/trazabilidad_datos.md); ausencia de energía no demuestra ausencia de evento/ciclo; LOO no es IC ni validación predictiva; no implica causalidad"
Ultimate_Load,Load_ratio_first_over_ultimate,26,-0.3502544178587627,-0.3251282051282051,-0.2307692307692308,0.0,0.0,-0.025126212730557596,-0.38848152483341875,-0.2997570957287056,0.05049732213005709,100.0,10.0,26,-0.4123076923076923,-0.25461538461538463,0.0871794871794872,100.0,1.0,26,"rango LOO rho [-0.412, -0.255]; cambio máximo 0.087",Dependencia algebraica directa: una variable participa en la definición de la otra,"Asociación negativa en rangos; diferencia r−rho=-0.025; valorar junto con soporte, empates y sensibilidad","Posensayo; excluido de INPUT; fuerza del evento terminal/rotura final, no máximo global (docs/trazabilidad_datos.md); Cociente primera/rotura final; no factor de seguridad ni reserva de carga; LOO no es IC ni validación predictiva; no implica causalidad"
Ultimate_Load,Load_per_specimen_volume,26,0.47044128188091267,0.5521367521367522,0.4030769230769231,0.0,0.0,-0.08169547025583951,0.3777657570612431,0.5413995840462047,0.09267552481966956,100.0,22.0,26,0.49615384615384617,0.6338461538461538,0.08170940170940166,100.0,26.0,26,"rango LOO rho [0.496, 0.634]; cambio máximo 0.082",Sin identidad directa predeclarada; evaluar dependencia por arquitectura y protocolo,"Asociación positiva en rangos; diferencia r−rho=-0.082; valorar junto con soporte, empates y sensibilidad","Posensayo; excluido de INPUT; fuerza del evento terminal/rotura final, no máximo global (docs/trazabilidad_datos.md); Índice descriptivo de carga por volumen; no esfuerzo ni resistencia material; LOO no es IC ni validación predictiva; no implica causalidad"
Ultimate_Load,Load_per_pivot,26,0.4170748540527684,0.37914529914529915,0.2553846153846154,0.0,0.0,0.03792955490746924,0.3184669072440783,0.47604160823340497,0.09860794680869012,100.0,22.0,26,0.30153846153846153,0.44076923076923075,0.07760683760683762,100.0,22.0,26,"rango LOO rho [0.302, 0.441]; cambio máximo 0.078",Sin identidad directa predeclarada; evaluar dependencia por arquitectura y protocolo,"Asociación positiva en rangos; diferencia r−rho=0.038; valorar junto con soporte, empates y sensibilidad","Posensayo; excluido de INPUT; fuerza del evento terminal/rotura final, no máximo global (docs/trazabilidad_datos.md); No presupone reparto uniforme de cargas entre pivotes; LOO no es IC ni validación predictiva; no implica causalidad"
Ultimate_Load,Load_per_cell_Y,26,0.4713150566992614,0.5138461538461538,0.36615384615384616,0.0,0.0,-0.04253109714689246,0.37990342412186173,0.5394250599189848,0.09141163257739965,100.0,22.0,26,0.4530769230769231,0.5807692307692308,0.06692307692307697,100.0,19.0,26,"rango LOO rho [0.453, 0.581]; cambio máximo 0.067",Sin identidad directa predeclarada; evaluar dependencia por arquitectura y protocolo,"Asociación positiva en rangos; diferencia r−rho=-0.043; valorar junto con soporte, empates y sensibilidad","Posensayo; excluido de INPUT; fuerza del evento terminal/rotura final, no máximo global (docs/trazabilidad_datos.md); Normalización por conteo en Y; no fuerza medida en cada celda; LOO no es IC ni validación predictiva; no implica causalidad"
Ultimate_Load,Fracture_observed_sum,26,0.5198570449202105,0.48717948717948717,0.35384615384615387,0.0,0.0,0.032677557740723284,0.410715403717737,0.5853307870519482,0.10914164120247344,100.0,24.0,26,0.4307692307692308,0.5907692307692308,0.10358974358974365,100.0,26.0,26,"rango LOO rho [0.431, 0.591]; cambio máximo 0.104",Sin identidad directa predeclarada; evaluar dependencia por arquitectura y protocolo,"Asociación positiva en rangos; diferencia r−rho=0.033; valorar junto con soporte, empates y sensibilidad","Posensayo; excluido de INPUT; fuerza del evento terminal/rotura final, no máximo global (docs/trazabilidad_datos.md); Suma observada de longitud variable; no energía total del ensayo; LOO no es IC ni validación predictiva; no implica causalidad"
Ultimate_Load,Fracture_registered_events,26,-0.4214275973401556,-0.5122210049801521,-0.376696764637935,0.0,61.53846153846154,0.09079340763999649,-0.485031086089857,-0.31482428646976834,0.10660331087038727,100.0,22.0,26,-0.5816056995017141,-0.45581007934939266,0.06938469452156204,100.0,27.0,26,"rango LOO rho [-0.582, -0.456]; cambio máximo 0.069",Sin identidad directa predeclarada; evaluar dependencia por arquitectura y protocolo,"Asociación negativa en rangos; diferencia r−rho=0.091; valorar junto con soporte, empates y sensibilidad","Posensayo; excluido de INPUT; fuerza del evento terminal/rotura final, no máximo global (docs/trazabilidad_datos.md); Disponibilidad de registro, no conteo verificado de todas las fracturas; LOO no es IC ni validación predictiva; no implica causalidad"
Ultimate_Load,Fracture_initial_share,26,0.25132932856166335,0.12241408966738443,0.08012336167697755,0.0,3.8461538461538436,0.12891523889427892,0.015292921439149534,0.3792049298326219,0.2360364071225138,100.0,22.0,26,0.019230769230769232,0.23081362227310762,0.10839953260572319,100.0,10.0,26,"rango LOO rho [0.019, 0.231]; cambio máximo 0.108",Sin identidad directa predeclarada; evaluar dependencia por arquitectura y protocolo,"Asociación positiva en rangos; diferencia r−rho=0.129; valorar junto con soporte, empates y sensibilidad","Posensayo; excluido de INPUT; fuerza del evento terminal/rotura final, no máximo global (docs/trazabilidad_datos.md); Comparte numerador y denominador con otras respuestas; sensible a cobertura de eventos; LOO no es IC ni validación predictiva; no implica causalidad"
Ultimate_Load,Residual_fraction_cycle1,26,-0.295113697450193,-0.30666666666666664,-0.2,0.0,0.0,0.01155296921647364,-0.3607369280449494,-0.25792303173282655,0.06562323059475639,100.0,25.0,26,-0.36230769230769233,-0.2530769230769231,0.05564102564102569,100.0,6.0,26,"rango LOO rho [-0.362, -0.253]; cambio máximo 0.056",Sin identidad directa predeclarada; evaluar dependencia por arquitectura y protocolo,"Asociación negativa en rangos; diferencia r−rho=0.012; valorar junto con soporte, empates y sensibilidad","Posensayo; excluido de INPUT; fuerza del evento terminal/rotura final, no máximo global (docs/trazabilidad_datos.md); Amplitud nominal del nombre de columna; no deformación unitaria; LOO no es IC ni validación predictiva; no implica causalidad"
Ultimate_Load,Residual_fraction_cycle2,26,-0.250373396352706,-0.3244444444444444,-0.2246153846153846,0.0,0.0,0.07407104809173842,-0.34099109782339343,-0.17575797106276955,0.09061770147068743,100.0,25.0,26,-0.4146153846153846,-0.2530769230769231,0.09017094017094018,100.0,7.0,26,"rango LOO rho [-0.415, -0.253]; cambio máximo 0.090",Sin identidad directa predeclarada; evaluar dependencia por arquitectura y protocolo,"Asociación negativa en rangos; diferencia r−rho=0.074; valorar junto con soporte, empates y sensibilidad","Posensayo; excluido de INPUT; fuerza del evento terminal/rotura final, no máximo global (docs/trazabilidad_datos.md); Amplitud nominal del nombre de columna; no deformación unitaria; LOO no es IC ni validación predictiva; no implica causalidad"
Ultimate_Load,Residual_fraction_cycle3,26,-0.03455166153246979,0.0017094017094017094,-0.021538461538461538,0.0,0.0,-0.0362610632418715,-0.10505482819470652,0.0651144907248478,0.09966615225731759,88.46153846153845,24.0,26,-0.07615384615384616,0.10153846153846154,0.09982905982905983,50.0,1.0,26,"rango LOO rho [-0.076, 0.102]; cambio máximo 0.100",Sin identidad directa predeclarada; evaluar dependencia por arquitectura y protocolo,"Asociación positiva en rangos; diferencia r−rho=-0.036; valorar junto con soporte, empates y sensibilidad","Posensayo; excluido de INPUT; fuerza del evento terminal/rotura final, no máximo global (docs/trazabilidad_datos.md); Amplitud nominal del nombre de columna; no deformación unitaria; LOO no es IC ni validación predictiva; no implica causalidad"
Ultimate_Load,Residual_fraction_cycle4,26,0.07446460325513114,-0.06324786324786325,-0.046153846153846156,0.0,0.0,0.1377124665029944,0.0001949919771304363,0.1728870976345763,0.09842249437944516,100.0,24.0,26,-0.18,0.03,0.11675213675213675,92.3076923076923,8.0,26,"rango LOO rho [-0.180, 0.030]; cambio máximo 0.117",Sin identidad directa predeclarada; evaluar dependencia por arquitectura y protocolo,"Asociación negativa en rangos; diferencia r−rho=0.138; valorar junto con soporte, empates y sensibilidad","Posensayo; excluido de INPUT; fuerza del evento terminal/rotura final, no máximo global (docs/trazabilidad_datos.md); Amplitud nominal del nombre de columna; no deformación unitaria; LOO no es IC ni validación predictiva; no implica causalidad"
Ultimate_Load,Residual_fraction_cycle5,26,0.21850864549206,0.1939788343229109,0.13601382690174096,0.0,7.692307692307687,0.024529811169149096,0.15388833305243216,0.26779000186192536,0.06462031243962785,100.0,8.0,26,0.1131640058184221,0.2609700542343204,0.0808148285044888,100.0,8.0,26,"rango LOO rho [0.113, 0.261]; cambio máximo 0.081",Sin identidad directa predeclarada; evaluar dependencia por arquitectura y protocolo,"Asociación positiva en rangos; diferencia r−rho=0.025; valorar junto con soporte, empates y sensibilidad","Posensayo; excluido de INPUT; fuerza del evento terminal/rotura final, no máximo global (docs/trazabilidad_datos.md); Amplitud nominal del nombre de columna; no deformación unitaria; LOO no es IC ni validación predictiva; no implica causalidad"
Ultimate_Load,Residual_fraction_cycle6,20,0.07003340093803083,0.05116630492846451,0.03174647611626638,0.0,9.999999999999998,0.01886709600956632,0.0038850103889776963,0.14485694130069782,0.07482354036266699,100.0,10.0,20,-0.02019315967026031,0.14837582540321706,0.09720952047475255,85.0,10.0,20,"rango LOO rho [-0.020, 0.148]; cambio máximo 0.097",Sin identidad directa predeclarada; evaluar dependencia por arquitectura y protocolo,"Asociación positiva en rangos; diferencia r−rho=0.019; valorar junto con soporte, empates y sensibilidad","Posensayo; excluido de INPUT; fuerza del evento terminal/rotura final, no máximo global (docs/trazabilidad_datos.md); Amplitud nominal del nombre de columna; no deformación unitaria; LOO no es IC ni validación predictiva; no implica causalidad"
Ultimate_Load,Recovery_complement_cycle6,20,-0.07003340093803086,-0.05116630492846451,-0.03174647611626638,0.0,9.999999999999998,-0.018867096009566348,-0.1448569413006978,-0.003885010388977689,0.07482354036266693,100.0,10.0,20,-0.14837582540321706,0.02019315967026031,0.09720952047475255,85.0,10.0,20,"rango LOO rho [-0.148, 0.020]; cambio máximo 0.097",Sin identidad directa predeclarada; evaluar dependencia por arquitectura y protocolo,"Asociación negativa en rangos; diferencia r−rho=-0.019; valorar junto con soporte, empates y sensibilidad","Posensayo; excluido de INPUT; fuerza del evento terminal/rotura final, no máximo global (docs/trazabilidad_datos.md); Proxy complemento nominal; requiere protocolo para interpretar recuperación elástica; LOO no es IC ni validación predictiva; no implica causalidad"
Maximum_Displacement,residual_Displacement_1cycle_10mm,26,-0.20765143015618054,-0.25811965811965815,-0.1630769230769231,0.0,0.0,0.05046822796347761,-0.2779716089118528,-0.14712153742064832,0.07032017875567226,100.0,27.0,26,-0.3576923076923077,-0.20307692307692307,0.09957264957264955,100.0,27.0,26,"rango LOO rho [-0.358, -0.203]; cambio máximo 0.100",Sin identidad directa predeclarada; evaluar dependencia por arquitectura y protocolo,"Asociación negativa en rangos; diferencia r−rho=0.050; valorar junto con soporte, empates y sensibilidad",Posensayo; excluido de INPUT; Posensayo; excluido de INPUT; LOO no es IC ni validación predictiva; no implica causalidad
Maximum_Displacement,residual_Displacement_2cycle_20mm,26,-0.283104409453657,-0.4386324786324786,-0.3230769230769231,0.0,0.0,0.15552806917882162,-0.43217653440921006,-0.21742891886104893,0.14907212495555305,100.0,27.0,26,-0.5784615384615385,-0.3892307692307692,0.13982905982905985,100.0,27.0,26,"rango LOO rho [-0.578, -0.389]; cambio máximo 0.140",Sin identidad directa predeclarada; evaluar dependencia por arquitectura y protocolo,"Asociación negativa en rangos; diferencia r−rho=0.156; valorar junto con soporte, empates y sensibilidad",Posensayo; excluido de INPUT; Posensayo; excluido de INPUT; LOO no es IC ni validación predictiva; no implica causalidad
Maximum_Displacement,residual_Displacement_3cycle_30mm,26,-0.2950871090764306,-0.3723076923076923,-0.28,0.0,0.0,0.07722058323126169,-0.5006809740781561,-0.22952581761969543,0.20559386500172555,100.0,27.0,26,-0.5030769230769231,-0.31153846153846154,0.1307692307692308,100.0,27.0,26,"rango LOO rho [-0.503, -0.312]; cambio máximo 0.131",Sin identidad directa predeclarada; evaluar dependencia por arquitectura y protocolo,"Asociación negativa en rangos; diferencia r−rho=0.077; valorar junto con soporte, empates y sensibilidad",Posensayo; excluido de INPUT; Posensayo; excluido de INPUT; LOO no es IC ni validación predictiva; no implica causalidad
Maximum_Displacement,residual_Displacement_4cycle_40mm,26,-0.2898465914708085,-0.2294017094017094,-0.14461538461538462,0.0,0.0,-0.06044488206909909,-0.4490172280463285,-0.21142958063323927,0.15917063657552,100.0,27.0,26,-0.35384615384615387,-0.15076923076923077,0.12444444444444447,100.0,27.0,26,"rango LOO rho [-0.354, -0.151]; cambio máximo 0.124",Sin identidad directa predeclarada; evaluar dependencia por arquitectura y protocolo,"Asociación negativa en rangos; diferencia r−rho=-0.060; valorar junto con soporte, empates y sensibilidad",Posensayo; excluido de INPUT; Posensayo; excluido de INPUT; LOO no es IC ni validación predictiva; no implica causalidad
Maximum_Displacement,residual_Displacement_5cycle_50mm,26,-0.26759766220640346,-0.20697917948035466,-0.13601382690174096,0.0,7.692307692307687,-0.060618482726048806,-0.426583002555583,-0.12697676420033646,0.15898534034917955,100.0,27.0,26,-0.3194766150656134,-0.11239418264958931,0.11249743558525876,100.0,27.0,26,"rango LOO rho [-0.319, -0.112]; cambio máximo 0.112",Sin identidad directa predeclarada; evaluar dependencia por arquitectura y protocolo,"Asociación negativa en rangos; diferencia r−rho=-0.061; valorar junto con soporte, empates y sensibilidad",Posensayo; excluido de INPUT; Posensayo; excluido de INPUT; LOO no es IC ni validación predictiva; no implica causalidad
Maximum_Displacement,residual_Displacement_6cycle_60mm,20,-0.3187065546985405,-0.21820924160668687,-0.15873238058133193,0.0,9.999999999999998,-0.10049731309185361,-0.5284280425495028,-0.06804496488926202,0.25066158980927844,100.0,4.0,20,-0.37313447216785356,-0.09482005410383103,0.1549252305611667,100.0,27.0,20,"rango LOO rho [-0.373, -0.095]; cambio máximo 0.155",Sin identidad directa predeclarada; evaluar dependencia por arquitectura y protocolo,"Asociación negativa en rangos; diferencia r−rho=-0.100; valorar junto con soporte, empates y sensibilidad",Posensayo; excluido de INPUT; Posensayo; excluido de INPUT; LOO no es IC ni validación predictiva; no implica causalidad
Maximum_Displacement,Dissipated_cycle_1,26,0.48175817027761453,0.47623931623931626,0.36000000000000004,0.0,0.0,0.005518854038298271,0.4206326735284727,0.5591802041797855,0.077422033902171,100.0,4.0,26,0.42923076923076925,0.5846153846153846,0.10837606837606839,100.0,13.0,26,"rango LOO rho [0.429, 0.585]; cambio máximo 0.108",Sin identidad directa predeclarada; evaluar dependencia por arquitectura y protocolo,"Asociación positiva en rangos; diferencia r−rho=0.006; valorar junto con soporte, empates y sensibilidad",Posensayo; excluido de INPUT; Posensayo; unidad corroborada con tesis PDF pp.117/121 (docs/trazabilidad_datos.md); ausencia de energía no demuestra ausencia de evento/ciclo; LOO no es IC ni validación predictiva; no implica causalidad
Maximum_Displacement,Dissipated_cycle_2,26,0.13716937440545093,0.15282051282051282,0.08923076923076924,0.0,0.0,-0.015651138415061883,0.09083796509406891,0.2377983851533017,0.10062901074785077,100.0,22.0,26,0.1176923076923077,0.27615384615384614,0.12333333333333332,100.0,22.0,26,"rango LOO rho [0.118, 0.276]; cambio máximo 0.123",Sin identidad directa predeclarada; evaluar dependencia por arquitectura y protocolo,"Asociación positiva en rangos; diferencia r−rho=-0.016; valorar junto con soporte, empates y sensibilidad",Posensayo; excluido de INPUT; Posensayo; unidad corroborada con tesis PDF pp.117/121 (docs/trazabilidad_datos.md); ausencia de energía no demuestra ausencia de evento/ciclo; LOO no es IC ni validación predictiva; no implica causalidad
Maximum_Displacement,Dissipated_cycle_3,26,0.21723794297049814,0.26974358974358975,0.1630769230769231,0.0,0.0,-0.05250564677309161,0.15437186699054786,0.2893553152551797,0.07211737228468157,100.0,22.0,26,0.21076923076923076,0.3638461538461538,0.09410256410256407,100.0,22.0,26,"rango LOO rho [0.211, 0.364]; cambio máximo 0.094",Sin identidad directa predeclarada; evaluar dependencia por arquitectura y protocolo,"Asociación positiva en rangos; diferencia r−rho=-0.053; valorar junto con soporte, empates y sensibilidad",Posensayo; excluido de INPUT; Posensayo; unidad corroborada con tesis PDF pp.117/121 (docs/trazabilidad_datos.md); ausencia de energía no demuestra ausencia de evento/ciclo; LOO no es IC ni validación predictiva; no implica causalidad
Maximum_Displacement,Dissipated_cycle_4,26,0.23537668709666942,0.29025641025641025,0.18153846153846157,0.0,0.0,-0.05487972315974082,0.1821394491060169,0.3379415553314627,0.10256486823479327,100.0,22.0,26,0.23692307692307693,0.41307692307692306,0.12282051282051282,100.0,22.0,26,"rango LOO rho [0.237, 0.413]; cambio máximo 0.123",Sin identidad directa predeclarada; evaluar dependencia por arquitectura y protocolo,"Asociación positiva en rangos; diferencia r−rho=-0.055; valorar junto con soporte, empates y sensibilidad",Posensayo; excluido de INPUT; Posensayo; unidad corroborada con tesis PDF pp.117/121 (docs/trazabilidad_datos.md); ausencia de energía no demuestra ausencia de evento/ciclo; LOO no es IC ni validación predictiva; no implica causalidad
Maximum_Displacement,Dissipated_cycle_5,26,-0.36329270218253357,0.09401709401709402,0.027692307692307693,0.0,0.0,-0.4573097961996276,-0.3981403096541665,0.15961832134019296,0.5229110235227266,96.15384615384616,5.0,26,0.025384615384615384,0.23076923076923078,0.13675213675213677,100.0,5.0,26,"rango LOO rho [0.025, 0.231]; cambio máximo 0.137",Sin identidad directa predeclarada; evaluar dependencia por arquitectura y protocolo,"Asociación positiva en rangos; diferencia r−rho=-0.457; valorar junto con soporte, empates y sensibilidad",Posensayo; excluido de INPUT; Posensayo; unidad corroborada con tesis PDF pp.117/121 (docs/trazabilidad_datos.md); ausencia de energía no demuestra ausencia de evento/ciclo; LOO no es IC ni validación predictiva; no implica causalidad
Maximum_Displacement,Dissipated_cycle_6,20,0.18067524109282987,0.27669172932330827,0.17894736842105263,0.0,0.0,-0.0960164882304784,0.07579637756145642,0.2981053457159364,0.11743010462310652,100.0,22.0,20,0.20175438596491224,0.39649122807017534,0.11979949874686707,100.0,22.0,20,"rango LOO rho [0.202, 0.396]; cambio máximo 0.120",Sin identidad directa predeclarada; evaluar dependencia por arquitectura y protocolo,"Asociación positiva en rangos; diferencia r−rho=-0.096; valorar junto con soporte, empates y sensibilidad",Posensayo; excluido de INPUT; Posensayo; unidad corroborada con tesis PDF pp.117/121 (docs/trazabilidad_datos.md); ausencia de energía no demuestra ausencia de evento/ciclo; LOO no es IC ni validación predictiva; no implica causalidad
Maximum_Displacement,Dissipated_cycle_7,7,-0.5068980083625944,-0.3571428571428571,-0.33333333333333337,0.0,0.0,-0.14975515121973726,-0.7149103438997811,-0.1357438060248817,0.3711542023377127,100.0,27.0,7,-0.8285714285714286,0.02857142857142857,0.47142857142857153,85.71428571428571,21.0,7,"rango LOO rho [-0.829, 0.029]; cambio máximo 0.471",Sin identidad directa predeclarada; evaluar dependencia por arquitectura y protocolo,"Asociación negativa en rangos; diferencia r−rho=-0.150; valorar junto con soporte, empates y sensibilidad",Posensayo; excluido de INPUT; Posensayo; unidad corroborada con tesis PDF pp.117/121 (docs/trazabilidad_datos.md); ausencia de energía no demuestra ausencia de evento/ciclo; LOO no es IC ni validación predictiva; no implica causalidad
Maximum_Displacement,Fracture_event_1,26,0.2808020236804402,0.30803418803418803,0.2246153846153846,0.0,0.0,-0.027232164353747812,0.14997947197853823,0.41499175590558246,0.13418973222514224,100.0,22.0,26,0.22153846153846155,0.4523076923076923,0.14427350427350427,100.0,22.0,26,"rango LOO rho [0.222, 0.452]; cambio máximo 0.144",Sin identidad directa predeclarada; evaluar dependencia por arquitectura y protocolo,"Asociación positiva en rangos; diferencia r−rho=-0.027; valorar junto con soporte, empates y sensibilidad",Posensayo; excluido de INPUT; Posensayo; unidad corroborada con tesis PDF pp.117/121 (docs/trazabilidad_datos.md); ausencia de energía no demuestra ausencia de evento/ciclo; LOO no es IC ni validación predictiva; no implica causalidad
Maximum_Displacement,Fracture_event_2,24,0.53322735092547,0.4834782608695652,0.35507246376811596,0.0,0.0,0.04974909005590483,0.45504044498441154,0.616560779915236,0.08333342898976592,100.0,7.0,24,0.41304347826086957,0.5632411067193676,0.07976284584980237,100.0,7.0,24,"rango LOO rho [0.413, 0.563]; cambio máximo 0.080",Sin identidad directa predeclarada; evaluar dependencia por arquitectura y protocolo,"Asociación positiva en rangos; diferencia r−rho=0.050; valorar junto con soporte, empates y sensibilidad",Posensayo; excluido de INPUT; Posensayo; unidad corroborada con tesis PDF pp.117/121 (docs/trazabilidad_datos.md); ausencia de energía no demuestra ausencia de evento/ciclo; LOO no es IC ni validación predictiva; no implica causalidad
Maximum_Displacement,Fracture_event_3,22,0.12352656780376062,0.042348955392433656,0.06493506493506493,0.0,0.0,0.08117761241132695,0.07309467235080529,0.24598751308497202,0.1224609452812114,100.0,24.0,22,-0.08831168831168831,0.16883116883116883,0.13066064370412198,90.9090909090909,1.0,22,"rango LOO rho [-0.088, 0.169]; cambio máximo 0.131",Sin identidad directa predeclarada; evaluar dependencia por arquitectura y protocolo,"Asociación positiva en rangos; diferencia r−rho=0.081; valorar junto con soporte, empates y sensibilidad",Posensayo; excluido de INPUT; Posensayo; unidad corroborada con tesis PDF pp.117/121 (docs/trazabilidad_datos.md); ausencia de energía no demuestra ausencia de evento/ciclo; LOO no es IC ni validación predictiva; no implica causalidad
Maximum_Displacement,Fracture_event_4,19,0.22104467601988123,0.29298245614035084,0.18128654970760236,0.0,0.0,-0.07193778012046961,0.17981877625626105,0.3518310957461814,0.13078641972630015,100.0,4.0,19,0.24045407636738902,0.4654282765737874,0.17244582043343654,100.0,4.0,19,"rango LOO rho [0.240, 0.465]; cambio máximo 0.172",Sin identidad directa predeclarada; evaluar dependencia por arquitectura y protocolo,"Asociación positiva en rangos; diferencia r−rho=-0.072; valorar junto con soporte, empates y sensibilidad",Posensayo; excluido de INPUT; Posensayo; unidad corroborada con tesis PDF pp.117/121 (docs/trazabilidad_datos.md); ausencia de energía no demuestra ausencia de evento/ciclo; LOO no es IC ni validación predictiva; no implica causalidad
Maximum_Displacement,Fracture_event_5,17,0.28981737542342906,0.13725490196078433,0.10294117647058822,0.0,0.0,0.15256247346264473,0.049414825147817344,0.44168077631222635,0.24040255027561172,100.0,24.0,17,-0.014705882352941176,0.2911764705882353,0.153921568627451,94.11764705882352,4.0,17,"rango LOO rho [-0.015, 0.291]; cambio máximo 0.154",Sin identidad directa predeclarada; evaluar dependencia por arquitectura y protocolo,"Asociación positiva en rangos; diferencia r−rho=0.153; valorar junto con soporte, empates y sensibilidad",Posensayo; excluido de INPUT; Posensayo; unidad corroborada con tesis PDF pp.117/121 (docs/trazabilidad_datos.md); ausencia de energía no demuestra ausencia de evento/ciclo; LOO no es IC ni validación predictiva; no implica causalidad
Maximum_Displacement,Fracture_event_6,7,0.5033400279831612,0.4285714285714285,0.33333333333333337,0.0,0.0,0.07476859941173275,0.07787339285803879,0.6657338713748246,0.42546663512512245,100.0,4.0,7,0.08571428571428572,0.7142857142857143,0.34285714285714275,100.0,4.0,7,"rango LOO rho [0.086, 0.714]; cambio máximo 0.343",Sin identidad directa predeclarada; evaluar dependencia por arquitectura y protocolo,"Asociación positiva en rangos; diferencia r−rho=0.075; valorar junto con soporte, empates y sensibilidad",Posensayo; excluido de INPUT; Posensayo; unidad corroborada con tesis PDF pp.117/121 (docs/trazabilidad_datos.md); ausencia de energía no demuestra ausencia de evento/ciclo; LOO no es IC ni validación predictiva; no implica causalidad
Maximum_Displacement,Fracture_event_7,6,-0.060547582740971204,-0.2571428571428571,-0.2,0.0,0.0,0.1965952744018859,-0.6370849540602173,0.39618525951779665,0.5765373713192461,66.66666666666666,7.0,6,-0.6999999999999998,0.29999999999999993,0.557142857142857,83.33333333333334,4.0,6,"rango LOO rho [-0.700, 0.300]; cambio máximo 0.557",Sin identidad directa predeclarada; evaluar dependencia por arquitectura y protocolo,"Asociación negativa en rangos; diferencia r−rho=0.197; valorar junto con soporte, empates y sensibilidad",Posensayo; excluido de INPUT; Posensayo; unidad corroborada con tesis PDF pp.117/121 (docs/trazabilidad_datos.md); ausencia de energía no demuestra ausencia de evento/ciclo; LOO no es IC ni validación predictiva; no implica causalidad
Maximum_Displacement,Fracture_event_8,4,0.3948951516946587,0.19999999999999996,0.0,0.0,0.0,0.19489515169465876,-0.8966673400163493,0.7673347849478371,1.291562491711008,75.0,4.0,4,-0.9999999999999998,0.4999999999999999,1.1999999999999997,75.0,4.0,4,"rango LOO rho [-1.000, 0.500]; cambio máximo 1.200",Sin identidad directa predeclarada; evaluar dependencia por arquitectura y protocolo,"Asociación positiva en rangos; diferencia r−rho=0.195; valorar junto con soporte, empates y sensibilidad",Posensayo; excluido de INPUT; Posensayo; unidad corroborada con tesis PDF pp.117/121 (docs/trazabilidad_datos.md); ausencia de energía no demuestra ausencia de evento/ciclo; LOO no es IC ni validación predictiva; no implica causalidad
Maximum_Displacement,Fracture_event_9,2,,,,0.0,0.0,,,,,,,0,,,,,,0,No identificable: soporte insuficiente o variable constante,Sin identidad directa predeclarada; evaluar dependencia por arquitectura y protocolo,Asociación no identificable con la variación y disponibilidad observadas,Posensayo; excluido de INPUT; Posensayo; unidad corroborada con tesis PDF pp.117/121 (docs/trazabilidad_datos.md); ausencia de energía no demuestra ausencia de evento/ciclo; LOO no es IC ni validación predictiva; no implica causalidad
Maximum_Displacement,Fracture_event_10,1,,,,0.0,0.0,,,,,,,0,,,,,,0,No identificable: soporte insuficiente o variable constante,Sin identidad directa predeclarada; evaluar dependencia por arquitectura y protocolo,Asociación no identificable con la variación y disponibilidad observadas,Posensayo; excluido de INPUT; Posensayo; unidad corroborada con tesis PDF pp.117/121 (docs/trazabilidad_datos.md); ausencia de energía no demuestra ausencia de evento/ciclo; LOO no es IC ni validación predictiva; no implica causalidad
Maximum_Displacement,Fracture_event_11,1,,,,0.0,0.0,,,,,,,0,,,,,,0,No identificable: soporte insuficiente o variable constante,Sin identidad directa predeclarada; evaluar dependencia por arquitectura y protocolo,Asociación no identificable con la variación y disponibilidad observadas,Posensayo; excluido de INPUT; Posensayo; unidad corroborada con tesis PDF pp.117/121 (docs/trazabilidad_datos.md); ausencia de energía no demuestra ausencia de evento/ciclo; LOO no es IC ni validación predictiva; no implica causalidad
Maximum_Displacement,Fracture_event_12,1,,,,0.0,0.0,,,,,,,0,,,,,,0,No identificable: soporte insuficiente o variable constante,Sin identidad directa predeclarada; evaluar dependencia por arquitectura y protocolo,Asociación no identificable con la variación y disponibilidad observadas,Posensayo; excluido de INPUT; Posensayo; unidad corroborada con tesis PDF pp.117/121 (docs/trazabilidad_datos.md); ausencia de energía no demuestra ausencia de evento/ciclo; LOO no es IC ni validación predictiva; no implica causalidad
Maximum_Displacement,Fracture_event_13,1,,,,0.0,0.0,,,,,,,0,,,,,,0,No identificable: soporte insuficiente o variable constante,Sin identidad directa predeclarada; evaluar dependencia por arquitectura y protocolo,Asociación no identificable con la variación y disponibilidad observadas,Posensayo; excluido de INPUT; Posensayo; unidad corroborada con tesis PDF pp.117/121 (docs/trazabilidad_datos.md); ausencia de energía no demuestra ausencia de evento/ciclo; LOO no es IC ni validación predictiva; no implica causalidad
Maximum_Displacement,Load_ratio_first_over_ultimate,26,0.13497867320668439,0.2252991452991453,0.1876923076923077,0.0,0.0,-0.09032047209246091,0.022409756734986408,0.25044274615126577,0.11546407294458139,100.0,27.0,26,0.15538461538461537,0.3269230769230769,0.10162393162393163,100.0,4.0,26,"rango LOO rho [0.155, 0.327]; cambio máximo 0.102",Sin identidad directa predeclarada; evaluar dependencia por arquitectura y protocolo,"Asociación positiva en rangos; diferencia r−rho=-0.090; valorar junto con soporte, empates y sensibilidad",Posensayo; excluido de INPUT; Cociente primera/rotura final; no factor de seguridad ni reserva de carga; LOO no es IC ni validación predictiva; no implica causalidad
Maximum_Displacement,Load_per_specimen_volume,26,0.20731928052620602,0.24923076923076923,0.19384615384615383,0.0,0.0,-0.04191148870456321,0.10880444229637525,0.34428580424076716,0.13696652371456114,100.0,22.0,26,0.1576923076923077,0.3869230769230769,0.1376923076923077,100.0,22.0,26,"rango LOO rho [0.158, 0.387]; cambio máximo 0.138",Sin identidad directa predeclarada; evaluar dependencia por arquitectura y protocolo,"Asociación positiva en rangos; diferencia r−rho=-0.042; valorar junto con soporte, empates y sensibilidad",Posensayo; excluido de INPUT; Índice descriptivo de carga por volumen; no esfuerzo ni resistencia material; LOO no es IC ni validación predictiva; no implica causalidad
Maximum_Displacement,Load_per_pivot,26,0.32828828631783197,0.35794871794871796,0.28,0.0,0.0,-0.029660431630885997,0.2586727175851388,0.47217168425194944,0.14388339793411747,100.0,22.0,26,0.28307692307692306,0.51,0.15205128205128204,100.0,22.0,26,"rango LOO rho [0.283, 0.510]; cambio máximo 0.152",Sin identidad directa predeclarada; evaluar dependencia por arquitectura y protocolo,"Asociación positiva en rangos; diferencia r−rho=-0.030; valorar junto con soporte, empates y sensibilidad",Posensayo; excluido de INPUT; No presupone reparto uniforme de cargas entre pivotes; LOO no es IC ni validación predictiva; no implica causalidad
Maximum_Displacement,Load_per_cell_Y,26,0.25218883890167976,0.31145299145299143,0.2430769230769231,0.0,0.0,-0.05926415255131168,0.16095220584227782,0.3932879855582482,0.14109914665656842,100.0,22.0,26,0.2276923076923077,0.45692307692307693,0.1454700854700855,100.0,22.0,26,"rango LOO rho [0.228, 0.457]; cambio máximo 0.145",Sin identidad directa predeclarada; evaluar dependencia por arquitectura y protocolo,"Asociación positiva en rangos; diferencia r−rho=-0.059; valorar junto con soporte, empates y sensibilidad",Posensayo; excluido de INPUT; Normalización por conteo en Y; no fuerza medida en cada celda; LOO no es IC ni validación predictiva; no implica causalidad
Maximum_Displacement,Fracture_observed_sum,26,0.6342088816989812,0.597948717948718,0.4153846153846154,0.0,0.0,0.0362601637502632,0.5423495144247232,0.7022879960828416,0.09185936727425792,100.0,5.0,26,0.5476923076923077,0.6576923076923077,0.05974358974358973,100.0,7.0,26,"rango LOO rho [0.548, 0.658]; cambio máximo 0.060",Sin identidad directa predeclarada; evaluar dependencia por arquitectura y protocolo,"Asociación positiva en rangos; diferencia r−rho=0.036; valorar junto con soporte, empates y sensibilidad",Posensayo; excluido de INPUT; Suma observada de longitud variable; no energía total del ensayo; LOO no es IC ni validación predictiva; no implica causalidad
Maximum_Displacement,Fracture_registered_events,26,0.43786963205942914,0.3578143978354126,0.24888893377863558,0.0,61.53846153846154,0.08005523422401656,0.3617892165059453,0.5015525809571107,0.07608041555348383,100.0,7.0,26,0.2790592712872701,0.43948849572203447,0.08167409788662189,100.0,1.0,26,"rango LOO rho [0.279, 0.439]; cambio máximo 0.082",Sin identidad directa predeclarada; evaluar dependencia por arquitectura y protocolo,"Asociación positiva en rangos; diferencia r−rho=0.080; valorar junto con soporte, empates y sensibilidad","Posensayo; excluido de INPUT; Disponibilidad de registro, no conteo verificado de todas las fracturas; LOO no es IC ni validación predictiva; no implica causalidad"
Maximum_Displacement,Fracture_initial_share,26,-0.24848772444296793,-0.17917593012768002,-0.13559338129950044,0.0,3.8461538461538436,-0.06931179431528792,-0.37178767041681804,-0.12188791118179601,0.12659981326117192,100.0,22.0,26,-0.2688978699481704,-0.09307692307692307,0.08972193982049037,100.0,5.0,26,"rango LOO rho [-0.269, -0.093]; cambio máximo 0.090",Sin identidad directa predeclarada; evaluar dependencia por arquitectura y protocolo,"Asociación negativa en rangos; diferencia r−rho=-0.069; valorar junto con soporte, empates y sensibilidad",Posensayo; excluido de INPUT; Comparte numerador y denominador con otras respuestas; sensible a cobertura de eventos; LOO no es IC ni validación predictiva; no implica causalidad
Maximum_Displacement,Residual_fraction_cycle1,26,-0.20765143015618054,-0.25811965811965815,-0.1630769230769231,0.0,0.0,0.05046822796347761,-0.2779716089118528,-0.14712153742064832,0.07032017875567226,100.0,27.0,26,-0.3576923076923077,-0.20307692307692307,0.09957264957264955,100.0,27.0,26,"rango LOO rho [-0.358, -0.203]; cambio máximo 0.100",Sin identidad directa predeclarada; evaluar dependencia por arquitectura y protocolo,"Asociación negativa en rangos; diferencia r−rho=0.050; valorar junto con soporte, empates y sensibilidad",Posensayo; excluido de INPUT; Amplitud nominal del nombre de columna; no deformación unitaria; LOO no es IC ni validación predictiva; no implica causalidad
Maximum_Displacement,Residual_fraction_cycle2,26,-0.283104409453657,-0.4386324786324786,-0.3230769230769231,0.0,0.0,0.15552806917882162,-0.4321765344092102,-0.21742891886104898,0.14907212495555322,100.0,27.0,26,-0.5784615384615385,-0.3892307692307692,0.13982905982905985,100.0,27.0,26,"rango LOO rho [-0.578, -0.389]; cambio máximo 0.140",Sin identidad directa predeclarada; evaluar dependencia por arquitectura y protocolo,"Asociación negativa en rangos; diferencia r−rho=0.156; valorar junto con soporte, empates y sensibilidad",Posensayo; excluido de INPUT; Amplitud nominal del nombre de columna; no deformación unitaria; LOO no es IC ni validación predictiva; no implica causalidad
Maximum_Displacement,Residual_fraction_cycle3,26,-0.2950871090764307,-0.3723076923076923,-0.28,0.0,0.0,0.07722058323126157,-0.5006809740781563,-0.22952581761969526,0.20559386500172555,100.0,27.0,26,-0.5030769230769231,-0.31153846153846154,0.1307692307692308,100.0,27.0,26,"rango LOO rho [-0.503, -0.312]; cambio máximo 0.131",Sin identidad directa predeclarada; evaluar dependencia por arquitectura y protocolo,"Asociación negativa en rangos; diferencia r−rho=0.077; valorar junto con soporte, empates y sensibilidad",Posensayo; excluido de INPUT; Amplitud nominal del nombre de columna; no deformación unitaria; LOO no es IC ni validación predictiva; no implica causalidad
Maximum_Displacement,Residual_fraction_cycle4,26,-0.28984659147080866,-0.2294017094017094,-0.14461538461538462,0.0,0.0,-0.06044488206909926,-0.4490172280463285,-0.21142958063323947,0.15917063657551983,100.0,27.0,26,-0.35384615384615387,-0.15076923076923077,0.12444444444444447,100.0,27.0,26,"rango LOO rho [-0.354, -0.151]; cambio máximo 0.124",Sin identidad directa predeclarada; evaluar dependencia por arquitectura y protocolo,"Asociación negativa en rangos; diferencia r−rho=-0.060; valorar junto con soporte, empates y sensibilidad",Posensayo; excluido de INPUT; Amplitud nominal del nombre de columna; no deformación unitaria; LOO no es IC ni validación predictiva; no implica causalidad
Maximum_Displacement,Residual_fraction_cycle5,26,-0.2675976622064033,-0.20697917948035466,-0.13601382690174096,0.0,7.692307692307687,-0.06061848272604864,-0.4265830025555829,-0.1269767642003362,0.1589853403491796,100.0,27.0,26,-0.3194766150656134,-0.11239418264958931,0.11249743558525876,100.0,27.0,26,"rango LOO rho [-0.319, -0.112]; cambio máximo 0.112",Sin identidad directa predeclarada; evaluar dependencia por arquitectura y protocolo,"Asociación negativa en rangos; diferencia r−rho=-0.061; valorar junto con soporte, empates y sensibilidad",Posensayo; excluido de INPUT; Amplitud nominal del nombre de columna; no deformación unitaria; LOO no es IC ni validación predictiva; no implica causalidad
Maximum_Displacement,Residual_fraction_cycle6,20,-0.31870655469854065,-0.21820924160668687,-0.15873238058133193,0.0,9.999999999999998,-0.10049731309185378,-0.528428042549503,-0.06804496488926218,0.25066158980927844,100.0,4.0,20,-0.37313447216785356,-0.09482005410383103,0.1549252305611667,100.0,27.0,20,"rango LOO rho [-0.373, -0.095]; cambio máximo 0.155",Sin identidad directa predeclarada; evaluar dependencia por arquitectura y protocolo,"Asociación negativa en rangos; diferencia r−rho=-0.100; valorar junto con soporte, empates y sensibilidad",Posensayo; excluido de INPUT; Amplitud nominal del nombre de columna; no deformación unitaria; LOO no es IC ni validación predictiva; no implica causalidad
Maximum_Displacement,Recovery_complement_cycle6,20,0.31870655469854065,0.21820924160668687,0.15873238058133193,0.0,9.999999999999998,0.10049731309185378,0.06804496488926222,0.528428042549503,0.25066158980927844,100.0,4.0,20,0.09482005410383103,0.37313447216785356,0.1549252305611667,100.0,27.0,20,"rango LOO rho [0.095, 0.373]; cambio máximo 0.155",Sin identidad directa predeclarada; evaluar dependencia por arquitectura y protocolo,"Asociación positiva en rangos; diferencia r−rho=0.100; valorar junto con soporte, empates y sensibilidad",Posensayo; excluido de INPUT; Proxy complemento nominal; requiere protocolo para interpretar recuperación elástica; LOO no es IC ni validación predictiva; no implica causalidad
residual_Displacement_1cycle_10mm,residual_Displacement_2cycle_20mm,26,0.8673000891559582,0.8051282051282052,0.6553846153846153,0.0,0.0,0.06217188402775309,0.8168378942961996,0.910354908743448,0.05046219485975867,100.0,9.0,26,0.7807692307692308,0.8530769230769231,0.04794871794871791,100.0,18.0,26,"rango LOO rho [0.781, 0.853]; cambio máximo 0.048",Sin identidad directa predeclarada; evaluar dependencia por arquitectura y protocolo,"Asociación positiva en rangos; diferencia r−rho=0.062; valorar junto con soporte, empates y sensibilidad",Posensayo; excluido de INPUT; Posensayo; excluido de INPUT; LOO no es IC ni validación predictiva; no implica causalidad
residual_Displacement_1cycle_10mm,residual_Displacement_3cycle_30mm,26,0.6657509525479035,0.5788034188034188,0.44000000000000006,0.0,0.0,0.08694753374448472,0.5910174592677148,0.7131335213756821,0.07473349328018875,100.0,25.0,26,0.5261538461538462,0.6561538461538462,0.07735042735042741,100.0,18.0,26,"rango LOO rho [0.526, 0.656]; cambio máximo 0.077",Sin identidad directa predeclarada; evaluar dependencia por arquitectura y protocolo,"Asociación positiva en rangos; diferencia r−rho=0.087; valorar junto con soporte, empates y sensibilidad",Posensayo; excluido de INPUT; Posensayo; excluido de INPUT; LOO no es IC ni validación predictiva; no implica causalidad
residual_Displacement_1cycle_10mm,residual_Displacement_4cycle_40mm,26,0.34038582946187723,0.2717948717948718,0.16923076923076924,0.0,0.0,0.06859095766700546,0.2151440409040212,0.44586492729086813,0.12524178855785603,100.0,25.0,26,0.18076923076923077,0.33384615384615385,0.09102564102564101,100.0,25.0,26,"rango LOO rho [0.181, 0.334]; cambio máximo 0.091",Sin identidad directa predeclarada; evaluar dependencia por arquitectura y protocolo,"Asociación positiva en rangos; diferencia r−rho=0.069; valorar junto con soporte, empates y sensibilidad",Posensayo; excluido de INPUT; Posensayo; excluido de INPUT; LOO no es IC ni validación predictiva; no implica causalidad
residual_Displacement_1cycle_10mm,residual_Displacement_5cycle_50mm,26,0.17485461155216572,0.10639756168328976,0.06800691345087048,0.0,7.692307692307687,0.06845704986887596,0.09282816499265088,0.27243298154513823,0.09757836999297251,100.0,8.0,26,-0.001539646337665607,0.1778291520003776,0.10793720802095537,96.15384615384616,3.0,26,"rango LOO rho [-0.002, 0.178]; cambio máximo 0.108",Sin identidad directa predeclarada; evaluar dependencia por arquitectura y protocolo,"Asociación positiva en rangos; diferencia r−rho=0.068; valorar junto con soporte, empates y sensibilidad",Posensayo; excluido de INPUT; Posensayo; excluido de INPUT; LOO no es IC ni validación predictiva; no implica causalidad
residual_Displacement_1cycle_10mm,residual_Displacement_6cycle_60mm,20,0.22724637162328465,0.13920244723185196,0.07407511093795491,0.0,9.999999999999998,0.08804392439143269,0.11962168316325632,0.29505449563545477,0.10762468846002833,100.0,25.0,20,0.016681305814562866,0.23968402565135066,0.12252114141728909,100.0,25.0,20,"rango LOO rho [0.017, 0.240]; cambio máximo 0.123",Sin identidad directa predeclarada; evaluar dependencia por arquitectura y protocolo,"Asociación positiva en rangos; diferencia r−rho=0.088; valorar junto con soporte, empates y sensibilidad",Posensayo; excluido de INPUT; Posensayo; excluido de INPUT; LOO no es IC ni validación predictiva; no implica causalidad
residual_Displacement_1cycle_10mm,Dissipated_cycle_1,26,-0.5889777337661767,-0.5747008547008547,-0.39692307692307693,0.0,0.0,-0.014276879065321935,-0.6290470611770796,-0.5079624218854524,0.0810153118807243,100.0,25.0,26,-0.6653846153846154,-0.5215384615384615,0.0906837606837606,100.0,11.0,26,"rango LOO rho [-0.665, -0.522]; cambio máximo 0.091",Sin identidad directa predeclarada; evaluar dependencia por arquitectura y protocolo,"Asociación negativa en rangos; diferencia r−rho=-0.014; valorar junto con soporte, empates y sensibilidad",Posensayo; excluido de INPUT; Posensayo; unidad corroborada con tesis PDF pp.117/121 (docs/trazabilidad_datos.md); ausencia de energía no demuestra ausencia de evento/ciclo; LOO no es IC ni validación predictiva; no implica causalidad
residual_Displacement_1cycle_10mm,Dissipated_cycle_2,26,-0.7543262445303609,-0.7606837606837606,-0.5815384615384616,0.0,0.0,0.006357516153399745,-0.7907919934709067,-0.6984851589135812,0.055841085616779695,100.0,9.0,26,-0.7907692307692308,-0.7307692307692307,0.030085470085470134,100.0,13.0,26,"rango LOO rho [-0.791, -0.731]; cambio máximo 0.030",Sin identidad directa predeclarada; evaluar dependencia por arquitectura y protocolo,"Asociación negativa en rangos; diferencia r−rho=0.006; valorar junto con soporte, empates y sensibilidad",Posensayo; excluido de INPUT; Posensayo; unidad corroborada con tesis PDF pp.117/121 (docs/trazabilidad_datos.md); ausencia de energía no demuestra ausencia de evento/ciclo; LOO no es IC ni validación predictiva; no implica causalidad
residual_Displacement_1cycle_10mm,Dissipated_cycle_3,26,-0.8500244343178909,-0.8488888888888889,-0.7046153846153846,0.0,0.0,-0.0011355454290019606,-0.8824645272248378,-0.8205710637554101,0.03244009290694694,100.0,6.0,26,-0.8923076923076924,-0.83,0.04341880341880344,100.0,6.0,26,"rango LOO rho [-0.892, -0.830]; cambio máximo 0.043",Sin identidad directa predeclarada; evaluar dependencia por arquitectura y protocolo,"Asociación negativa en rangos; diferencia r−rho=-0.001; valorar junto con soporte, empates y sensibilidad",Posensayo; excluido de INPUT; Posensayo; unidad corroborada con tesis PDF pp.117/121 (docs/trazabilidad_datos.md); ausencia de energía no demuestra ausencia de evento/ciclo; LOO no es IC ni validación predictiva; no implica causalidad
residual_Displacement_1cycle_10mm,Dissipated_cycle_4,26,-0.8159903569926823,-0.7976068376068376,-0.6369230769230769,0.0,0.0,-0.018383519385844704,-0.8783270787867277,-0.7639617368564768,0.06233672179404537,100.0,6.0,26,-0.8784615384615385,-0.7723076923076924,0.08085470085470092,100.0,6.0,26,"rango LOO rho [-0.878, -0.772]; cambio máximo 0.081",Sin identidad directa predeclarada; evaluar dependencia por arquitectura y protocolo,"Asociación negativa en rangos; diferencia r−rho=-0.018; valorar junto con soporte, empates y sensibilidad",Posensayo; excluido de INPUT; Posensayo; unidad corroborada con tesis PDF pp.117/121 (docs/trazabilidad_datos.md); ausencia de energía no demuestra ausencia de evento/ciclo; LOO no es IC ni validación predictiva; no implica causalidad
residual_Displacement_1cycle_10mm,Dissipated_cycle_5,26,-0.18597483231350523,-0.6670085470085471,-0.5076923076923078,0.0,0.0,0.48103371469504186,-0.7670942158049833,-0.11386788858028307,0.5811193834914781,100.0,5.0,26,-0.7430769230769231,-0.6253846153846154,0.07606837606837602,100.0,6.0,26,"rango LOO rho [-0.743, -0.625]; cambio máximo 0.076",Sin identidad directa predeclarada; evaluar dependencia por arquitectura y protocolo,"Asociación negativa en rangos; diferencia r−rho=0.481; valorar junto con soporte, empates y sensibilidad",Posensayo; excluido de INPUT; Posensayo; unidad corroborada con tesis PDF pp.117/121 (docs/trazabilidad_datos.md); ausencia de energía no demuestra ausencia de evento/ciclo; LOO no es IC ni validación predictiva; no implica causalidad
residual_Displacement_1cycle_10mm,Dissipated_cycle_6,20,-0.7055990854680537,-0.7172932330827068,-0.5684210526315789,0.0,0.0,0.011694147614653039,-0.8013643764836405,-0.5879404977025475,0.1176585877655062,100.0,9.0,20,-0.7859649122807016,-0.6701754385964911,0.06867167919799488,100.0,10.0,20,"rango LOO rho [-0.786, -0.670]; cambio máximo 0.069",Sin identidad directa predeclarada; evaluar dependencia por arquitectura y protocolo,"Asociación negativa en rangos; diferencia r−rho=0.012; valorar junto con soporte, empates y sensibilidad",Posensayo; excluido de INPUT; Posensayo; unidad corroborada con tesis PDF pp.117/121 (docs/trazabilidad_datos.md); ausencia de energía no demuestra ausencia de evento/ciclo; LOO no es IC ni validación predictiva; no implica causalidad
residual_Displacement_1cycle_10mm,Dissipated_cycle_7,7,-0.3426629992788904,-0.2857142857142857,-0.23809523809523814,0.0,0.0,-0.05694871356460468,-0.7933238483655725,-0.0760975594389176,0.4506608490866821,100.0,21.0,7,-0.7714285714285715,0.02857142857142857,0.48571428571428577,85.71428571428571,21.0,7,"rango LOO rho [-0.771, 0.029]; cambio máximo 0.486",Sin identidad directa predeclarada; evaluar dependencia por arquitectura y protocolo,"Asociación negativa en rangos; diferencia r−rho=-0.057; valorar junto con soporte, empates y sensibilidad",Posensayo; excluido de INPUT; Posensayo; unidad corroborada con tesis PDF pp.117/121 (docs/trazabilidad_datos.md); ausencia de energía no demuestra ausencia de evento/ciclo; LOO no es IC ni validación predictiva; no implica causalidad
residual_Displacement_1cycle_10mm,Fracture_event_1,26,-0.5575739583802973,-0.587008547008547,-0.38461538461538464,0.0,0.0,0.02943458862824966,-0.5961363506667967,-0.5188444377606559,0.03872952061964141,100.0,21.0,26,-0.6561538461538462,-0.5453846153846154,0.06914529914529921,100.0,6.0,26,"rango LOO rho [-0.656, -0.545]; cambio máximo 0.069",Sin identidad directa predeclarada; evaluar dependencia por arquitectura y protocolo,"Asociación negativa en rangos; diferencia r−rho=0.029; valorar junto con soporte, empates y sensibilidad",Posensayo; excluido de INPUT; Posensayo; unidad corroborada con tesis PDF pp.117/121 (docs/trazabilidad_datos.md); ausencia de energía no demuestra ausencia de evento/ciclo; LOO no es IC ni validación predictiva; no implica causalidad
residual_Displacement_1cycle_10mm,Fracture_event_2,24,-0.37084508095894236,-0.27304347826086955,-0.18840579710144928,0.0,0.0,-0.09780160269807281,-0.43937155863633537,-0.2711973916696677,0.09964768928927464,100.0,25.0,24,-0.3557312252964427,-0.18379446640316205,0.0892490118577075,100.0,25.0,24,"rango LOO rho [-0.356, -0.184]; cambio máximo 0.089",Sin identidad directa predeclarada; evaluar dependencia por arquitectura y protocolo,"Asociación negativa en rangos; diferencia r−rho=-0.098; valorar junto con soporte, empates y sensibilidad",Posensayo; excluido de INPUT; Posensayo; unidad corroborada con tesis PDF pp.117/121 (docs/trazabilidad_datos.md); ausencia de energía no demuestra ausencia de evento/ciclo; LOO no es IC ni validación predictiva; no implica causalidad
residual_Displacement_1cycle_10mm,Fracture_event_3,22,-0.3677696635982818,-0.295313382269904,-0.23809523809523808,0.0,0.0,-0.07245628132837778,-0.4122949160382431,-0.30544516076814515,0.06232450283013663,100.0,25.0,22,-0.37142857142857144,-0.21428571428571427,0.08102766798418973,100.0,14.0,22,"rango LOO rho [-0.371, -0.214]; cambio máximo 0.081",Sin identidad directa predeclarada; evaluar dependencia por arquitectura y protocolo,"Asociación negativa en rangos; diferencia r−rho=-0.072; valorar junto con soporte, empates y sensibilidad",Posensayo; excluido de INPUT; Posensayo; unidad corroborada con tesis PDF pp.117/121 (docs/trazabilidad_datos.md); ausencia de energía no demuestra ausencia de evento/ciclo; LOO no es IC ni validación predictiva; no implica causalidad
residual_Displacement_1cycle_10mm,Fracture_event_4,19,-0.3276804044055307,-0.21052631578947364,-0.1695906432748538,0.0,0.0,-0.11715408861605706,-0.5141768284598223,-0.12385741971665534,0.20382298468887536,100.0,9.0,19,-0.39525283797729616,-0.10629514963880288,0.1847265221878225,100.0,19.0,19,"rango LOO rho [-0.395, -0.106]; cambio máximo 0.185",Sin identidad directa predeclarada; evaluar dependencia por arquitectura y protocolo,"Asociación negativa en rangos; diferencia r−rho=-0.117; valorar junto con soporte, empates y sensibilidad",Posensayo; excluido de INPUT; Posensayo; unidad corroborada con tesis PDF pp.117/121 (docs/trazabilidad_datos.md); ausencia de energía no demuestra ausencia de evento/ciclo; LOO no es IC ni validación predictiva; no implica causalidad
residual_Displacement_1cycle_10mm,Fracture_event_5,17,-0.0796850250421502,-0.019607843137254905,0.014705882352941175,0.0,0.0,-0.060077181904895305,-0.2899243832715204,0.011940625614488972,0.21023935822937023,94.11764705882352,9.0,17,-0.18235294117647058,0.14705882352941177,0.16666666666666669,64.70588235294117,14.0,17,"rango LOO rho [-0.182, 0.147]; cambio máximo 0.167",Sin identidad directa predeclarada; evaluar dependencia por arquitectura y protocolo,"Asociación negativa en rangos; diferencia r−rho=-0.060; valorar junto con soporte, empates y sensibilidad",Posensayo; excluido de INPUT; Posensayo; unidad corroborada con tesis PDF pp.117/121 (docs/trazabilidad_datos.md); ausencia de energía no demuestra ausencia de evento/ciclo; LOO no es IC ni validación predictiva; no implica causalidad
residual_Displacement_1cycle_10mm,Fracture_event_6,7,0.11778488359661614,-0.2857142857142857,-0.23809523809523814,0.0,0.0,0.40349916931090185,-0.4745775743799446,0.6630194868622867,0.5923624579765607,85.71428571428571,9.0,7,-0.7714285714285715,-0.02857142857142857,0.48571428571428577,100.0,9.0,7,"rango LOO rho [-0.771, -0.029]; cambio máximo 0.486",Sin identidad directa predeclarada; evaluar dependencia por arquitectura y protocolo,"Asociación negativa en rangos; diferencia r−rho=0.403; valorar junto con soporte, empates y sensibilidad",Posensayo; excluido de INPUT; Posensayo; unidad corroborada con tesis PDF pp.117/121 (docs/trazabilidad_datos.md); ausencia de energía no demuestra ausencia de evento/ciclo; LOO no es IC ni validación predictiva; no implica causalidad
residual_Displacement_1cycle_10mm,Fracture_event_7,6,-0.23002716429568085,0.14285714285714285,0.06666666666666665,0.0,0.0,-0.3728843071528237,-0.4647034600914243,0.4329455322778181,0.662972696573499,83.33333333333334,9.0,6,-0.29999999999999993,0.5999999999999999,0.457142857142857,83.33333333333334,9.0,6,"rango LOO rho [-0.300, 0.600]; cambio máximo 0.457",Sin identidad directa predeclarada; evaluar dependencia por arquitectura y protocolo,"Asociación positiva en rangos; diferencia r−rho=-0.373; valorar junto con soporte, empates y sensibilidad",Posensayo; excluido de INPUT; Posensayo; unidad corroborada con tesis PDF pp.117/121 (docs/trazabilidad_datos.md); ausencia de energía no demuestra ausencia de evento/ciclo; LOO no es IC ni validación predictiva; no implica causalidad
residual_Displacement_1cycle_10mm,Fracture_event_8,4,-0.2841848535902723,-0.19999999999999996,0.0,0.0,0.0,-0.08418485359027233,-0.6996732666774063,0.8097248121699837,1.093909665760256,75.0,4.0,4,-0.4999999999999999,0.9999999999999998,1.1999999999999997,75.0,4.0,4,"rango LOO rho [-0.500, 1.000]; cambio máximo 1.200",Sin identidad directa predeclarada; evaluar dependencia por arquitectura y protocolo,"Asociación negativa en rangos; diferencia r−rho=-0.084; valorar junto con soporte, empates y sensibilidad",Posensayo; excluido de INPUT; Posensayo; unidad corroborada con tesis PDF pp.117/121 (docs/trazabilidad_datos.md); ausencia de energía no demuestra ausencia de evento/ciclo; LOO no es IC ni validación predictiva; no implica causalidad
residual_Displacement_1cycle_10mm,Fracture_event_9,2,,,,0.0,0.0,,,,,,,0,,,,,,0,No identificable: soporte insuficiente o variable constante,Sin identidad directa predeclarada; evaluar dependencia por arquitectura y protocolo,Asociación no identificable con la variación y disponibilidad observadas,Posensayo; excluido de INPUT; Posensayo; unidad corroborada con tesis PDF pp.117/121 (docs/trazabilidad_datos.md); ausencia de energía no demuestra ausencia de evento/ciclo; LOO no es IC ni validación predictiva; no implica causalidad
residual_Displacement_1cycle_10mm,Fracture_event_10,1,,,,0.0,0.0,,,,,,,0,,,,,,0,No identificable: soporte insuficiente o variable constante,Sin identidad directa predeclarada; evaluar dependencia por arquitectura y protocolo,Asociación no identificable con la variación y disponibilidad observadas,Posensayo; excluido de INPUT; Posensayo; unidad corroborada con tesis PDF pp.117/121 (docs/trazabilidad_datos.md); ausencia de energía no demuestra ausencia de evento/ciclo; LOO no es IC ni validación predictiva; no implica causalidad
residual_Displacement_1cycle_10mm,Fracture_event_11,1,,,,0.0,0.0,,,,,,,0,,,,,,0,No identificable: soporte insuficiente o variable constante,Sin identidad directa predeclarada; evaluar dependencia por arquitectura y protocolo,Asociación no identificable con la variación y disponibilidad observadas,Posensayo; excluido de INPUT; Posensayo; unidad corroborada con tesis PDF pp.117/121 (docs/trazabilidad_datos.md); ausencia de energía no demuestra ausencia de evento/ciclo; LOO no es IC ni validación predictiva; no implica causalidad
residual_Displacement_1cycle_10mm,Fracture_event_12,1,,,,0.0,0.0,,,,,,,0,,,,,,0,No identificable: soporte insuficiente o variable constante,Sin identidad directa predeclarada; evaluar dependencia por arquitectura y protocolo,Asociación no identificable con la variación y disponibilidad observadas,Posensayo; excluido de INPUT; Posensayo; unidad corroborada con tesis PDF pp.117/121 (docs/trazabilidad_datos.md); ausencia de energía no demuestra ausencia de evento/ciclo; LOO no es IC ni validación predictiva; no implica causalidad
residual_Displacement_1cycle_10mm,Fracture_event_13,1,,,,0.0,0.0,,,,,,,0,,,,,,0,No identificable: soporte insuficiente o variable constante,Sin identidad directa predeclarada; evaluar dependencia por arquitectura y protocolo,Asociación no identificable con la variación y disponibilidad observadas,Posensayo; excluido de INPUT; Posensayo; unidad corroborada con tesis PDF pp.117/121 (docs/trazabilidad_datos.md); ausencia de energía no demuestra ausencia de evento/ciclo; LOO no es IC ni validación predictiva; no implica causalidad
residual_Displacement_1cycle_10mm,Load_ratio_first_over_ultimate,26,-0.2955240018392859,-0.2841025641025641,-0.2,0.0,0.0,-0.011421437736721773,-0.4312964003497745,-0.20370893840340493,0.1357723985104886,100.0,26.0,26,-0.40692307692307694,-0.21461538461538462,0.12282051282051282,100.0,14.0,26,"rango LOO rho [-0.407, -0.215]; cambio máximo 0.123",Sin identidad directa predeclarada; evaluar dependencia por arquitectura y protocolo,"Asociación negativa en rangos; diferencia r−rho=-0.011; valorar junto con soporte, empates y sensibilidad",Posensayo; excluido de INPUT; Cociente primera/rotura final; no factor de seguridad ni reserva de carga; LOO no es IC ni validación predictiva; no implica causalidad
residual_Displacement_1cycle_10mm,Load_per_specimen_volume,26,-0.5409213801449051,-0.49606837606837606,-0.316923076923077,0.0,0.0,-0.044853004076529035,-0.5868616305022382,-0.5031554691949447,0.04594025035733307,100.0,26.0,26,-0.556923076923077,-0.4430769230769231,0.060854700854700905,100.0,26.0,26,"rango LOO rho [-0.557, -0.443]; cambio máximo 0.061",Sin identidad directa predeclarada; evaluar dependencia por arquitectura y protocolo,"Asociación negativa en rangos; diferencia r−rho=-0.045; valorar junto con soporte, empates y sensibilidad",Posensayo; excluido de INPUT; Índice descriptivo de carga por volumen; no esfuerzo ni resistencia material; LOO no es IC ni validación predictiva; no implica causalidad
residual_Displacement_1cycle_10mm,Load_per_pivot,26,-0.44173683141894876,-0.47555555555555556,-0.316923076923077,0.0,0.0,0.033818724136606804,-0.5131719725334688,-0.40146836211172043,0.07143514111452004,100.0,3.0,26,-0.5315384615384615,-0.43615384615384617,0.05598290598290595,100.0,14.0,26,"rango LOO rho [-0.532, -0.436]; cambio máximo 0.056",Sin identidad directa predeclarada; evaluar dependencia por arquitectura y protocolo,"Asociación negativa en rangos; diferencia r−rho=0.034; valorar junto con soporte, empates y sensibilidad",Posensayo; excluido de INPUT; No presupone reparto uniforme de cargas entre pivotes; LOO no es IC ni validación predictiva; no implica causalidad
residual_Displacement_1cycle_10mm,Load_per_cell_Y,26,-0.5300204214345778,-0.5001709401709402,-0.316923076923077,0.0,0.0,-0.029849481263637623,-0.5725989297938665,-0.4918808737511272,0.04257850835928867,100.0,26.0,26,-0.5553846153846154,-0.45384615384615384,0.05521367521367515,100.0,6.0,26,"rango LOO rho [-0.555, -0.454]; cambio máximo 0.055",Sin identidad directa predeclarada; evaluar dependencia por arquitectura y protocolo,"Asociación negativa en rangos; diferencia r−rho=-0.030; valorar junto con soporte, empates y sensibilidad",Posensayo; excluido de INPUT; Normalización por conteo en Y; no fuerza medida en cada celda; LOO no es IC ni validación predictiva; no implica causalidad
residual_Displacement_1cycle_10mm,Fracture_observed_sum,26,-0.5371262627738838,-0.5938461538461538,-0.4276923076923077,0.0,0.0,0.056719891072270046,-0.6076560219251566,-0.49132729977920936,0.0705297591512728,100.0,5.0,26,-0.68,-0.5492307692307692,0.08615384615384625,100.0,6.0,26,"rango LOO rho [-0.680, -0.549]; cambio máximo 0.086",Sin identidad directa predeclarada; evaluar dependencia por arquitectura y protocolo,"Asociación negativa en rangos; diferencia r−rho=0.057; valorar junto con soporte, empates y sensibilidad",Posensayo; excluido de INPUT; Suma observada de longitud variable; no energía total del ensayo; LOO no es IC ni validación predictiva; no implica causalidad
residual_Displacement_1cycle_10mm,Fracture_registered_events,26,0.281059676722465,0.31092837329146195,0.22198202201878312,0.0,61.53846153846154,-0.029868696568996933,0.21901489530273002,0.38433666057370136,0.10327698385123635,100.0,7.0,26,0.23964861813828328,0.36790856545785483,0.07127975515317866,100.0,21.0,26,"rango LOO rho [0.240, 0.368]; cambio máximo 0.071",Sin identidad directa predeclarada; evaluar dependencia por arquitectura y protocolo,"Asociación positiva en rangos; diferencia r−rho=-0.030; valorar junto con soporte, empates y sensibilidad","Posensayo; excluido de INPUT; Disponibilidad de registro, no conteo verificado de todas las fracturas; LOO no es IC ni validación predictiva; no implica causalidad"
residual_Displacement_1cycle_10mm,Fracture_initial_share,26,-0.38515739019707174,-0.29304154984622477,-0.18490006540840973,0.0,3.8461538461538436,-0.09211584035084697,-0.4528501994377366,-0.3236639413599397,0.06769280924066484,100.0,14.0,26,-0.4177726563143248,-0.22158107738218333,0.12473110646810004,100.0,14.0,26,"rango LOO rho [-0.418, -0.222]; cambio máximo 0.125",Sin identidad directa predeclarada; evaluar dependencia por arquitectura y protocolo,"Asociación negativa en rangos; diferencia r−rho=-0.092; valorar junto con soporte, empates y sensibilidad",Posensayo; excluido de INPUT; Comparte numerador y denominador con otras respuestas; sensible a cobertura de eventos; LOO no es IC ni validación predictiva; no implica causalidad
residual_Displacement_1cycle_10mm,Residual_fraction_cycle1,26,1.0,1.0,1.0,0.0,0.0,0.0,0.9999999999999999,1.0000000000000002,2.220446049250313e-16,100.0,5.0,26,1.0,1.0,0.0,100.0,1.0,26,"rango LOO rho [1.000, 1.000]; cambio máximo 0.000",Dependencia algebraica directa: una variable participa en la definición de la otra,"Asociación positiva en rangos; diferencia r−rho=0.000; valorar junto con soporte, empates y sensibilidad",Posensayo; excluido de INPUT; Amplitud nominal del nombre de columna; no deformación unitaria; LOO no es IC ni validación predictiva; no implica causalidad
residual_Displacement_1cycle_10mm,Residual_fraction_cycle2,26,0.8673000891559585,0.8051282051282052,0.6553846153846153,0.0,0.0,0.06217188402775331,0.8168378942961994,0.9103549087434478,0.05046219485975911,100.0,9.0,26,0.7807692307692308,0.8530769230769231,0.04794871794871791,100.0,18.0,26,"rango LOO rho [0.781, 0.853]; cambio máximo 0.048",Sin identidad directa predeclarada; evaluar dependencia por arquitectura y protocolo,"Asociación positiva en rangos; diferencia r−rho=0.062; valorar junto con soporte, empates y sensibilidad",Posensayo; excluido de INPUT; Amplitud nominal del nombre de columna; no deformación unitaria; LOO no es IC ni validación predictiva; no implica causalidad
residual_Displacement_1cycle_10mm,Residual_fraction_cycle3,26,0.6657509525479036,0.5788034188034188,0.44000000000000006,0.0,0.0,0.08694753374448483,0.5910174592677145,0.713133521375682,0.07473349328018908,100.0,25.0,26,0.5261538461538462,0.6561538461538462,0.07735042735042741,100.0,18.0,26,"rango LOO rho [0.526, 0.656]; cambio máximo 0.077",Sin identidad directa predeclarada; evaluar dependencia por arquitectura y protocolo,"Asociación positiva en rangos; diferencia r−rho=0.087; valorar junto con soporte, empates y sensibilidad",Posensayo; excluido de INPUT; Amplitud nominal del nombre de columna; no deformación unitaria; LOO no es IC ni validación predictiva; no implica causalidad
residual_Displacement_1cycle_10mm,Residual_fraction_cycle4,26,0.3403858294618773,0.2717948717948718,0.16923076923076924,0.0,0.0,0.06859095766700551,0.21514404090402137,0.44586492729086835,0.12524178855785592,100.0,25.0,26,0.18076923076923077,0.33384615384615385,0.09102564102564101,100.0,25.0,26,"rango LOO rho [0.181, 0.334]; cambio máximo 0.091",Sin identidad directa predeclarada; evaluar dependencia por arquitectura y protocolo,"Asociación positiva en rangos; diferencia r−rho=0.069; valorar junto con soporte, empates y sensibilidad",Posensayo; excluido de INPUT; Amplitud nominal del nombre de columna; no deformación unitaria; LOO no es IC ni validación predictiva; no implica causalidad
residual_Displacement_1cycle_10mm,Residual_fraction_cycle5,26,0.17485461155216567,0.10639756168328976,0.06800691345087048,0.0,7.692307692307687,0.06845704986887591,0.09282816499265086,0.27243298154513823,0.09757836999297256,100.0,8.0,26,-0.001539646337665607,0.1778291520003776,0.10793720802095537,96.15384615384616,3.0,26,"rango LOO rho [-0.002, 0.178]; cambio máximo 0.108",Sin identidad directa predeclarada; evaluar dependencia por arquitectura y protocolo,"Asociación positiva en rangos; diferencia r−rho=0.068; valorar junto con soporte, empates y sensibilidad",Posensayo; excluido de INPUT; Amplitud nominal del nombre de columna; no deformación unitaria; LOO no es IC ni validación predictiva; no implica causalidad
residual_Displacement_1cycle_10mm,Residual_fraction_cycle6,20,0.22724637162328476,0.13920244723185196,0.07407511093795491,0.0,9.999999999999998,0.0880439243914328,0.1196216831632565,0.295054495635455,0.10762468846002826,100.0,25.0,20,0.016681305814562866,0.23968402565135066,0.12252114141728909,100.0,25.0,20,"rango LOO rho [0.017, 0.240]; cambio máximo 0.123",Sin identidad directa predeclarada; evaluar dependencia por arquitectura y protocolo,"Asociación positiva en rangos; diferencia r−rho=0.088; valorar junto con soporte, empates y sensibilidad",Posensayo; excluido de INPUT; Amplitud nominal del nombre de columna; no deformación unitaria; LOO no es IC ni validación predictiva; no implica causalidad
residual_Displacement_1cycle_10mm,Recovery_complement_cycle6,20,-0.22724637162328476,-0.13920244723185196,-0.07407511093795491,0.0,9.999999999999998,-0.0880439243914328,-0.29505449563545494,-0.11962168316325651,0.10762468846002825,100.0,25.0,20,-0.23968402565135066,-0.016681305814562866,0.12252114141728909,100.0,25.0,20,"rango LOO rho [-0.240, -0.017]; cambio máximo 0.123",Sin identidad directa predeclarada; evaluar dependencia por arquitectura y protocolo,"Asociación negativa en rangos; diferencia r−rho=-0.088; valorar junto con soporte, empates y sensibilidad",Posensayo; excluido de INPUT; Proxy complemento nominal; requiere protocolo para interpretar recuperación elástica; LOO no es IC ni validación predictiva; no implica causalidad
residual_Displacement_2cycle_20mm,residual_Displacement_3cycle_30mm,26,0.8830430796134734,0.7531623931623932,0.6123076923076923,0.0,0.0,0.1298806864510802,0.8442444024802083,0.9181427506946314,0.038798677133265125,100.0,25.0,26,0.7223076923076923,0.83,0.07683760683760676,100.0,8.0,26,"rango LOO rho [0.722, 0.830]; cambio máximo 0.077",Sin identidad directa predeclarada; evaluar dependencia por arquitectura y protocolo,"Asociación positiva en rangos; diferencia r−rho=0.130; valorar junto con soporte, empates y sensibilidad",Posensayo; excluido de INPUT; Posensayo; excluido de INPUT; LOO no es IC ni validación predictiva; no implica causalidad
residual_Displacement_2cycle_20mm,residual_Displacement_4cycle_40mm,26,0.6216947507217051,0.5466666666666666,0.4030769230769231,0.0,0.0,0.07502808405503847,0.5271391356723373,0.7201826980795359,0.09848794735783084,100.0,8.0,26,0.49,0.6269230769230769,0.08025641025641028,100.0,8.0,26,"rango LOO rho [0.490, 0.627]; cambio máximo 0.080",Sin identidad directa predeclarada; evaluar dependencia por arquitectura y protocolo,"Asociación positiva en rangos; diferencia r−rho=0.075; valorar junto con soporte, empates y sensibilidad",Posensayo; excluido de INPUT; Posensayo; excluido de INPUT; LOO no es IC ni validación predictiva; no implica causalidad
residual_Displacement_2cycle_20mm,residual_Displacement_5cycle_50mm,26,0.41387596050609404,0.31440308420239,0.20402074035261147,0.0,7.692307692307687,0.09947287630370405,0.3118687028176003,0.5037030350059143,0.10200725768849372,100.0,27.0,26,0.23248659698750665,0.38876070026056575,0.08191648721488334,100.0,3.0,26,"rango LOO rho [0.232, 0.389]; cambio máximo 0.082",Sin identidad directa predeclarada; evaluar dependencia por arquitectura y protocolo,"Asociación positiva en rangos; diferencia r−rho=0.099; valorar junto con soporte, empates y sensibilidad",Posensayo; excluido de INPUT; Posensayo; excluido de INPUT; LOO no es IC ni validación predictiva; no implica causalidad
residual_Displacement_2cycle_20mm,residual_Displacement_6cycle_60mm,20,0.43473906244031013,0.26711820955301324,0.19047885669759831,0.0,9.999999999999998,0.1676208528872969,0.3333087691869487,0.5544721852829374,0.11973312284262727,100.0,4.0,20,0.15715546004246067,0.354697239425442,0.10996274951055257,100.0,25.0,20,"rango LOO rho [0.157, 0.355]; cambio máximo 0.110",Sin identidad directa predeclarada; evaluar dependencia por arquitectura y protocolo,"Asociación positiva en rangos; diferencia r−rho=0.168; valorar junto con soporte, empates y sensibilidad",Posensayo; excluido de INPUT; Posensayo; excluido de INPUT; LOO no es IC ni validación predictiva; no implica causalidad
residual_Displacement_2cycle_20mm,Dissipated_cycle_1,26,-0.5936336179148933,-0.6417094017094017,-0.4461538461538462,0.0,0.0,0.04807578379450839,-0.681925198573443,-0.48546277372839586,0.10817084418649747,100.0,25.0,26,-0.6984615384615385,-0.5969230769230769,0.05675213675213675,100.0,8.0,26,"rango LOO rho [-0.698, -0.597]; cambio máximo 0.057",Sin identidad directa predeclarada; evaluar dependencia por arquitectura y protocolo,"Asociación negativa en rangos; diferencia r−rho=0.048; valorar junto con soporte, empates y sensibilidad",Posensayo; excluido de INPUT; Posensayo; unidad corroborada con tesis PDF pp.117/121 (docs/trazabilidad_datos.md); ausencia de energía no demuestra ausencia de evento/ciclo; LOO no es IC ni validación predictiva; no implica causalidad
residual_Displacement_2cycle_20mm,Dissipated_cycle_2,26,-0.663944458157986,-0.6663247863247863,-0.49538461538461537,0.0,0.0,0.0023803281668003384,-0.7038300153403929,-0.5835970645785611,0.08034739357942489,100.0,9.0,26,-0.7284615384615385,-0.6246153846153846,0.06213675213675218,100.0,7.0,26,"rango LOO rho [-0.728, -0.625]; cambio máximo 0.062",Sin identidad directa predeclarada; evaluar dependencia por arquitectura y protocolo,"Asociación negativa en rangos; diferencia r−rho=0.002; valorar junto con soporte, empates y sensibilidad",Posensayo; excluido de INPUT; Posensayo; unidad corroborada con tesis PDF pp.117/121 (docs/trazabilidad_datos.md); ausencia de energía no demuestra ausencia de evento/ciclo; LOO no es IC ni validación predictiva; no implica causalidad
residual_Displacement_2cycle_20mm,Dissipated_cycle_3,26,-0.8166020013308664,-0.8324786324786325,-0.68,0.0,0.0,0.015876631147766163,-0.8425280052291887,-0.7759277967921133,0.040674204538753034,100.0,25.0,26,-0.8646153846153846,-0.8115384615384615,0.032136752136752045,100.0,7.0,26,"rango LOO rho [-0.865, -0.812]; cambio máximo 0.032",Sin identidad directa predeclarada; evaluar dependencia por arquitectura y protocolo,"Asociación negativa en rangos; diferencia r−rho=0.016; valorar junto con soporte, empates y sensibilidad",Posensayo; excluido de INPUT; Posensayo; unidad corroborada con tesis PDF pp.117/121 (docs/trazabilidad_datos.md); ausencia de energía no demuestra ausencia de evento/ciclo; LOO no es IC ni validación predictiva; no implica causalidad
residual_Displacement_2cycle_20mm,Dissipated_cycle_4,26,-0.842027126174429,-0.8092307692307692,-0.6369230769230769,0.0,0.0,-0.03279635694365979,-0.8729702289902886,-0.7984968025406521,0.043530323633776846,100.0,9.0,26,-0.8430769230769231,-0.7853846153846153,0.03384615384615386,100.0,22.0,26,"rango LOO rho [-0.843, -0.785]; cambio máximo 0.034",Sin identidad directa predeclarada; evaluar dependencia por arquitectura y protocolo,"Asociación negativa en rangos; diferencia r−rho=-0.033; valorar junto con soporte, empates y sensibilidad",Posensayo; excluido de INPUT; Posensayo; unidad corroborada con tesis PDF pp.117/121 (docs/trazabilidad_datos.md); ausencia de energía no demuestra ausencia de evento/ciclo; LOO no es IC ni validación predictiva; no implica causalidad
residual_Displacement_2cycle_20mm,Dissipated_cycle_5,26,-0.07334973436780781,-0.5603418803418804,-0.39692307692307693,0.0,0.0,0.4869921459740726,-0.7236331787166865,0.016578246674879334,0.6502834443488787,96.15384615384616,5.0,26,-0.6776923076923077,-0.5053846153846154,0.11735042735042733,100.0,5.0,26,"rango LOO rho [-0.678, -0.505]; cambio máximo 0.117",Sin identidad directa predeclarada; evaluar dependencia por arquitectura y protocolo,"Asociación negativa en rangos; diferencia r−rho=0.487; valorar junto con soporte, empates y sensibilidad",Posensayo; excluido de INPUT; Posensayo; unidad corroborada con tesis PDF pp.117/121 (docs/trazabilidad_datos.md); ausencia de energía no demuestra ausencia de evento/ciclo; LOO no es IC ni validación predictiva; no implica causalidad
residual_Displacement_2cycle_20mm,Dissipated_cycle_6,20,-0.6173410260371219,-0.631578947368421,-0.4736842105263158,0.0,0.0,0.014237921331299086,-0.7298018426291251,-0.4613076930063355,0.15603333303078643,100.0,9.0,20,-0.73859649122807,-0.5701754385964911,0.10701754385964901,100.0,10.0,20,"rango LOO rho [-0.739, -0.570]; cambio máximo 0.107",Sin identidad directa predeclarada; evaluar dependencia por arquitectura y protocolo,"Asociación negativa en rangos; diferencia r−rho=0.014; valorar junto con soporte, empates y sensibilidad",Posensayo; excluido de INPUT; Posensayo; unidad corroborada con tesis PDF pp.117/121 (docs/trazabilidad_datos.md); ausencia de energía no demuestra ausencia de evento/ciclo; LOO no es IC ni validación predictiva; no implica causalidad
residual_Displacement_2cycle_20mm,Dissipated_cycle_7,7,-0.6263597312311311,-0.3928571428571428,-0.23809523809523814,0.0,0.0,-0.2335025883739883,-0.7454145689757989,-0.4614522334182636,0.1649074978128675,100.0,25.0,7,-0.5428571428571428,-0.08571428571428572,0.30714285714285705,100.0,25.0,7,"rango LOO rho [-0.543, -0.086]; cambio máximo 0.307",Sin identidad directa predeclarada; evaluar dependencia por arquitectura y protocolo,"Asociación negativa en rangos; diferencia r−rho=-0.234; valorar junto con soporte, empates y sensibilidad",Posensayo; excluido de INPUT; Posensayo; unidad corroborada con tesis PDF pp.117/121 (docs/trazabilidad_datos.md); ausencia de energía no demuestra ausencia de evento/ciclo; LOO no es IC ni validación predictiva; no implica causalidad
residual_Displacement_2cycle_20mm,Fracture_event_1,26,-0.6179352992141305,-0.6786324786324787,-0.48307692307692307,0.0,0.0,0.06069717941834818,-0.6620984337210165,-0.5914196864549487,0.044163134506886026,100.0,26.0,26,-0.7630769230769231,-0.6438461538461538,0.08444444444444443,100.0,7.0,26,"rango LOO rho [-0.763, -0.644]; cambio máximo 0.084",Sin identidad directa predeclarada; evaluar dependencia por arquitectura y protocolo,"Asociación negativa en rangos; diferencia r−rho=0.061; valorar junto con soporte, empates y sensibilidad",Posensayo; excluido de INPUT; Posensayo; unidad corroborada con tesis PDF pp.117/121 (docs/trazabilidad_datos.md); ausencia de energía no demuestra ausencia de evento/ciclo; LOO no es IC ni validación predictiva; no implica causalidad
residual_Displacement_2cycle_20mm,Fracture_event_2,24,-0.5710212847745558,-0.5260869565217391,-0.36231884057971014,0.0,0.0,-0.044934328252816735,-0.6172206966078729,-0.4879530019771989,0.08306828279735695,100.0,25.0,24,-0.5899209486166008,-0.466403162055336,0.06383399209486174,100.0,7.0,24,"rango LOO rho [-0.590, -0.466]; cambio máximo 0.064",Sin identidad directa predeclarada; evaluar dependencia por arquitectura y protocolo,"Asociación negativa en rangos; diferencia r−rho=-0.045; valorar junto con soporte, empates y sensibilidad",Posensayo; excluido de INPUT; Posensayo; unidad corroborada con tesis PDF pp.117/121 (docs/trazabilidad_datos.md); ausencia de energía no demuestra ausencia de evento/ciclo; LOO no es IC ni validación predictiva; no implica causalidad
residual_Displacement_2cycle_20mm,Fracture_event_3,22,-0.2954651930836309,-0.16092603049124787,-0.1341991341991342,0.0,0.0,-0.13453916259238302,-0.3738394799519814,-0.20796536305790284,0.08749983002572806,100.0,25.0,22,-0.2701298701298701,-0.05454545454545454,0.10920383963862224,100.0,24.0,22,"rango LOO rho [-0.270, -0.055]; cambio máximo 0.109",Sin identidad directa predeclarada; evaluar dependencia por arquitectura y protocolo,"Asociación negativa en rangos; diferencia r−rho=-0.135; valorar junto con soporte, empates y sensibilidad",Posensayo; excluido de INPUT; Posensayo; unidad corroborada con tesis PDF pp.117/121 (docs/trazabilidad_datos.md); ausencia de energía no demuestra ausencia de evento/ciclo; LOO no es IC ni validación predictiva; no implica causalidad
residual_Displacement_2cycle_20mm,Fracture_event_4,19,-0.36683394420970256,-0.2649122807017543,-0.22807017543859648,0.0,0.0,-0.10192166350794823,-0.535925725920831,-0.16980746594091944,0.1970264782687831,100.0,9.0,19,-0.4468524251805985,-0.16821465428276572,0.18194014447884416,100.0,19.0,19,"rango LOO rho [-0.447, -0.168]; cambio máximo 0.182",Sin identidad directa predeclarada; evaluar dependencia por arquitectura y protocolo,"Asociación negativa en rangos; diferencia r−rho=-0.102; valorar junto con soporte, empates y sensibilidad",Posensayo; excluido de INPUT; Posensayo; unidad corroborada con tesis PDF pp.117/121 (docs/trazabilidad_datos.md); ausencia de energía no demuestra ausencia de evento/ciclo; LOO no es IC ni validación predictiva; no implica causalidad
residual_Displacement_2cycle_20mm,Fracture_event_5,17,-0.09176262108119784,0.08088235294117649,0.044117647058823525,0.0,0.0,-0.17264497402237433,-0.2870470846578954,0.11908951245211678,0.2108521335333146,94.11764705882352,24.0,17,-0.058823529411764705,0.27647058823529413,0.19558823529411765,82.35294117647058,24.0,17,"rango LOO rho [-0.059, 0.276]; cambio máximo 0.196",Sin identidad directa predeclarada; evaluar dependencia por arquitectura y protocolo,"Asociación positiva en rangos; diferencia r−rho=-0.173; valorar junto con soporte, empates y sensibilidad",Posensayo; excluido de INPUT; Posensayo; unidad corroborada con tesis PDF pp.117/121 (docs/trazabilidad_datos.md); ausencia de energía no demuestra ausencia de evento/ciclo; LOO no es IC ni validación predictiva; no implica causalidad
residual_Displacement_2cycle_20mm,Fracture_event_6,7,0.015551511054586348,-0.3571428571428571,-0.33333333333333337,0.0,0.0,0.37269436819744345,-0.49888947747485884,0.514172732850102,0.5144409885294452,42.857142857142854,9.0,7,-0.8857142857142857,-0.08571428571428572,0.5285714285714286,100.0,9.0,7,"rango LOO rho [-0.886, -0.086]; cambio máximo 0.529",Sin identidad directa predeclarada; evaluar dependencia por arquitectura y protocolo,"Asociación negativa en rangos; diferencia r−rho=0.373; valorar junto con soporte, empates y sensibilidad",Posensayo; excluido de INPUT; Posensayo; unidad corroborada con tesis PDF pp.117/121 (docs/trazabilidad_datos.md); ausencia de energía no demuestra ausencia de evento/ciclo; LOO no es IC ni validación predictiva; no implica causalidad
residual_Displacement_2cycle_20mm,Fracture_event_7,6,-0.29508492448061485,-0.2,-0.06666666666666665,0.0,0.0,-0.09508492448061484,-0.5636193221353452,0.13262325279448745,0.4277081772751023,66.66666666666666,9.0,6,-0.5999999999999999,0.3999999999999999,0.5999999999999999,66.66666666666666,7.0,6,"rango LOO rho [-0.600, 0.400]; cambio máximo 0.600",Sin identidad directa predeclarada; evaluar dependencia por arquitectura y protocolo,"Asociación negativa en rangos; diferencia r−rho=-0.095; valorar junto con soporte, empates y sensibilidad",Posensayo; excluido de INPUT; Posensayo; unidad corroborada con tesis PDF pp.117/121 (docs/trazabilidad_datos.md); ausencia de energía no demuestra ausencia de evento/ciclo; LOO no es IC ni validación predictiva; no implica causalidad
residual_Displacement_2cycle_20mm,Fracture_event_8,4,-0.0948264159669445,0.3999999999999999,0.3333333333333334,0.0,0.0,-0.49482641596694443,-0.6230298534813083,0.9207802524124916,1.015606668379436,50.0,4.0,4,-0.4999999999999999,0.9999999999999998,0.8999999999999998,75.0,7.0,4,"rango LOO rho [-0.500, 1.000]; cambio máximo 0.900",Sin identidad directa predeclarada; evaluar dependencia por arquitectura y protocolo,"Asociación positiva en rangos; diferencia r−rho=-0.495; valorar junto con soporte, empates y sensibilidad",Posensayo; excluido de INPUT; Posensayo; unidad corroborada con tesis PDF pp.117/121 (docs/trazabilidad_datos.md); ausencia de energía no demuestra ausencia de evento/ciclo; LOO no es IC ni validación predictiva; no implica causalidad
residual_Displacement_2cycle_20mm,Fracture_event_9,2,,,,0.0,0.0,,,,,,,0,,,,,,0,No identificable: soporte insuficiente o variable constante,Sin identidad directa predeclarada; evaluar dependencia por arquitectura y protocolo,Asociación no identificable con la variación y disponibilidad observadas,Posensayo; excluido de INPUT; Posensayo; unidad corroborada con tesis PDF pp.117/121 (docs/trazabilidad_datos.md); ausencia de energía no demuestra ausencia de evento/ciclo; LOO no es IC ni validación predictiva; no implica causalidad
residual_Displacement_2cycle_20mm,Fracture_event_10,1,,,,0.0,0.0,,,,,,,0,,,,,,0,No identificable: soporte insuficiente o variable constante,Sin identidad directa predeclarada; evaluar dependencia por arquitectura y protocolo,Asociación no identificable con la variación y disponibilidad observadas,Posensayo; excluido de INPUT; Posensayo; unidad corroborada con tesis PDF pp.117/121 (docs/trazabilidad_datos.md); ausencia de energía no demuestra ausencia de evento/ciclo; LOO no es IC ni validación predictiva; no implica causalidad
residual_Displacement_2cycle_20mm,Fracture_event_11,1,,,,0.0,0.0,,,,,,,0,,,,,,0,No identificable: soporte insuficiente o variable constante,Sin identidad directa predeclarada; evaluar dependencia por arquitectura y protocolo,Asociación no identificable con la variación y disponibilidad observadas,Posensayo; excluido de INPUT; Posensayo; unidad corroborada con tesis PDF pp.117/121 (docs/trazabilidad_datos.md); ausencia de energía no demuestra ausencia de evento/ciclo; LOO no es IC ni validación predictiva; no implica causalidad
residual_Displacement_2cycle_20mm,Fracture_event_12,1,,,,0.0,0.0,,,,,,,0,,,,,,0,No identificable: soporte insuficiente o variable constante,Sin identidad directa predeclarada; evaluar dependencia por arquitectura y protocolo,Asociación no identificable con la variación y disponibilidad observadas,Posensayo; excluido de INPUT; Posensayo; unidad corroborada con tesis PDF pp.117/121 (docs/trazabilidad_datos.md); ausencia de energía no demuestra ausencia de evento/ciclo; LOO no es IC ni validación predictiva; no implica causalidad
residual_Displacement_2cycle_20mm,Fracture_event_13,1,,,,0.0,0.0,,,,,,,0,,,,,,0,No identificable: soporte insuficiente o variable constante,Sin identidad directa predeclarada; evaluar dependencia por arquitectura y protocolo,Asociación no identificable con la variación y disponibilidad observadas,Posensayo; excluido de INPUT; Posensayo; unidad corroborada con tesis PDF pp.117/121 (docs/trazabilidad_datos.md); ausencia de energía no demuestra ausencia de evento/ciclo; LOO no es IC ni validación predictiva; no implica causalidad
residual_Displacement_2cycle_20mm,Load_ratio_first_over_ultimate,26,-0.3911976437200267,-0.4276923076923077,-0.29846153846153844,0.0,0.0,0.036494663972281016,-0.5581256402356667,-0.29243998487692613,0.16692799651564,100.0,26.0,26,-0.5315384615384615,-0.37538461538461537,0.10384615384615381,100.0,26.0,26,"rango LOO rho [-0.532, -0.375]; cambio máximo 0.104",Sin identidad directa predeclarada; evaluar dependencia por arquitectura y protocolo,"Asociación negativa en rangos; diferencia r−rho=0.036; valorar junto con soporte, empates y sensibilidad",Posensayo; excluido de INPUT; Cociente primera/rotura final; no factor de seguridad ni reserva de carga; LOO no es IC ni validación predictiva; no implica causalidad
residual_Displacement_2cycle_20mm,Load_per_specimen_volume,26,-0.5993298510733502,-0.5876923076923077,-0.4030769230769231,0.0,0.0,-0.011637543381042503,-0.6517253239194228,-0.5637366985756065,0.0523954728460726,100.0,26.0,26,-0.676923076923077,-0.5415384615384615,0.08923076923076922,100.0,7.0,26,"rango LOO rho [-0.677, -0.542]; cambio máximo 0.089",Sin identidad directa predeclarada; evaluar dependencia por arquitectura y protocolo,"Asociación negativa en rangos; diferencia r−rho=-0.012; valorar junto con soporte, empates y sensibilidad",Posensayo; excluido de INPUT; Índice descriptivo de carga por volumen; no esfuerzo ni resistencia material; LOO no es IC ni validación predictiva; no implica causalidad
residual_Displacement_2cycle_20mm,Load_per_pivot,26,-0.5154107333259349,-0.597948717948718,-0.4276923076923077,0.0,0.0,0.08253798462278306,-0.5943403215713652,-0.45625890795780927,0.07892958824543028,100.0,3.0,26,-0.6607692307692308,-0.5638461538461539,0.06282051282051282,100.0,3.0,26,"rango LOO rho [-0.661, -0.564]; cambio máximo 0.063",Sin identidad directa predeclarada; evaluar dependencia por arquitectura y protocolo,"Asociación negativa en rangos; diferencia r−rho=0.083; valorar junto con soporte, empates y sensibilidad",Posensayo; excluido de INPUT; No presupone reparto uniforme de cargas entre pivotes; LOO no es IC ni validación predictiva; no implica causalidad
residual_Displacement_2cycle_20mm,Load_per_cell_Y,26,-0.5940870216901901,-0.6027350427350427,-0.4276923076923077,0.0,0.0,0.008648021044852627,-0.6429495641860984,-0.5518985184502916,0.04886254249590827,100.0,26.0,26,-0.6823076923076923,-0.5638461538461539,0.07957264957264953,100.0,7.0,26,"rango LOO rho [-0.682, -0.564]; cambio máximo 0.080",Sin identidad directa predeclarada; evaluar dependencia por arquitectura y protocolo,"Asociación negativa en rangos; diferencia r−rho=0.009; valorar junto con soporte, empates y sensibilidad",Posensayo; excluido de INPUT; Normalización por conteo en Y; no fuerza medida en cada celda; LOO no es IC ni validación predictiva; no implica causalidad
residual_Displacement_2cycle_20mm,Fracture_observed_sum,26,-0.5980751705207967,-0.705982905982906,-0.5261538461538462,0.0,0.0,0.1079077354621093,-0.6438792677915126,-0.5597336142063672,0.04580409727071588,100.0,26.0,26,-0.7830769230769231,-0.6707692307692308,0.07709401709401709,100.0,26.0,26,"rango LOO rho [-0.783, -0.671]; cambio máximo 0.077",Sin identidad directa predeclarada; evaluar dependencia por arquitectura y protocolo,"Asociación negativa en rangos; diferencia r−rho=0.108; valorar junto con soporte, empates y sensibilidad",Posensayo; excluido de INPUT; Suma observada de longitud variable; no energía total del ensayo; LOO no es IC ni validación predictiva; no implica causalidad
residual_Displacement_2cycle_20mm,Fracture_registered_events,26,0.29046798858737066,0.3056404757865051,0.22198202201878312,0.0,61.53846153846154,-0.015172487199134443,0.19627395692797625,0.47120475545396096,0.1807367668665903,100.0,7.0,26,0.2245212967275611,0.4121053736459737,0.10646489785946861,100.0,7.0,26,"rango LOO rho [0.225, 0.412]; cambio máximo 0.106",Sin identidad directa predeclarada; evaluar dependencia por arquitectura y protocolo,"Asociación positiva en rangos; diferencia r−rho=-0.015; valorar junto con soporte, empates y sensibilidad","Posensayo; excluido de INPUT; Disponibilidad de registro, no conteo verificado de todas las fracturas; LOO no es IC ni validación predictiva; no implica causalidad"
residual_Displacement_2cycle_20mm,Fracture_initial_share,26,-0.4452648104231425,-0.37373910616327144,-0.2711867625990009,0.0,3.8461538461538436,-0.07152570425987104,-0.4907463834983233,-0.3358710186835758,0.1093937917395667,100.0,27.0,26,-0.4350836779848079,-0.30538461538461537,0.06835449077865607,100.0,27.0,26,"rango LOO rho [-0.435, -0.305]; cambio máximo 0.068",Sin identidad directa predeclarada; evaluar dependencia por arquitectura y protocolo,"Asociación negativa en rangos; diferencia r−rho=-0.072; valorar junto con soporte, empates y sensibilidad",Posensayo; excluido de INPUT; Comparte numerador y denominador con otras respuestas; sensible a cobertura de eventos; LOO no es IC ni validación predictiva; no implica causalidad
residual_Displacement_2cycle_20mm,Residual_fraction_cycle1,26,0.8673000891559585,0.8051282051282052,0.6553846153846153,0.0,0.0,0.06217188402775331,0.8168378942961994,0.9103549087434476,0.05046219485975911,100.0,9.0,26,0.7807692307692308,0.8530769230769231,0.04794871794871791,100.0,18.0,26,"rango LOO rho [0.781, 0.853]; cambio máximo 0.048",Sin identidad directa predeclarada; evaluar dependencia por arquitectura y protocolo,"Asociación positiva en rangos; diferencia r−rho=0.062; valorar junto con soporte, empates y sensibilidad",Posensayo; excluido de INPUT; Amplitud nominal del nombre de columna; no deformación unitaria; LOO no es IC ni validación predictiva; no implica causalidad
residual_Displacement_2cycle_20mm,Residual_fraction_cycle2,26,1.0,1.0,1.0,0.0,0.0,0.0,0.9999999999999998,1.0000000000000004,4.440892098500626e-16,100.0,16.0,26,1.0,1.0,0.0,100.0,1.0,26,"rango LOO rho [1.000, 1.000]; cambio máximo 0.000",Dependencia algebraica directa: una variable participa en la definición de la otra,"Asociación positiva en rangos; diferencia r−rho=0.000; valorar junto con soporte, empates y sensibilidad",Posensayo; excluido de INPUT; Amplitud nominal del nombre de columna; no deformación unitaria; LOO no es IC ni validación predictiva; no implica causalidad
residual_Displacement_2cycle_20mm,Residual_fraction_cycle3,26,0.8830430796134736,0.7531623931623932,0.6123076923076923,0.0,0.0,0.12988068645108042,0.8442444024802082,0.9181427506946309,0.03879867713326546,100.0,25.0,26,0.7223076923076923,0.83,0.07683760683760676,100.0,8.0,26,"rango LOO rho [0.722, 0.830]; cambio máximo 0.077",Sin identidad directa predeclarada; evaluar dependencia por arquitectura y protocolo,"Asociación positiva en rangos; diferencia r−rho=0.130; valorar junto con soporte, empates y sensibilidad",Posensayo; excluido de INPUT; Amplitud nominal del nombre de columna; no deformación unitaria; LOO no es IC ni validación predictiva; no implica causalidad
residual_Displacement_2cycle_20mm,Residual_fraction_cycle4,26,0.6216947507217052,0.5466666666666666,0.4030769230769231,0.0,0.0,0.07502808405503858,0.5271391356723375,0.7201826980795358,0.09848794735783062,100.0,8.0,26,0.49,0.6269230769230769,0.08025641025641028,100.0,8.0,26,"rango LOO rho [0.490, 0.627]; cambio máximo 0.080",Sin identidad directa predeclarada; evaluar dependencia por arquitectura y protocolo,"Asociación positiva en rangos; diferencia r−rho=0.075; valorar junto con soporte, empates y sensibilidad",Posensayo; excluido de INPUT; Amplitud nominal del nombre de columna; no deformación unitaria; LOO no es IC ni validación predictiva; no implica causalidad
residual_Displacement_2cycle_20mm,Residual_fraction_cycle5,26,0.413875960506094,0.31440308420239,0.20402074035261147,0.0,7.692307692307687,0.099472876303704,0.31186870281760043,0.5037030350059143,0.10200725768849356,100.0,27.0,26,0.23248659698750665,0.38876070026056575,0.08191648721488334,100.0,3.0,26,"rango LOO rho [0.232, 0.389]; cambio máximo 0.082",Sin identidad directa predeclarada; evaluar dependencia por arquitectura y protocolo,"Asociación positiva en rangos; diferencia r−rho=0.099; valorar junto con soporte, empates y sensibilidad",Posensayo; excluido de INPUT; Amplitud nominal del nombre de columna; no deformación unitaria; LOO no es IC ni validación predictiva; no implica causalidad
residual_Displacement_2cycle_20mm,Residual_fraction_cycle6,20,0.4347390624403102,0.26711820955301324,0.19047885669759831,0.0,9.999999999999998,0.16762085288729694,0.33330876918694874,0.5544721852829375,0.11973312284262733,100.0,4.0,20,0.15715546004246067,0.354697239425442,0.10996274951055257,100.0,25.0,20,"rango LOO rho [0.157, 0.355]; cambio máximo 0.110",Sin identidad directa predeclarada; evaluar dependencia por arquitectura y protocolo,"Asociación positiva en rangos; diferencia r−rho=0.168; valorar junto con soporte, empates y sensibilidad",Posensayo; excluido de INPUT; Amplitud nominal del nombre de columna; no deformación unitaria; LOO no es IC ni validación predictiva; no implica causalidad
residual_Displacement_2cycle_20mm,Recovery_complement_cycle6,20,-0.43473906244031024,-0.26711820955301324,-0.19047885669759831,0.0,9.999999999999998,-0.167620852887297,-0.5544721852829374,-0.3333087691869488,0.11973312284262716,100.0,4.0,20,-0.354697239425442,-0.15715546004246067,0.10996274951055257,100.0,25.0,20,"rango LOO rho [-0.355, -0.157]; cambio máximo 0.110",Sin identidad directa predeclarada; evaluar dependencia por arquitectura y protocolo,"Asociación negativa en rangos; diferencia r−rho=-0.168; valorar junto con soporte, empates y sensibilidad",Posensayo; excluido de INPUT; Proxy complemento nominal; requiere protocolo para interpretar recuperación elástica; LOO no es IC ni validación predictiva; no implica causalidad
residual_Displacement_3cycle_30mm,residual_Displacement_4cycle_40mm,26,0.8597222556538536,0.7825641025641026,0.6061538461538462,0.0,0.0,0.07715815308975105,0.829283939393914,0.8762522709654172,0.030438316259939646,100.0,25.0,26,0.7553846153846154,0.8369230769230769,0.0543589743589743,100.0,5.0,26,"rango LOO rho [0.755, 0.837]; cambio máximo 0.054",Sin identidad directa predeclarada; evaluar dependencia por arquitectura y protocolo,"Asociación positiva en rangos; diferencia r−rho=0.077; valorar junto con soporte, empates y sensibilidad",Posensayo; excluido de INPUT; Posensayo; excluido de INPUT; LOO no es IC ni validación predictiva; no implica causalidad
residual_Displacement_3cycle_30mm,residual_Displacement_5cycle_50mm,26,0.7188126040643508,0.7016765241557148,0.5255079675749084,0.0,7.692307692307687,0.01713607990863597,0.6567229818306912,0.7447456648294748,0.06208962223365955,100.0,27.0,26,0.6643573947027094,0.7613551139756426,0.059678589819927796,100.0,1.0,26,"rango LOO rho [0.664, 0.761]; cambio máximo 0.060",Sin identidad directa predeclarada; evaluar dependencia por arquitectura y protocolo,"Asociación positiva en rangos; diferencia r−rho=0.017; valorar junto con soporte, empates y sensibilidad",Posensayo; excluido de INPUT; Posensayo; excluido de INPUT; LOO no es IC ni validación predictiva; no implica causalidad
residual_Displacement_3cycle_30mm,residual_Displacement_6cycle_60mm,20,0.6760172254328566,0.7057940297485251,0.5185257765656843,0.0,9.999999999999998,-0.029776804315668537,0.6052656702908628,0.7789640955591308,0.10294687012627424,100.0,4.0,20,0.6637403787268172,0.7682180309338162,0.06242400118529112,100.0,16.0,20,"rango LOO rho [0.664, 0.768]; cambio máximo 0.062",Sin identidad directa predeclarada; evaluar dependencia por arquitectura y protocolo,"Asociación positiva en rangos; diferencia r−rho=-0.030; valorar junto con soporte, empates y sensibilidad",Posensayo; excluido de INPUT; Posensayo; excluido de INPUT; LOO no es IC ni validación predictiva; no implica causalidad
residual_Displacement_3cycle_30mm,Dissipated_cycle_1,26,-0.4732421705231697,-0.4741880341880342,-0.316923076923077,0.0,0.0,0.000945863664864488,-0.5911057174928618,-0.3106405685389035,0.1626016019842662,100.0,25.0,26,-0.5484615384615384,-0.4084615384615385,0.07427350427350426,100.0,20.0,26,"rango LOO rho [-0.548, -0.408]; cambio máximo 0.074",Sin identidad directa predeclarada; evaluar dependencia por arquitectura y protocolo,"Asociación negativa en rangos; diferencia r−rho=0.001; valorar junto con soporte, empates y sensibilidad",Posensayo; excluido de INPUT; Posensayo; unidad corroborada con tesis PDF pp.117/121 (docs/trazabilidad_datos.md); ausencia de energía no demuestra ausencia de evento/ciclo; LOO no es IC ni validación predictiva; no implica causalidad
residual_Displacement_3cycle_30mm,Dissipated_cycle_2,26,-0.35208453916268495,-0.3223931623931624,-0.21846153846153846,0.0,0.0,-0.02969137676952255,-0.4295421613033813,-0.2581966325770722,0.09388790658561275,100.0,9.0,26,-0.42,-0.23923076923076922,0.09760683760683758,100.0,8.0,26,"rango LOO rho [-0.420, -0.239]; cambio máximo 0.098",Sin identidad directa predeclarada; evaluar dependencia por arquitectura y protocolo,"Asociación negativa en rangos; diferencia r−rho=-0.030; valorar junto con soporte, empates y sensibilidad",Posensayo; excluido de INPUT; Posensayo; unidad corroborada con tesis PDF pp.117/121 (docs/trazabilidad_datos.md); ausencia de energía no demuestra ausencia de evento/ciclo; LOO no es IC ni validación predictiva; no implica causalidad
residual_Displacement_3cycle_30mm,Dissipated_cycle_3,26,-0.6042693746001649,-0.561025641025641,-0.4276923076923077,0.0,0.0,-0.043243733574523935,-0.6719481619120417,-0.5006174741857772,0.10365190041438777,100.0,25.0,26,-0.6330769230769231,-0.5061538461538462,0.07205128205128208,100.0,8.0,26,"rango LOO rho [-0.633, -0.506]; cambio máximo 0.072",Sin identidad directa predeclarada; evaluar dependencia por arquitectura y protocolo,"Asociación negativa en rangos; diferencia r−rho=-0.043; valorar junto con soporte, empates y sensibilidad",Posensayo; excluido de INPUT; Posensayo; unidad corroborada con tesis PDF pp.117/121 (docs/trazabilidad_datos.md); ausencia de energía no demuestra ausencia de evento/ciclo; LOO no es IC ni validación predictiva; no implica causalidad
residual_Displacement_3cycle_30mm,Dissipated_cycle_4,26,-0.6733024605197269,-0.5815384615384616,-0.42153846153846153,0.0,0.0,-0.0917639989812653,-0.7311524462868751,-0.6151647857128905,0.058137674806836404,100.0,25.0,26,-0.6415384615384615,-0.5292307692307693,0.05999999999999994,100.0,6.0,26,"rango LOO rho [-0.642, -0.529]; cambio máximo 0.060",Sin identidad directa predeclarada; evaluar dependencia por arquitectura y protocolo,"Asociación negativa en rangos; diferencia r−rho=-0.092; valorar junto con soporte, empates y sensibilidad",Posensayo; excluido de INPUT; Posensayo; unidad corroborada con tesis PDF pp.117/121 (docs/trazabilidad_datos.md); ausencia de energía no demuestra ausencia de evento/ciclo; LOO no es IC ni validación predictiva; no implica causalidad
residual_Displacement_3cycle_30mm,Dissipated_cycle_5,26,-0.017251565855824193,-0.39008547008547007,-0.2676923076923077,0.0,0.0,0.37283390422964585,-0.5880398164666447,0.03985416322423831,0.5707882506108205,92.3076923076923,5.0,26,-0.4976923076923077,-0.31461538461538463,0.10760683760683765,100.0,5.0,26,"rango LOO rho [-0.498, -0.315]; cambio máximo 0.108",Sin identidad directa predeclarada; evaluar dependencia por arquitectura y protocolo,"Asociación negativa en rangos; diferencia r−rho=0.373; valorar junto con soporte, empates y sensibilidad",Posensayo; excluido de INPUT; Posensayo; unidad corroborada con tesis PDF pp.117/121 (docs/trazabilidad_datos.md); ausencia de energía no demuestra ausencia de evento/ciclo; LOO no es IC ni validación predictiva; no implica causalidad
residual_Displacement_3cycle_30mm,Dissipated_cycle_6,20,-0.4743172244340903,-0.48120300751879697,-0.3684210526315789,0.0,0.0,0.006885783084706665,-0.577733322618286,-0.36347030025370564,0.11084692418038466,100.0,9.0,20,-0.563157894736842,-0.39649122807017534,0.08471177944862163,100.0,3.0,20,"rango LOO rho [-0.563, -0.396]; cambio máximo 0.085",Sin identidad directa predeclarada; evaluar dependencia por arquitectura y protocolo,"Asociación negativa en rangos; diferencia r−rho=0.007; valorar junto con soporte, empates y sensibilidad",Posensayo; excluido de INPUT; Posensayo; unidad corroborada con tesis PDF pp.117/121 (docs/trazabilidad_datos.md); ausencia de energía no demuestra ausencia de evento/ciclo; LOO no es IC ni validación predictiva; no implica causalidad
residual_Displacement_3cycle_30mm,Dissipated_cycle_7,7,-0.555972084695427,-0.2857142857142857,-0.04761904761904762,0.0,0.0,-0.27025779898114133,-0.7384129932676584,-0.358230657650099,0.19774142704532804,100.0,25.0,7,-0.42857142857142855,0.08571428571428572,0.37142857142857144,71.42857142857143,25.0,7,"rango LOO rho [-0.429, 0.086]; cambio máximo 0.371",Sin identidad directa predeclarada; evaluar dependencia por arquitectura y protocolo,"Asociación negativa en rangos; diferencia r−rho=-0.270; valorar junto con soporte, empates y sensibilidad",Posensayo; excluido de INPUT; Posensayo; unidad corroborada con tesis PDF pp.117/121 (docs/trazabilidad_datos.md); ausencia de energía no demuestra ausencia de evento/ciclo; LOO no es IC ni validación predictiva; no implica causalidad
residual_Displacement_3cycle_30mm,Fracture_event_1,26,-0.42333450813501355,-0.3264957264957265,-0.21846153846153846,0.0,0.0,-0.09683878163928705,-0.4677691345614874,-0.36053668000938055,0.062797828125633,100.0,25.0,26,-0.39615384615384613,-0.25076923076923074,0.07572649572649576,100.0,1.0,26,"rango LOO rho [-0.396, -0.251]; cambio máximo 0.076",Sin identidad directa predeclarada; evaluar dependencia por arquitectura y protocolo,"Asociación negativa en rangos; diferencia r−rho=-0.097; valorar junto con soporte, empates y sensibilidad",Posensayo; excluido de INPUT; Posensayo; unidad corroborada con tesis PDF pp.117/121 (docs/trazabilidad_datos.md); ausencia de energía no demuestra ausencia de evento/ciclo; LOO no es IC ni validación predictiva; no implica causalidad
residual_Displacement_3cycle_30mm,Fracture_event_2,24,-0.49182818231685704,-0.3991304347826087,-0.2826086956521739,0.0,0.0,-0.09269774753424836,-0.5595603471421222,-0.377055017260386,0.11477316505647106,100.0,25.0,24,-0.4743083003952569,-0.33300395256917,0.07517786561264822,100.0,23.0,24,"rango LOO rho [-0.474, -0.333]; cambio máximo 0.075",Sin identidad directa predeclarada; evaluar dependencia por arquitectura y protocolo,"Asociación negativa en rangos; diferencia r−rho=-0.093; valorar junto con soporte, empates y sensibilidad",Posensayo; excluido de INPUT; Posensayo; unidad corroborada con tesis PDF pp.117/121 (docs/trazabilidad_datos.md); ausencia de energía no demuestra ausencia de evento/ciclo; LOO no es IC ni validación predictiva; no implica causalidad
residual_Displacement_3cycle_30mm,Fracture_event_3,22,-0.14151435618712127,0.05251270468661773,0.012987012987012986,0.0,0.0,-0.194027060873739,-0.20647168285004072,0.009352354635167566,0.15086671082228884,95.45454545454545,25.0,22,-0.02987012987012987,0.19090909090909092,0.1383963862224732,81.81818181818183,1.0,22,"rango LOO rho [-0.030, 0.191]; cambio máximo 0.138",Sin identidad directa predeclarada; evaluar dependencia por arquitectura y protocolo,"Asociación positiva en rangos; diferencia r−rho=-0.194; valorar junto con soporte, empates y sensibilidad",Posensayo; excluido de INPUT; Posensayo; unidad corroborada con tesis PDF pp.117/121 (docs/trazabilidad_datos.md); ausencia de energía no demuestra ausencia de evento/ciclo; LOO no es IC ni validación predictiva; no implica causalidad
residual_Displacement_3cycle_30mm,Fracture_event_4,19,-0.22765590013236414,-0.18421052631578944,-0.12280701754385964,0.0,0.0,-0.043445373816574706,-0.31153014398632073,-0.07099335310184932,0.15666254703051483,100.0,9.0,19,-0.3065015479876161,-0.07120743034055727,0.12229102167182665,100.0,4.0,19,"rango LOO rho [-0.307, -0.071]; cambio máximo 0.122",Sin identidad directa predeclarada; evaluar dependencia por arquitectura y protocolo,"Asociación negativa en rangos; diferencia r−rho=-0.043; valorar junto con soporte, empates y sensibilidad",Posensayo; excluido de INPUT; Posensayo; unidad corroborada con tesis PDF pp.117/121 (docs/trazabilidad_datos.md); ausencia de energía no demuestra ausencia de evento/ciclo; LOO no es IC ni validación predictiva; no implica causalidad
residual_Displacement_3cycle_30mm,Fracture_event_5,17,-0.04679719269016798,0.05637254901960785,0.0588235294117647,0.0,0.0,-0.10316974170977583,-0.1498711851308981,0.18210283375683717,0.22890002644700513,88.23529411764706,24.0,17,-0.06764705882352941,0.24705882352941178,0.1906862745098039,76.47058823529412,24.0,17,"rango LOO rho [-0.068, 0.247]; cambio máximo 0.191",Sin identidad directa predeclarada; evaluar dependencia por arquitectura y protocolo,"Asociación positiva en rangos; diferencia r−rho=-0.103; valorar junto con soporte, empates y sensibilidad",Posensayo; excluido de INPUT; Posensayo; unidad corroborada con tesis PDF pp.117/121 (docs/trazabilidad_datos.md); ausencia de energía no demuestra ausencia de evento/ciclo; LOO no es IC ni validación predictiva; no implica causalidad
residual_Displacement_3cycle_30mm,Fracture_event_6,7,-0.2411017226764826,-0.2857142857142857,-0.23809523809523814,0.0,0.0,0.04461256303780309,-0.6529379285988006,0.3229280663596155,0.5640297890360981,85.71428571428571,4.0,7,-0.7714285714285715,0.02857142857142857,0.48571428571428577,85.71428571428571,9.0,7,"rango LOO rho [-0.771, 0.029]; cambio máximo 0.486",Sin identidad directa predeclarada; evaluar dependencia por arquitectura y protocolo,"Asociación negativa en rangos; diferencia r−rho=0.045; valorar junto con soporte, empates y sensibilidad",Posensayo; excluido de INPUT; Posensayo; unidad corroborada con tesis PDF pp.117/121 (docs/trazabilidad_datos.md); ausencia de energía no demuestra ausencia de evento/ciclo; LOO no es IC ni validación predictiva; no implica causalidad
residual_Displacement_3cycle_30mm,Fracture_event_7,6,-0.15749975611692685,-0.2,-0.06666666666666665,0.0,0.0,0.04250024388307316,-0.5490085370343009,0.3922931992760213,0.5497929553929481,66.66666666666666,7.0,6,-0.5999999999999999,0.3999999999999999,0.5999999999999999,66.66666666666666,7.0,6,"rango LOO rho [-0.600, 0.400]; cambio máximo 0.600",Sin identidad directa predeclarada; evaluar dependencia por arquitectura y protocolo,"Asociación negativa en rangos; diferencia r−rho=0.043; valorar junto con soporte, empates y sensibilidad",Posensayo; excluido de INPUT; Posensayo; unidad corroborada con tesis PDF pp.117/121 (docs/trazabilidad_datos.md); ausencia de energía no demuestra ausencia de evento/ciclo; LOO no es IC ni validación predictiva; no implica causalidad
residual_Displacement_3cycle_30mm,Fracture_event_8,4,-0.27934575488510344,0.3999999999999999,0.3333333333333334,0.0,0.0,-0.6793457548851034,-0.842048477667065,0.9811819085009852,1.2605276633860887,75.0,4.0,4,-0.4999999999999999,0.9999999999999998,0.8999999999999998,75.0,7.0,4,"rango LOO rho [-0.500, 1.000]; cambio máximo 0.900",Sin identidad directa predeclarada; evaluar dependencia por arquitectura y protocolo,"Asociación positiva en rangos; diferencia r−rho=-0.679; valorar junto con soporte, empates y sensibilidad",Posensayo; excluido de INPUT; Posensayo; unidad corroborada con tesis PDF pp.117/121 (docs/trazabilidad_datos.md); ausencia de energía no demuestra ausencia de evento/ciclo; LOO no es IC ni validación predictiva; no implica causalidad
residual_Displacement_3cycle_30mm,Fracture_event_9,2,,,,0.0,0.0,,,,,,,0,,,,,,0,No identificable: soporte insuficiente o variable constante,Sin identidad directa predeclarada; evaluar dependencia por arquitectura y protocolo,Asociación no identificable con la variación y disponibilidad observadas,Posensayo; excluido de INPUT; Posensayo; unidad corroborada con tesis PDF pp.117/121 (docs/trazabilidad_datos.md); ausencia de energía no demuestra ausencia de evento/ciclo; LOO no es IC ni validación predictiva; no implica causalidad
residual_Displacement_3cycle_30mm,Fracture_event_10,1,,,,0.0,0.0,,,,,,,0,,,,,,0,No identificable: soporte insuficiente o variable constante,Sin identidad directa predeclarada; evaluar dependencia por arquitectura y protocolo,Asociación no identificable con la variación y disponibilidad observadas,Posensayo; excluido de INPUT; Posensayo; unidad corroborada con tesis PDF pp.117/121 (docs/trazabilidad_datos.md); ausencia de energía no demuestra ausencia de evento/ciclo; LOO no es IC ni validación predictiva; no implica causalidad
residual_Displacement_3cycle_30mm,Fracture_event_11,1,,,,0.0,0.0,,,,,,,0,,,,,,0,No identificable: soporte insuficiente o variable constante,Sin identidad directa predeclarada; evaluar dependencia por arquitectura y protocolo,Asociación no identificable con la variación y disponibilidad observadas,Posensayo; excluido de INPUT; Posensayo; unidad corroborada con tesis PDF pp.117/121 (docs/trazabilidad_datos.md); ausencia de energía no demuestra ausencia de evento/ciclo; LOO no es IC ni validación predictiva; no implica causalidad
residual_Displacement_3cycle_30mm,Fracture_event_12,1,,,,0.0,0.0,,,,,,,0,,,,,,0,No identificable: soporte insuficiente o variable constante,Sin identidad directa predeclarada; evaluar dependencia por arquitectura y protocolo,Asociación no identificable con la variación y disponibilidad observadas,Posensayo; excluido de INPUT; Posensayo; unidad corroborada con tesis PDF pp.117/121 (docs/trazabilidad_datos.md); ausencia de energía no demuestra ausencia de evento/ciclo; LOO no es IC ni validación predictiva; no implica causalidad
residual_Displacement_3cycle_30mm,Fracture_event_13,1,,,,0.0,0.0,,,,,,,0,,,,,,0,No identificable: soporte insuficiente o variable constante,Sin identidad directa predeclarada; evaluar dependencia por arquitectura y protocolo,Asociación no identificable con la variación y disponibilidad observadas,Posensayo; excluido de INPUT; Posensayo; unidad corroborada con tesis PDF pp.117/121 (docs/trazabilidad_datos.md); ausencia de energía no demuestra ausencia de evento/ciclo; LOO no es IC ni validación predictiva; no implica causalidad
residual_Displacement_3cycle_30mm,Load_ratio_first_over_ultimate,26,-0.3860596787899628,-0.3285470085470085,-0.19384615384615383,0.0,0.0,-0.057512670242954256,-0.5090068306085983,-0.27426685456851996,0.12294715181863553,100.0,26.0,26,-0.4053846153846154,-0.2653846153846154,0.07683760683760688,100.0,4.0,26,"rango LOO rho [-0.405, -0.265]; cambio máximo 0.077",Sin identidad directa predeclarada; evaluar dependencia por arquitectura y protocolo,"Asociación negativa en rangos; diferencia r−rho=-0.058; valorar junto con soporte, empates y sensibilidad",Posensayo; excluido de INPUT; Cociente primera/rotura final; no factor de seguridad ni reserva de carga; LOO no es IC ni validación predictiva; no implica causalidad
residual_Displacement_3cycle_30mm,Load_per_specimen_volume,26,-0.39254789451434574,-0.25811965811965815,-0.1630769230769231,0.0,0.0,-0.1344282363946876,-0.43718449648442786,-0.32979171510371574,0.06275617941063,100.0,25.0,26,-0.3230769230769231,-0.17461538461538462,0.08350427350427353,100.0,1.0,26,"rango LOO rho [-0.323, -0.175]; cambio máximo 0.084",Sin identidad directa predeclarada; evaluar dependencia por arquitectura y protocolo,"Asociación negativa en rangos; diferencia r−rho=-0.134; valorar junto con soporte, empates y sensibilidad",Posensayo; excluido de INPUT; Índice descriptivo de carga por volumen; no esfuerzo ni resistencia material; LOO no es IC ni validación predictiva; no implica causalidad
residual_Displacement_3cycle_30mm,Load_per_pivot,26,-0.36834350556683887,-0.372991452991453,-0.26153846153846155,0.0,0.0,0.004647947424614107,-0.4479781782140109,-0.3001771051478847,0.07963467264717206,100.0,3.0,26,-0.45,-0.31076923076923074,0.07700854700854703,100.0,20.0,26,"rango LOO rho [-0.450, -0.311]; cambio máximo 0.077",Sin identidad directa predeclarada; evaluar dependencia por arquitectura y protocolo,"Asociación negativa en rangos; diferencia r−rho=0.005; valorar junto con soporte, empates y sensibilidad",Posensayo; excluido de INPUT; No presupone reparto uniforme de cargas entre pivotes; LOO no es IC ni validación predictiva; no implica causalidad
residual_Displacement_3cycle_30mm,Load_per_cell_Y,26,-0.3964927459708406,-0.30393162393162393,-0.2,0.0,0.0,-0.09256112203921668,-0.4403437253387711,-0.34097346041035337,0.05551928556048724,100.0,1.0,26,-0.3723076923076923,-0.23,0.07393162393162392,100.0,1.0,26,"rango LOO rho [-0.372, -0.230]; cambio máximo 0.074",Sin identidad directa predeclarada; evaluar dependencia por arquitectura y protocolo,"Asociación negativa en rangos; diferencia r−rho=-0.093; valorar junto con soporte, empates y sensibilidad",Posensayo; excluido de INPUT; Normalización por conteo en Y; no fuerza medida en cada celda; LOO no es IC ni validación predictiva; no implica causalidad
residual_Displacement_3cycle_30mm,Fracture_observed_sum,26,-0.4125734851481207,-0.40444444444444444,-0.26153846153846155,0.0,0.0,-0.00812904070367626,-0.45875591917342196,-0.3357260047250746,0.07684748042304612,100.0,25.0,26,-0.4723076923076923,-0.33153846153846156,0.07290598290598288,100.0,25.0,26,"rango LOO rho [-0.472, -0.332]; cambio máximo 0.073",Sin identidad directa predeclarada; evaluar dependencia por arquitectura y protocolo,"Asociación negativa en rangos; diferencia r−rho=-0.008; valorar junto con soporte, empates y sensibilidad",Posensayo; excluido de INPUT; Suma observada de longitud variable; no energía total del ensayo; LOO no es IC ni validación predictiva; no implica causalidad
residual_Displacement_3cycle_30mm,Fracture_registered_events,26,0.16118166370082734,0.0772033035723698,0.06054055145966813,0.0,61.53846153846154,0.08397836012845754,0.014952782980210409,0.33520080693169535,0.174019143230868,100.0,7.0,26,-0.03343934206580697,0.17200919943484122,0.11064264563817677,96.15384615384616,27.0,26,"rango LOO rho [-0.033, 0.172]; cambio máximo 0.111",Sin identidad directa predeclarada; evaluar dependencia por arquitectura y protocolo,"Asociación positiva en rangos; diferencia r−rho=0.084; valorar junto con soporte, empates y sensibilidad","Posensayo; excluido de INPUT; Disponibilidad de registro, no conteo verificado de todas las fracturas; LOO no es IC ni validación predictiva; no implica causalidad"
residual_Displacement_3cycle_30mm,Fracture_initial_share,26,-0.31672730892339507,-0.184988889692891,-0.1417567168131141,0.0,3.8461538461538436,-0.13173841923050406,-0.3801734993708723,-0.13510022503944197,0.1816270838839531,100.0,27.0,26,-0.26351221876179787,-0.09307692307692307,0.09191196661596794,100.0,27.0,26,"rango LOO rho [-0.264, -0.093]; cambio máximo 0.092",Sin identidad directa predeclarada; evaluar dependencia por arquitectura y protocolo,"Asociación negativa en rangos; diferencia r−rho=-0.132; valorar junto con soporte, empates y sensibilidad",Posensayo; excluido de INPUT; Comparte numerador y denominador con otras respuestas; sensible a cobertura de eventos; LOO no es IC ni validación predictiva; no implica causalidad
residual_Displacement_3cycle_30mm,Residual_fraction_cycle1,26,0.6657509525479037,0.5788034188034188,0.44000000000000006,0.0,0.0,0.08694753374448494,0.5910174592677149,0.7131335213756823,0.07473349328018886,100.0,25.0,26,0.5261538461538462,0.6561538461538462,0.07735042735042741,100.0,18.0,26,"rango LOO rho [0.526, 0.656]; cambio máximo 0.077",Sin identidad directa predeclarada; evaluar dependencia por arquitectura y protocolo,"Asociación positiva en rangos; diferencia r−rho=0.087; valorar junto con soporte, empates y sensibilidad",Posensayo; excluido de INPUT; Amplitud nominal del nombre de columna; no deformación unitaria; LOO no es IC ni validación predictiva; no implica causalidad
residual_Displacement_3cycle_30mm,Residual_fraction_cycle2,26,0.8830430796134733,0.7531623931623932,0.6123076923076923,0.0,0.0,0.12988068645108009,0.8442444024802084,0.9181427506946314,0.0387986771332649,100.0,25.0,26,0.7223076923076923,0.83,0.07683760683760676,100.0,8.0,26,"rango LOO rho [0.722, 0.830]; cambio máximo 0.077",Sin identidad directa predeclarada; evaluar dependencia por arquitectura y protocolo,"Asociación positiva en rangos; diferencia r−rho=0.130; valorar junto con soporte, empates y sensibilidad",Posensayo; excluido de INPUT; Amplitud nominal del nombre de columna; no deformación unitaria; LOO no es IC ni validación predictiva; no implica causalidad
residual_Displacement_3cycle_30mm,Residual_fraction_cycle3,26,1.0,1.0,1.0,0.0,0.0,0.0,0.9999999999999998,1.0000000000000002,2.220446049250313e-16,100.0,4.0,26,1.0,1.0,0.0,100.0,1.0,26,"rango LOO rho [1.000, 1.000]; cambio máximo 0.000",Dependencia algebraica directa: una variable participa en la definición de la otra,"Asociación positiva en rangos; diferencia r−rho=0.000; valorar junto con soporte, empates y sensibilidad",Posensayo; excluido de INPUT; Amplitud nominal del nombre de columna; no deformación unitaria; LOO no es IC ni validación predictiva; no implica causalidad
residual_Displacement_3cycle_30mm,Residual_fraction_cycle4,26,0.8597222556538537,0.7825641025641026,0.6061538461538462,0.0,0.0,0.07715815308975116,0.8292839393939139,0.8762522709654175,0.030438316259939868,100.0,25.0,26,0.7553846153846154,0.8369230769230769,0.0543589743589743,100.0,5.0,26,"rango LOO rho [0.755, 0.837]; cambio máximo 0.054",Sin identidad directa predeclarada; evaluar dependencia por arquitectura y protocolo,"Asociación positiva en rangos; diferencia r−rho=0.077; valorar junto con soporte, empates y sensibilidad",Posensayo; excluido de INPUT; Amplitud nominal del nombre de columna; no deformación unitaria; LOO no es IC ni validación predictiva; no implica causalidad
residual_Displacement_3cycle_30mm,Residual_fraction_cycle5,26,0.7188126040643508,0.7016765241557148,0.5255079675749084,0.0,7.692307692307687,0.01713607990863597,0.6567229818306912,0.7447456648294749,0.06208962223365955,100.0,27.0,26,0.6643573947027094,0.7613551139756426,0.059678589819927796,100.0,1.0,26,"rango LOO rho [0.664, 0.761]; cambio máximo 0.060",Sin identidad directa predeclarada; evaluar dependencia por arquitectura y protocolo,"Asociación positiva en rangos; diferencia r−rho=0.017; valorar junto con soporte, empates y sensibilidad",Posensayo; excluido de INPUT; Amplitud nominal del nombre de columna; no deformación unitaria; LOO no es IC ni validación predictiva; no implica causalidad
residual_Displacement_3cycle_30mm,Residual_fraction_cycle6,20,0.6760172254328566,0.7057940297485251,0.5185257765656843,0.0,9.999999999999998,-0.029776804315668537,0.6052656702908626,0.7789640955591308,0.10294687012627424,100.0,4.0,20,0.6637403787268172,0.7682180309338162,0.06242400118529112,100.0,16.0,20,"rango LOO rho [0.664, 0.768]; cambio máximo 0.062",Sin identidad directa predeclarada; evaluar dependencia por arquitectura y protocolo,"Asociación positiva en rangos; diferencia r−rho=-0.030; valorar junto con soporte, empates y sensibilidad",Posensayo; excluido de INPUT; Amplitud nominal del nombre de columna; no deformación unitaria; LOO no es IC ni validación predictiva; no implica causalidad
residual_Displacement_3cycle_30mm,Recovery_complement_cycle6,20,-0.6760172254328566,-0.7057940297485251,-0.5185257765656843,0.0,9.999999999999998,0.029776804315668537,-0.7789640955591309,-0.6052656702908628,0.10294687012627435,100.0,4.0,20,-0.7682180309338162,-0.6637403787268172,0.06242400118529112,100.0,16.0,20,"rango LOO rho [-0.768, -0.664]; cambio máximo 0.062",Sin identidad directa predeclarada; evaluar dependencia por arquitectura y protocolo,"Asociación negativa en rangos; diferencia r−rho=0.030; valorar junto con soporte, empates y sensibilidad",Posensayo; excluido de INPUT; Proxy complemento nominal; requiere protocolo para interpretar recuperación elástica; LOO no es IC ni validación predictiva; no implica causalidad
residual_Displacement_4cycle_40mm,residual_Displacement_5cycle_50mm,26,0.9048872922029779,0.7666782499429335,0.5996973277031307,0.0,7.692307692307687,0.13820904226004438,0.8873721285887063,0.9257584840992864,0.020871191896308483,100.0,1.0,26,0.7374905957418257,0.8506546015602479,0.08397635161731432,100.0,1.0,26,"rango LOO rho [0.737, 0.851]; cambio máximo 0.084",Sin identidad directa predeclarada; evaluar dependencia por arquitectura y protocolo,"Asociación positiva en rangos; diferencia r−rho=0.138; valorar junto con soporte, empates y sensibilidad",Posensayo; excluido de INPUT; Posensayo; excluido de INPUT; LOO no es IC ni validación predictiva; no implica causalidad
residual_Displacement_4cycle_40mm,residual_Displacement_6cycle_60mm,20,0.8147514691652811,0.729872290891332,0.5502722526819507,0.0,9.999999999999998,0.08487917827394909,0.7789409698059475,0.835888105164333,0.03581049935933356,100.0,27.0,20,0.690079282644548,0.8103602772021855,0.08048798631085352,100.0,23.0,20,"rango LOO rho [0.690, 0.810]; cambio máximo 0.080",Sin identidad directa predeclarada; evaluar dependencia por arquitectura y protocolo,"Asociación positiva en rangos; diferencia r−rho=0.085; valorar junto con soporte, empates y sensibilidad",Posensayo; excluido de INPUT; Posensayo; excluido de INPUT; LOO no es IC ni validación predictiva; no implica causalidad
residual_Displacement_4cycle_40mm,Dissipated_cycle_1,26,-0.3244908381575825,-0.24444444444444444,-0.18153846153846157,0.0,0.0,-0.08004639371313807,-0.4103722367729939,-0.1724393498867008,0.15205148827088172,100.0,25.0,26,-0.3353846153846154,-0.15,0.09444444444444444,100.0,25.0,26,"rango LOO rho [-0.335, -0.150]; cambio máximo 0.094",Sin identidad directa predeclarada; evaluar dependencia por arquitectura y protocolo,"Asociación negativa en rangos; diferencia r−rho=-0.080; valorar junto con soporte, empates y sensibilidad",Posensayo; excluido de INPUT; Posensayo; unidad corroborada con tesis PDF pp.117/121 (docs/trazabilidad_datos.md); ausencia de energía no demuestra ausencia de evento/ciclo; LOO no es IC ni validación predictiva; no implica causalidad
residual_Displacement_4cycle_40mm,Dissipated_cycle_2,26,-0.020490617728051396,-0.11794871794871795,-0.07076923076923078,0.0,0.0,0.09745810022066655,-0.1268658175847001,0.08812341160558945,0.10861402933364085,73.07692307692307,25.0,26,-0.20846153846153845,-0.013076923076923076,0.10487179487179488,100.0,9.0,26,"rango LOO rho [-0.208, -0.013]; cambio máximo 0.105",Sin identidad directa predeclarada; evaluar dependencia por arquitectura y protocolo,"Asociación negativa en rangos; diferencia r−rho=0.097; valorar junto con soporte, empates y sensibilidad",Posensayo; excluido de INPUT; Posensayo; unidad corroborada con tesis PDF pp.117/121 (docs/trazabilidad_datos.md); ausencia de energía no demuestra ausencia de evento/ciclo; LOO no es IC ni validación predictiva; no implica causalidad
residual_Displacement_4cycle_40mm,Dissipated_cycle_3,26,-0.26985158974308804,-0.3100854700854701,-0.20615384615384616,0.0,0.0,0.04023388034238207,-0.36488716399490423,-0.12083728042486014,0.1490143093182279,100.0,25.0,26,-0.39076923076923076,-0.22384615384615383,0.08623931623931627,100.0,25.0,26,"rango LOO rho [-0.391, -0.224]; cambio máximo 0.086",Sin identidad directa predeclarada; evaluar dependencia por arquitectura y protocolo,"Asociación negativa en rangos; diferencia r−rho=0.040; valorar junto con soporte, empates y sensibilidad",Posensayo; excluido de INPUT; Posensayo; unidad corroborada con tesis PDF pp.117/121 (docs/trazabilidad_datos.md); ausencia de energía no demuestra ausencia de evento/ciclo; LOO no es IC ni validación predictiva; no implica causalidad
residual_Displacement_4cycle_40mm,Dissipated_cycle_4,26,-0.44770168729504783,-0.4543589743589744,-0.3476923076923077,0.0,0.0,0.0066572870639265425,-0.531914090215433,-0.3543135193149223,0.09338816798012556,100.0,25.0,26,-0.5446153846153846,-0.3861538461538462,0.09025641025641024,100.0,19.0,26,"rango LOO rho [-0.545, -0.386]; cambio máximo 0.090",Sin identidad directa predeclarada; evaluar dependencia por arquitectura y protocolo,"Asociación negativa en rangos; diferencia r−rho=0.007; valorar junto con soporte, empates y sensibilidad",Posensayo; excluido de INPUT; Posensayo; unidad corroborada con tesis PDF pp.117/121 (docs/trazabilidad_datos.md); ausencia de energía no demuestra ausencia de evento/ciclo; LOO no es IC ni validación predictiva; no implica causalidad
residual_Displacement_4cycle_40mm,Dissipated_cycle_5,26,-0.11312519374886316,-0.3770940170940171,-0.2676923076923077,0.0,0.0,0.2639688233451539,-0.40653671749017706,-0.07690405609530211,0.2934115237413139,100.0,5.0,26,-0.4653846153846154,-0.3007692307692308,0.08829059829059832,100.0,19.0,26,"rango LOO rho [-0.465, -0.301]; cambio máximo 0.088",Sin identidad directa predeclarada; evaluar dependencia por arquitectura y protocolo,"Asociación negativa en rangos; diferencia r−rho=0.264; valorar junto con soporte, empates y sensibilidad",Posensayo; excluido de INPUT; Posensayo; unidad corroborada con tesis PDF pp.117/121 (docs/trazabilidad_datos.md); ausencia de energía no demuestra ausencia de evento/ciclo; LOO no es IC ni validación predictiva; no implica causalidad
residual_Displacement_4cycle_40mm,Dissipated_cycle_6,20,-0.39178001265362694,-0.4105263157894737,-0.3157894736842105,0.0,0.0,0.018746303135846742,-0.4835016766747903,-0.32763499217694786,0.09172166402116338,100.0,10.0,20,-0.5298245614035086,-0.31403508771929817,0.11929824561403496,100.0,19.0,20,"rango LOO rho [-0.530, -0.314]; cambio máximo 0.119",Sin identidad directa predeclarada; evaluar dependencia por arquitectura y protocolo,"Asociación negativa en rangos; diferencia r−rho=0.019; valorar junto con soporte, empates y sensibilidad",Posensayo; excluido de INPUT; Posensayo; unidad corroborada con tesis PDF pp.117/121 (docs/trazabilidad_datos.md); ausencia de energía no demuestra ausencia de evento/ciclo; LOO no es IC ni validación predictiva; no implica causalidad
residual_Displacement_4cycle_40mm,Dissipated_cycle_7,7,-0.5287045524472783,-0.3214285714285714,-0.14285714285714288,0.0,0.0,-0.20727598101870692,-0.8074163963261232,-0.3274482916919903,0.27871184387884484,100.0,20.0,7,-0.4857142857142857,0.02857142857142857,0.35,71.42857142857143,25.0,7,"rango LOO rho [-0.486, 0.029]; cambio máximo 0.350",Sin identidad directa predeclarada; evaluar dependencia por arquitectura y protocolo,"Asociación negativa en rangos; diferencia r−rho=-0.207; valorar junto con soporte, empates y sensibilidad",Posensayo; excluido de INPUT; Posensayo; unidad corroborada con tesis PDF pp.117/121 (docs/trazabilidad_datos.md); ausencia de energía no demuestra ausencia de evento/ciclo; LOO no es IC ni validación predictiva; no implica causalidad
residual_Displacement_4cycle_40mm,Fracture_event_1,26,-0.166259658094111,-0.1794871794871795,-0.15692307692307692,0.0,0.0,0.013227521393068487,-0.24672955677267022,-0.07526066262367732,0.09099899547043368,100.0,25.0,26,-0.2592307692307692,-0.09461538461538462,0.08487179487179487,100.0,1.0,26,"rango LOO rho [-0.259, -0.095]; cambio máximo 0.085",Sin identidad directa predeclarada; evaluar dependencia por arquitectura y protocolo,"Asociación negativa en rangos; diferencia r−rho=0.013; valorar junto con soporte, empates y sensibilidad",Posensayo; excluido de INPUT; Posensayo; unidad corroborada con tesis PDF pp.117/121 (docs/trazabilidad_datos.md); ausencia de energía no demuestra ausencia de evento/ciclo; LOO no es IC ni validación predictiva; no implica causalidad
residual_Displacement_4cycle_40mm,Fracture_event_2,24,-0.3377308499420969,-0.42086956521739133,-0.2826086956521739,0.0,0.0,0.08313871527529443,-0.47418227377554556,-0.21192472920732908,0.13645142383344866,100.0,7.0,24,-0.5108695652173914,-0.35079051383399207,0.09000000000000002,100.0,5.0,24,"rango LOO rho [-0.511, -0.351]; cambio máximo 0.090",Sin identidad directa predeclarada; evaluar dependencia por arquitectura y protocolo,"Asociación negativa en rangos; diferencia r−rho=0.083; valorar junto con soporte, empates y sensibilidad",Posensayo; excluido de INPUT; Posensayo; unidad corroborada con tesis PDF pp.117/121 (docs/trazabilidad_datos.md); ausencia de energía no demuestra ausencia de evento/ciclo; LOO no es IC ni validación predictiva; no implica causalidad
residual_Displacement_4cycle_40mm,Fracture_event_3,22,0.06884702881230069,0.014116318464144552,-0.004329004329004329,0.0,0.0,0.05473071034815614,-0.01354060353820317,0.20528621056221072,0.13643918174991004,95.45454545454545,25.0,22,-0.05844155844155844,0.15844155844155844,0.1443252399774139,63.63636363636363,1.0,22,"rango LOO rho [-0.058, 0.158]; cambio máximo 0.144",Sin identidad directa predeclarada; evaluar dependencia por arquitectura y protocolo,"Asociación positiva en rangos; diferencia r−rho=0.055; valorar junto con soporte, empates y sensibilidad",Posensayo; excluido de INPUT; Posensayo; unidad corroborada con tesis PDF pp.117/121 (docs/trazabilidad_datos.md); ausencia de energía no demuestra ausencia de evento/ciclo; LOO no es IC ni validación predictiva; no implica causalidad
residual_Displacement_4cycle_40mm,Fracture_event_4,19,0.019247428536905805,-0.29298245614035084,-0.1695906432748538,0.0,0.0,0.31222988467725665,-0.06969582382971738,0.11164414689673713,0.09239671835983132,73.68421052631578,9.0,19,-0.44066047471620223,-0.19298245614035087,0.1476780185758514,100.0,4.0,19,"rango LOO rho [-0.441, -0.193]; cambio máximo 0.148",Sin identidad directa predeclarada; evaluar dependencia por arquitectura y protocolo,"Asociación negativa en rangos; diferencia r−rho=0.312; valorar junto con soporte, empates y sensibilidad",Posensayo; excluido de INPUT; Posensayo; unidad corroborada con tesis PDF pp.117/121 (docs/trazabilidad_datos.md); ausencia de energía no demuestra ausencia de evento/ciclo; LOO no es IC ni validación predictiva; no implica causalidad
residual_Displacement_4cycle_40mm,Fracture_event_5,17,0.12052106342973176,0.08088235294117649,0.0588235294117647,0.0,0.0,0.03963871048855527,-0.024135433266298415,0.2968180655975415,0.17629700216780972,94.11764705882352,24.0,17,-0.06764705882352941,0.2,0.1485294117647059,82.35294117647058,7.0,17,"rango LOO rho [-0.068, 0.200]; cambio máximo 0.149",Sin identidad directa predeclarada; evaluar dependencia por arquitectura y protocolo,"Asociación positiva en rangos; diferencia r−rho=0.040; valorar junto con soporte, empates y sensibilidad",Posensayo; excluido de INPUT; Posensayo; unidad corroborada con tesis PDF pp.117/121 (docs/trazabilidad_datos.md); ausencia de energía no demuestra ausencia de evento/ciclo; LOO no es IC ni validación predictiva; no implica causalidad
residual_Displacement_4cycle_40mm,Fracture_event_6,7,-0.41422006203147943,-0.2857142857142857,-0.14285714285714288,0.0,0.0,-0.12850577631719373,-0.6714011765010056,-0.002030141076585904,0.41218992095489354,100.0,4.0,7,-0.5428571428571428,0.02857142857142857,0.3142857142857143,85.71428571428571,4.0,7,"rango LOO rho [-0.543, 0.029]; cambio máximo 0.314",Sin identidad directa predeclarada; evaluar dependencia por arquitectura y protocolo,"Asociación negativa en rangos; diferencia r−rho=-0.129; valorar junto con soporte, empates y sensibilidad",Posensayo; excluido de INPUT; Posensayo; unidad corroborada con tesis PDF pp.117/121 (docs/trazabilidad_datos.md); ausencia de energía no demuestra ausencia de evento/ciclo; LOO no es IC ni validación predictiva; no implica causalidad
residual_Displacement_4cycle_40mm,Fracture_event_7,6,-0.28997321045188995,-0.08571428571428572,-0.06666666666666665,0.0,0.0,-0.20425892473760424,-0.7306053147538593,0.5764754283070084,0.8664486387588983,83.33333333333334,7.0,6,-0.3999999999999999,0.5999999999999999,0.6857142857142856,83.33333333333334,7.0,6,"rango LOO rho [-0.400, 0.600]; cambio máximo 0.686",Sin identidad directa predeclarada; evaluar dependencia por arquitectura y protocolo,"Asociación negativa en rangos; diferencia r−rho=-0.204; valorar junto con soporte, empates y sensibilidad",Posensayo; excluido de INPUT; Posensayo; unidad corroborada con tesis PDF pp.117/121 (docs/trazabilidad_datos.md); ausencia de energía no demuestra ausencia de evento/ciclo; LOO no es IC ni validación predictiva; no implica causalidad
residual_Displacement_4cycle_40mm,Fracture_event_8,4,-0.16233383506226115,0.3999999999999999,0.3333333333333334,0.0,0.0,-0.5623338350622611,-0.9518858341161888,0.9944078070285775,1.1567416420908385,75.0,4.0,4,-0.4999999999999999,0.9999999999999998,0.8999999999999998,75.0,7.0,4,"rango LOO rho [-0.500, 1.000]; cambio máximo 0.900",Sin identidad directa predeclarada; evaluar dependencia por arquitectura y protocolo,"Asociación positiva en rangos; diferencia r−rho=-0.562; valorar junto con soporte, empates y sensibilidad",Posensayo; excluido de INPUT; Posensayo; unidad corroborada con tesis PDF pp.117/121 (docs/trazabilidad_datos.md); ausencia de energía no demuestra ausencia de evento/ciclo; LOO no es IC ni validación predictiva; no implica causalidad
residual_Displacement_4cycle_40mm,Fracture_event_9,2,,,,0.0,0.0,,,,,,,0,,,,,,0,No identificable: soporte insuficiente o variable constante,Sin identidad directa predeclarada; evaluar dependencia por arquitectura y protocolo,Asociación no identificable con la variación y disponibilidad observadas,Posensayo; excluido de INPUT; Posensayo; unidad corroborada con tesis PDF pp.117/121 (docs/trazabilidad_datos.md); ausencia de energía no demuestra ausencia de evento/ciclo; LOO no es IC ni validación predictiva; no implica causalidad
residual_Displacement_4cycle_40mm,Fracture_event_10,1,,,,0.0,0.0,,,,,,,0,,,,,,0,No identificable: soporte insuficiente o variable constante,Sin identidad directa predeclarada; evaluar dependencia por arquitectura y protocolo,Asociación no identificable con la variación y disponibilidad observadas,Posensayo; excluido de INPUT; Posensayo; unidad corroborada con tesis PDF pp.117/121 (docs/trazabilidad_datos.md); ausencia de energía no demuestra ausencia de evento/ciclo; LOO no es IC ni validación predictiva; no implica causalidad
residual_Displacement_4cycle_40mm,Fracture_event_11,1,,,,0.0,0.0,,,,,,,0,,,,,,0,No identificable: soporte insuficiente o variable constante,Sin identidad directa predeclarada; evaluar dependencia por arquitectura y protocolo,Asociación no identificable con la variación y disponibilidad observadas,Posensayo; excluido de INPUT; Posensayo; unidad corroborada con tesis PDF pp.117/121 (docs/trazabilidad_datos.md); ausencia de energía no demuestra ausencia de evento/ciclo; LOO no es IC ni validación predictiva; no implica causalidad
residual_Displacement_4cycle_40mm,Fracture_event_12,1,,,,0.0,0.0,,,,,,,0,,,,,,0,No identificable: soporte insuficiente o variable constante,Sin identidad directa predeclarada; evaluar dependencia por arquitectura y protocolo,Asociación no identificable con la variación y disponibilidad observadas,Posensayo; excluido de INPUT; Posensayo; unidad corroborada con tesis PDF pp.117/121 (docs/trazabilidad_datos.md); ausencia de energía no demuestra ausencia de evento/ciclo; LOO no es IC ni validación predictiva; no implica causalidad
residual_Displacement_4cycle_40mm,Fracture_event_13,1,,,,0.0,0.0,,,,,,,0,,,,,,0,No identificable: soporte insuficiente o variable constante,Sin identidad directa predeclarada; evaluar dependencia por arquitectura y protocolo,Asociación no identificable con la variación y disponibilidad observadas,Posensayo; excluido de INPUT; Posensayo; unidad corroborada con tesis PDF pp.117/121 (docs/trazabilidad_datos.md); ausencia de energía no demuestra ausencia de evento/ciclo; LOO no es IC ni validación predictiva; no implica causalidad
residual_Displacement_4cycle_40mm,Load_ratio_first_over_ultimate,26,-0.23736071592644525,-0.18017094017094018,-0.15692307692307692,0.0,0.0,-0.05718977575550507,-0.35864410237231537,-0.12225542510474027,0.12128338644587011,100.0,19.0,26,-0.2653846153846154,-0.10307692307692308,0.0852136752136752,100.0,19.0,26,"rango LOO rho [-0.265, -0.103]; cambio máximo 0.085",Sin identidad directa predeclarada; evaluar dependencia por arquitectura y protocolo,"Asociación negativa en rangos; diferencia r−rho=-0.057; valorar junto con soporte, empates y sensibilidad",Posensayo; excluido de INPUT; Cociente primera/rotura final; no factor de seguridad ni reserva de carga; LOO no es IC ni validación predictiva; no implica causalidad
residual_Displacement_4cycle_40mm,Load_per_specimen_volume,26,-0.15448037427334577,-0.12068376068376069,-0.10153846153846155,0.0,0.0,-0.03379661358958508,-0.248413136251356,-0.06742761733717664,0.09393276197801023,100.0,7.0,26,-0.1946153846153846,-0.018461538461538463,0.10222222222222223,100.0,1.0,26,"rango LOO rho [-0.195, -0.018]; cambio máximo 0.102",Sin identidad directa predeclarada; evaluar dependencia por arquitectura y protocolo,"Asociación negativa en rangos; diferencia r−rho=-0.034; valorar junto con soporte, empates y sensibilidad",Posensayo; excluido de INPUT; Índice descriptivo de carga por volumen; no esfuerzo ni resistencia material; LOO no es IC ni validación predictiva; no implica causalidad
residual_Displacement_4cycle_40mm,Load_per_pivot,26,-0.23093522844642636,-0.2294017094017094,-0.1630769230769231,0.0,0.0,-0.0015335190447169633,-0.29397347670311347,-0.16586680364382714,0.06506842480259922,100.0,1.0,26,-0.32384615384615384,-0.1453846153846154,0.09444444444444444,100.0,20.0,26,"rango LOO rho [-0.324, -0.145]; cambio máximo 0.094",Sin identidad directa predeclarada; evaluar dependencia por arquitectura y protocolo,"Asociación negativa en rangos; diferencia r−rho=-0.002; valorar junto con soporte, empates y sensibilidad",Posensayo; excluido de INPUT; No presupone reparto uniforme de cargas entre pivotes; LOO no es IC ni validación predictiva; no implica causalidad
residual_Displacement_4cycle_40mm,Load_per_cell_Y,26,-0.17749226035502888,-0.14735042735042736,-0.12615384615384617,0.0,0.0,-0.03014183300460152,-0.2614598978484232,-0.09896163613471579,0.08396763749339434,100.0,7.0,26,-0.22846153846153847,-0.05153846153846154,0.09581196581196583,100.0,1.0,26,"rango LOO rho [-0.228, -0.052]; cambio máximo 0.096",Sin identidad directa predeclarada; evaluar dependencia por arquitectura y protocolo,"Asociación negativa en rangos; diferencia r−rho=-0.030; valorar junto con soporte, empates y sensibilidad",Posensayo; excluido de INPUT; Normalización por conteo en Y; no fuerza medida en cada celda; LOO no es IC ni validación predictiva; no implica causalidad
residual_Displacement_4cycle_40mm,Fracture_observed_sum,26,-0.15429989817827974,-0.24786324786324787,-0.1876923076923077,0.0,0.0,0.09356334968496813,-0.2343107841976049,-0.05252980133094499,0.10177009684733476,100.0,25.0,26,-0.3230769230769231,-0.1576923076923077,0.09017094017094018,100.0,25.0,26,"rango LOO rho [-0.323, -0.158]; cambio máximo 0.090",Sin identidad directa predeclarada; evaluar dependencia por arquitectura y protocolo,"Asociación negativa en rangos; diferencia r−rho=0.094; valorar junto con soporte, empates y sensibilidad",Posensayo; excluido de INPUT; Suma observada de longitud variable; no energía total del ensayo; LOO no es IC ni validación predictiva; no implica causalidad
residual_Displacement_4cycle_40mm,Fracture_registered_events,26,-0.05467402428538124,0.2270270662128135,0.14798801467918873,0.0,61.53846153846154,-0.28170109049819475,-0.20396840595334456,0.25352364671337346,0.3081976709987547,92.3076923076923,7.0,26,0.13495163047986386,0.3503891099598617,0.12336204374704823,100.0,7.0,26,"rango LOO rho [0.135, 0.350]; cambio máximo 0.123",Sin identidad directa predeclarada; evaluar dependencia por arquitectura y protocolo,"Asociación positiva en rangos; diferencia r−rho=-0.282; valorar junto con soporte, empates y sensibilidad","Posensayo; excluido de INPUT; Disponibilidad de registro, no conteo verificado de todas las fracturas; LOO no es IC ni validación predictiva; no implica causalidad"
residual_Displacement_4cycle_40mm,Fracture_initial_share,26,-0.12433730240027734,-0.13369806999985284,-0.09245003270420486,0.0,3.8461538461538436,0.009360767599575506,-0.20462673650427793,0.06077030996813751,0.18510761236841483,96.15384615384616,27.0,26,-0.20350067697078988,-0.03461538461538462,0.09908268538446822,100.0,27.0,26,"rango LOO rho [-0.204, -0.035]; cambio máximo 0.099",Sin identidad directa predeclarada; evaluar dependencia por arquitectura y protocolo,"Asociación negativa en rangos; diferencia r−rho=0.009; valorar junto con soporte, empates y sensibilidad",Posensayo; excluido de INPUT; Comparte numerador y denominador con otras respuestas; sensible a cobertura de eventos; LOO no es IC ni validación predictiva; no implica causalidad
residual_Displacement_4cycle_40mm,Residual_fraction_cycle1,26,0.34038582946187734,0.2717948717948718,0.16923076923076924,0.0,0.0,0.06859095766700557,0.2151440409040212,0.44586492729086824,0.12524178855785614,100.0,25.0,26,0.18076923076923077,0.33384615384615385,0.09102564102564101,100.0,25.0,26,"rango LOO rho [0.181, 0.334]; cambio máximo 0.091",Sin identidad directa predeclarada; evaluar dependencia por arquitectura y protocolo,"Asociación positiva en rangos; diferencia r−rho=0.069; valorar junto con soporte, empates y sensibilidad",Posensayo; excluido de INPUT; Amplitud nominal del nombre de columna; no deformación unitaria; LOO no es IC ni validación predictiva; no implica causalidad
residual_Displacement_4cycle_40mm,Residual_fraction_cycle2,26,0.6216947507217051,0.5466666666666666,0.4030769230769231,0.0,0.0,0.07502808405503847,0.5271391356723372,0.7201826980795359,0.09848794735783084,100.0,8.0,26,0.49,0.6269230769230769,0.08025641025641028,100.0,8.0,26,"rango LOO rho [0.490, 0.627]; cambio máximo 0.080",Sin identidad directa predeclarada; evaluar dependencia por arquitectura y protocolo,"Asociación positiva en rangos; diferencia r−rho=0.075; valorar junto con soporte, empates y sensibilidad",Posensayo; excluido de INPUT; Amplitud nominal del nombre de columna; no deformación unitaria; LOO no es IC ni validación predictiva; no implica causalidad
residual_Displacement_4cycle_40mm,Residual_fraction_cycle3,26,0.8597222556538536,0.7825641025641026,0.6061538461538462,0.0,0.0,0.07715815308975105,0.8292839393939139,0.8762522709654175,0.030438316259939757,100.0,25.0,26,0.7553846153846154,0.8369230769230769,0.0543589743589743,100.0,5.0,26,"rango LOO rho [0.755, 0.837]; cambio máximo 0.054",Sin identidad directa predeclarada; evaluar dependencia por arquitectura y protocolo,"Asociación positiva en rangos; diferencia r−rho=0.077; valorar junto con soporte, empates y sensibilidad",Posensayo; excluido de INPUT; Amplitud nominal del nombre de columna; no deformación unitaria; LOO no es IC ni validación predictiva; no implica causalidad
residual_Displacement_4cycle_40mm,Residual_fraction_cycle4,26,0.9999999999999998,1.0,1.0,0.0,0.0,-2.220446049250313e-16,0.9999999999999998,1.0000000000000004,6.661338147750939e-16,100.0,17.0,26,1.0,1.0,0.0,100.0,1.0,26,"rango LOO rho [1.000, 1.000]; cambio máximo 0.000",Dependencia algebraica directa: una variable participa en la definición de la otra,"Asociación positiva en rangos; diferencia r−rho=-0.000; valorar junto con soporte, empates y sensibilidad",Posensayo; excluido de INPUT; Amplitud nominal del nombre de columna; no deformación unitaria; LOO no es IC ni validación predictiva; no implica causalidad
residual_Displacement_4cycle_40mm,Residual_fraction_cycle5,26,0.9048872922029779,0.7666782499429335,0.5996973277031307,0.0,7.692307692307687,0.13820904226004438,0.8873721285887064,0.9257584840992865,0.020871191896308594,100.0,1.0,26,0.7374905957418257,0.8506546015602479,0.08397635161731432,100.0,1.0,26,"rango LOO rho [0.737, 0.851]; cambio máximo 0.084",Sin identidad directa predeclarada; evaluar dependencia por arquitectura y protocolo,"Asociación positiva en rangos; diferencia r−rho=0.138; valorar junto con soporte, empates y sensibilidad",Posensayo; excluido de INPUT; Amplitud nominal del nombre de columna; no deformación unitaria; LOO no es IC ni validación predictiva; no implica causalidad
residual_Displacement_4cycle_40mm,Residual_fraction_cycle6,20,0.8147514691652811,0.729872290891332,0.5502722526819507,0.0,9.999999999999998,0.08487917827394909,0.7789409698059475,0.8358881051643332,0.03581049935933356,100.0,27.0,20,0.690079282644548,0.8103602772021855,0.08048798631085352,100.0,23.0,20,"rango LOO rho [0.690, 0.810]; cambio máximo 0.080",Sin identidad directa predeclarada; evaluar dependencia por arquitectura y protocolo,"Asociación positiva en rangos; diferencia r−rho=0.085; valorar junto con soporte, empates y sensibilidad",Posensayo; excluido de INPUT; Amplitud nominal del nombre de columna; no deformación unitaria; LOO no es IC ni validación predictiva; no implica causalidad
residual_Displacement_4cycle_40mm,Recovery_complement_cycle6,20,-0.8147514691652811,-0.729872290891332,-0.5502722526819507,0.0,9.999999999999998,-0.08487917827394909,-0.8358881051643329,-0.7789409698059476,0.03581049935933345,100.0,27.0,20,-0.8103602772021855,-0.690079282644548,0.08048798631085352,100.0,23.0,20,"rango LOO rho [-0.810, -0.690]; cambio máximo 0.080",Sin identidad directa predeclarada; evaluar dependencia por arquitectura y protocolo,"Asociación negativa en rangos; diferencia r−rho=-0.085; valorar junto con soporte, empates y sensibilidad",Posensayo; excluido de INPUT; Proxy complemento nominal; requiere protocolo para interpretar recuperación elástica; LOO no es IC ni validación predictiva; no implica causalidad
residual_Displacement_5cycle_50mm,residual_Displacement_6cycle_60mm,20,0.9510923752310911,0.9269030514300073,0.8106695490524097,9.999999999999998,9.999999999999998,0.02418932380108385,0.9289085075737592,0.9647892739435171,0.022183867657331935,100.0,4.0,20,0.9146881286170637,0.9512096182480652,0.024306566818057873,100.0,21.0,20,"rango LOO rho [0.915, 0.951]; cambio máximo 0.024",Sin identidad directa predeclarada; evaluar dependencia por arquitectura y protocolo,"Asociación positiva en rangos; diferencia r−rho=0.024; valorar junto con soporte, empates y sensibilidad",Posensayo; excluido de INPUT; Posensayo; excluido de INPUT; LOO no es IC ni validación predictiva; no implica causalidad
residual_Displacement_5cycle_50mm,Dissipated_cycle_1,26,-0.1435614879243697,-0.2719809052675735,-0.19165584699790775,7.692307692307687,0.0,0.1284194173432038,-0.2399418240226387,-0.043894675184983516,0.09966681273938618,100.0,25.0,26,-0.39107016976706416,-0.20939190192252255,0.11908926449949064,100.0,20.0,26,"rango LOO rho [-0.391, -0.209]; cambio máximo 0.119",Sin identidad directa predeclarada; evaluar dependencia por arquitectura y protocolo,"Asociación negativa en rangos; diferencia r−rho=0.128; valorar junto con soporte, empates y sensibilidad",Posensayo; excluido de INPUT; Posensayo; unidad corroborada con tesis PDF pp.117/121 (docs/trazabilidad_datos.md); ausencia de energía no demuestra ausencia de evento/ciclo; LOO no es IC ni validación predictiva; no implica causalidad
residual_Displacement_5cycle_50mm,Dissipated_cycle_2,26,0.1672622262718191,0.1755046596254908,0.12983138022438911,7.692307692307687,0.0,-0.008242433353671696,0.07092203366112056,0.2528008958500149,0.09634019261069855,100.0,19.0,26,0.09237878025993641,0.30177068218245895,0.12626602255696814,100.0,3.0,26,"rango LOO rho [0.092, 0.302]; cambio máximo 0.126",Sin identidad directa predeclarada; evaluar dependencia por arquitectura y protocolo,"Asociación positiva en rangos; diferencia r−rho=-0.008; valorar junto con soporte, empates y sensibilidad",Posensayo; excluido de INPUT; Posensayo; unidad corroborada con tesis PDF pp.117/121 (docs/trazabilidad_datos.md); ausencia de energía no demuestra ausencia de evento/ciclo; LOO no es IC ni validación predictiva; no implica causalidad
residual_Displacement_5cycle_50mm,Dissipated_cycle_3,26,-0.04482223789259636,0.014026688196189324,0.006182446677351863,7.692307692307687,0.0,-0.05884892608878568,-0.14073889933953473,0.05885696734863547,0.10367920524123184,84.61538461538461,25.0,26,-0.07390302420794913,0.13702852405223903,0.12300183585604971,65.38461538461539,3.0,26,"rango LOO rho [-0.074, 0.137]; cambio máximo 0.123",Sin identidad directa predeclarada; evaluar dependencia por arquitectura y protocolo,"Asociación positiva en rangos; diferencia r−rho=-0.059; valorar junto con soporte, empates y sensibilidad",Posensayo; excluido de INPUT; Posensayo; unidad corroborada con tesis PDF pp.117/121 (docs/trazabilidad_datos.md); ausencia de energía no demuestra ausencia de evento/ciclo; LOO no es IC ni validación predictiva; no implica causalidad
residual_Displacement_5cycle_50mm,Dissipated_cycle_4,26,-0.2150510581114587,-0.12897710853569208,-0.08655425348292609,7.692307692307687,0.0,-0.08607394957576661,-0.3126026219378452,-0.11965658215832302,0.09755156382638652,100.0,19.0,26,-0.23248659698750665,-0.023864518233816908,0.10511259030187517,100.0,3.0,26,"rango LOO rho [-0.232, -0.024]; cambio máximo 0.105",Sin identidad directa predeclarada; evaluar dependencia por arquitectura y protocolo,"Asociación negativa en rangos; diferencia r−rho=-0.086; valorar junto con soporte, empates y sensibilidad",Posensayo; excluido de INPUT; Posensayo; unidad corroborada con tesis PDF pp.117/121 (docs/trazabilidad_datos.md); ausencia de energía no demuestra ausencia de evento/ciclo; LOO no es IC ni validación predictiva; no implica causalidad
residual_Displacement_5cycle_50mm,Dissipated_cycle_5,26,-0.04906630491599197,-0.18439963262795234,-0.136013826901741,7.692307692307687,0.0,0.13533332771196038,-0.30672985711638723,-0.01118205543689355,0.2576635522003953,100.0,5.0,26,-0.29869138950712776,-0.08622019490927399,0.11429175687917542,100.0,19.0,26,"rango LOO rho [-0.299, -0.086]; cambio máximo 0.114",Sin identidad directa predeclarada; evaluar dependencia por arquitectura y protocolo,"Asociación negativa en rangos; diferencia r−rho=0.135; valorar junto con soporte, empates y sensibilidad",Posensayo; excluido de INPUT; Posensayo; unidad corroborada con tesis PDF pp.117/121 (docs/trazabilidad_datos.md); ausencia de energía no demuestra ausencia de evento/ciclo; LOO no es IC ni validación predictiva; no implica causalidad
residual_Displacement_5cycle_50mm,Dissipated_cycle_6,20,-0.34293844277191315,-0.28765092862159297,-0.2069031026651974,9.999999999999998,0.0,-0.05528751415032018,-0.44334041614945574,-0.23117709211231244,0.11176135065960072,100.0,4.0,20,-0.43936798961012735,-0.17750466780249147,0.15171706098853438,100.0,19.0,20,"rango LOO rho [-0.439, -0.178]; cambio máximo 0.152",Sin identidad directa predeclarada; evaluar dependencia por arquitectura y protocolo,"Asociación negativa en rangos; diferencia r−rho=-0.055; valorar junto con soporte, empates y sensibilidad",Posensayo; excluido de INPUT; Posensayo; unidad corroborada con tesis PDF pp.117/121 (docs/trazabilidad_datos.md); ausencia de energía no demuestra ausencia de evento/ciclo; LOO no es IC ni validación predictiva; no implica causalidad
residual_Displacement_5cycle_50mm,Dissipated_cycle_7,7,-0.49911271281993685,-0.3928571428571428,-0.23809523809523814,0.0,0.0,-0.10625556996279406,-0.7963769007656224,-0.17648177939819332,0.32263093342174354,100.0,27.0,7,-0.6,-0.02857142857142857,0.3642857142857142,100.0,25.0,7,"rango LOO rho [-0.600, -0.029]; cambio máximo 0.364",Sin identidad directa predeclarada; evaluar dependencia por arquitectura y protocolo,"Asociación negativa en rangos; diferencia r−rho=-0.106; valorar junto con soporte, empates y sensibilidad",Posensayo; excluido de INPUT; Posensayo; unidad corroborada con tesis PDF pp.117/121 (docs/trazabilidad_datos.md); ausencia de energía no demuestra ausencia de evento/ciclo; LOO no es IC ni validación predictiva; no implica causalidad
residual_Displacement_5cycle_50mm,Fracture_event_1,26,0.0743217187986485,0.14881974061810624,0.08037180680557422,7.692307692307687,0.0,-0.07449802181945774,0.005835338679051211,0.1805378096116643,0.10621609081301579,100.0,27.0,26,0.0669746156884539,0.22093924945501459,0.08184512492965233,100.0,20.0,26,"rango LOO rho [0.067, 0.221]; cambio máximo 0.082",Sin identidad directa predeclarada; evaluar dependencia por arquitectura y protocolo,"Asociación positiva en rangos; diferencia r−rho=-0.074; valorar junto con soporte, empates y sensibilidad",Posensayo; excluido de INPUT; Posensayo; unidad corroborada con tesis PDF pp.117/121 (docs/trazabilidad_datos.md); ausencia de energía no demuestra ausencia de evento/ciclo; LOO no es IC ni validación predictiva; no implica causalidad
residual_Displacement_5cycle_50mm,Fracture_event_2,24,-0.12553175758444157,-0.11306806094644033,-0.04718701056164079,4.1666666666666625,0.0,-0.012463696638001245,-0.23642079180736134,-0.03380840103289243,0.11088903422291976,100.0,7.0,24,-0.18779343296307416,-0.03904126632653384,0.07472537201663383,100.0,7.0,24,"rango LOO rho [-0.188, -0.039]; cambio máximo 0.075",Sin identidad directa predeclarada; evaluar dependencia por arquitectura y protocolo,"Asociación negativa en rangos; diferencia r−rho=-0.012; valorar junto con soporte, empates y sensibilidad",Posensayo; excluido de INPUT; Posensayo; unidad corroborada con tesis PDF pp.117/121 (docs/trazabilidad_datos.md); ausencia de energía no demuestra ausencia de evento/ciclo; LOO no es IC ni validación predictiva; no implica causalidad
residual_Displacement_5cycle_50mm,Fracture_event_3,22,0.1587217081445412,0.25014116318464147,0.16017316017316016,0.0,0.0,-0.09141945504010027,0.08752595231687438,0.23527877467593983,0.07655706653139863,100.0,25.0,22,0.18831168831168832,0.35194805194805195,0.10180688876341049,100.0,25.0,22,"rango LOO rho [0.188, 0.352]; cambio máximo 0.102",Sin identidad directa predeclarada; evaluar dependencia por arquitectura y protocolo,"Asociación positiva en rangos; diferencia r−rho=-0.091; valorar junto con soporte, empates y sensibilidad",Posensayo; excluido de INPUT; Posensayo; unidad corroborada con tesis PDF pp.117/121 (docs/trazabilidad_datos.md); ausencia de energía no demuestra ausencia de evento/ciclo; LOO no es IC ni validación predictiva; no implica causalidad
residual_Displacement_5cycle_50mm,Fracture_event_4,19,0.07531652710094887,-0.03859649122807017,-0.017543859649122806,0.0,0.0,0.11391301832901904,-0.04826539023959179,0.2228294977364276,0.14751297063547875,94.73684210526315,19.0,19,-0.15789473684210525,0.11661506707946336,0.15521155830753353,78.94736842105263,19.0,19,"rango LOO rho [-0.158, 0.117]; cambio máximo 0.155",Sin identidad directa predeclarada; evaluar dependencia por arquitectura y protocolo,"Asociación negativa en rangos; diferencia r−rho=0.114; valorar junto con soporte, empates y sensibilidad",Posensayo; excluido de INPUT; Posensayo; unidad corroborada con tesis PDF pp.117/121 (docs/trazabilidad_datos.md); ausencia de energía no demuestra ausencia de evento/ciclo; LOO no es IC ni validación predictiva; no implica causalidad
residual_Displacement_5cycle_50mm,Fracture_event_5,17,0.1698017370328017,-0.0465686274509804,-0.02941176470588235,0.0,0.0,0.21637036448378208,0.050621820192259956,0.26059841889321494,0.11917991684054173,100.0,4.0,17,-0.2088235294117647,0.1323529411764706,0.17892156862745098,76.47058823529412,19.0,17,"rango LOO rho [-0.209, 0.132]; cambio máximo 0.179",Sin identidad directa predeclarada; evaluar dependencia por arquitectura y protocolo,"Asociación negativa en rangos; diferencia r−rho=0.216; valorar junto con soporte, empates y sensibilidad",Posensayo; excluido de INPUT; Posensayo; unidad corroborada con tesis PDF pp.117/121 (docs/trazabilidad_datos.md); ausencia de energía no demuestra ausencia de evento/ciclo; LOO no es IC ni validación predictiva; no implica causalidad
residual_Displacement_5cycle_50mm,Fracture_event_6,7,-0.5316619709658834,-0.21428571428571425,-0.14285714285714288,0.0,0.0,-0.31737625668016917,-0.7651300389342434,0.06799644460059404,0.5996584155664775,85.71428571428571,4.0,7,-0.4857142857142857,0.2571428571428571,0.47142857142857136,71.42857142857143,4.0,7,"rango LOO rho [-0.486, 0.257]; cambio máximo 0.471",Sin identidad directa predeclarada; evaluar dependencia por arquitectura y protocolo,"Asociación negativa en rangos; diferencia r−rho=-0.317; valorar junto con soporte, empates y sensibilidad",Posensayo; excluido de INPUT; Posensayo; unidad corroborada con tesis PDF pp.117/121 (docs/trazabilidad_datos.md); ausencia de energía no demuestra ausencia de evento/ciclo; LOO no es IC ni validación predictiva; no implica causalidad
residual_Displacement_5cycle_50mm,Fracture_event_7,6,-0.22013528785616007,-0.08571428571428572,-0.2,0.0,0.0,-0.13442100214187436,-0.8891816188638704,0.36529589490064324,0.6690463310077103,83.33333333333334,4.0,6,-0.8999999999999998,0.09999999999999998,0.8142857142857141,16.666666666666664,4.0,6,"rango LOO rho [-0.900, 0.100]; cambio máximo 0.814",Sin identidad directa predeclarada; evaluar dependencia por arquitectura y protocolo,"Asociación negativa en rangos; diferencia r−rho=-0.134; valorar junto con soporte, empates y sensibilidad",Posensayo; excluido de INPUT; Posensayo; unidad corroborada con tesis PDF pp.117/121 (docs/trazabilidad_datos.md); ausencia de energía no demuestra ausencia de evento/ciclo; LOO no es IC ni validación predictiva; no implica causalidad
residual_Displacement_5cycle_50mm,Fracture_event_8,4,-0.4382843858136333,-0.3999999999999999,-0.3333333333333334,0.0,0.0,-0.038284385813633415,-0.9937341546314967,0.8731113465157577,1.311395732329391,75.0,4.0,4,-0.9999999999999998,0.4999999999999999,0.8999999999999998,75.0,4.0,4,"rango LOO rho [-1.000, 0.500]; cambio máximo 0.900",Sin identidad directa predeclarada; evaluar dependencia por arquitectura y protocolo,"Asociación negativa en rangos; diferencia r−rho=-0.038; valorar junto con soporte, empates y sensibilidad",Posensayo; excluido de INPUT; Posensayo; unidad corroborada con tesis PDF pp.117/121 (docs/trazabilidad_datos.md); ausencia de energía no demuestra ausencia de evento/ciclo; LOO no es IC ni validación predictiva; no implica causalidad
residual_Displacement_5cycle_50mm,Fracture_event_9,2,,,,0.0,0.0,,,,,,,0,,,,,,0,No identificable: soporte insuficiente o variable constante,Sin identidad directa predeclarada; evaluar dependencia por arquitectura y protocolo,Asociación no identificable con la variación y disponibilidad observadas,Posensayo; excluido de INPUT; Posensayo; unidad corroborada con tesis PDF pp.117/121 (docs/trazabilidad_datos.md); ausencia de energía no demuestra ausencia de evento/ciclo; LOO no es IC ni validación predictiva; no implica causalidad
residual_Displacement_5cycle_50mm,Fracture_event_10,1,,,,0.0,0.0,,,,,,,0,,,,,,0,No identificable: soporte insuficiente o variable constante,Sin identidad directa predeclarada; evaluar dependencia por arquitectura y protocolo,Asociación no identificable con la variación y disponibilidad observadas,Posensayo; excluido de INPUT; Posensayo; unidad corroborada con tesis PDF pp.117/121 (docs/trazabilidad_datos.md); ausencia de energía no demuestra ausencia de evento/ciclo; LOO no es IC ni validación predictiva; no implica causalidad
residual_Displacement_5cycle_50mm,Fracture_event_11,1,,,,0.0,0.0,,,,,,,0,,,,,,0,No identificable: soporte insuficiente o variable constante,Sin identidad directa predeclarada; evaluar dependencia por arquitectura y protocolo,Asociación no identificable con la variación y disponibilidad observadas,Posensayo; excluido de INPUT; Posensayo; unidad corroborada con tesis PDF pp.117/121 (docs/trazabilidad_datos.md); ausencia de energía no demuestra ausencia de evento/ciclo; LOO no es IC ni validación predictiva; no implica causalidad
residual_Displacement_5cycle_50mm,Fracture_event_12,1,,,,0.0,0.0,,,,,,,0,,,,,,0,No identificable: soporte insuficiente o variable constante,Sin identidad directa predeclarada; evaluar dependencia por arquitectura y protocolo,Asociación no identificable con la variación y disponibilidad observadas,Posensayo; excluido de INPUT; Posensayo; unidad corroborada con tesis PDF pp.117/121 (docs/trazabilidad_datos.md); ausencia de energía no demuestra ausencia de evento/ciclo; LOO no es IC ni validación predictiva; no implica causalidad
residual_Displacement_5cycle_50mm,Fracture_event_13,1,,,,0.0,0.0,,,,,,,0,,,,,,0,No identificable: soporte insuficiente o variable constante,Sin identidad directa predeclarada; evaluar dependencia por arquitectura y protocolo,Asociación no identificable con la variación y disponibilidad observadas,Posensayo; excluido de INPUT; Posensayo; unidad corroborada con tesis PDF pp.117/121 (docs/trazabilidad_datos.md); ausencia de energía no demuestra ausencia de evento/ciclo; LOO no es IC ni validación predictiva; no implica causalidad
residual_Displacement_5cycle_50mm,Load_ratio_first_over_ultimate,26,-0.10480896853208686,0.02360588989114789,-0.012364893354703727,7.692307692307687,0.0,-0.12841485842323475,-0.24944353717138745,0.0328152496153277,0.14463456863930058,96.15384615384616,19.0,26,-0.07621249371444755,0.11162435948075651,0.09981838360559545,73.07692307692307,19.0,26,"rango LOO rho [-0.076, 0.112]; cambio máximo 0.100",Sin identidad directa predeclarada; evaluar dependencia por arquitectura y protocolo,"Asociación positiva en rangos; diferencia r−rho=-0.128; valorar junto con soporte, empates y sensibilidad",Posensayo; excluido de INPUT; Cociente primera/rotura final; no factor de seguridad ni reserva de carga; LOO no es IC ni validación predictiva; no implica causalidad
residual_Displacement_5cycle_50mm,Load_per_specimen_volume,26,0.10625827086377755,0.20697917948035466,0.12364893354703727,7.692307692307687,0.0,-0.1007209086165771,0.0379115614951533,0.21790525103568337,0.11164698017190582,100.0,27.0,26,0.13010011553274378,0.28175527979280607,0.07687906394761088,100.0,19.0,26,"rango LOO rho [0.130, 0.282]; cambio máximo 0.077",Sin identidad directa predeclarada; evaluar dependencia por arquitectura y protocolo,"Asociación positiva en rangos; diferencia r−rho=-0.101; valorar junto con soporte, empates y sensibilidad",Posensayo; excluido de INPUT; Índice descriptivo de carga por volumen; no esfuerzo ni resistencia material; LOO no es IC ni validación predictiva; no implica causalidad
residual_Displacement_5cycle_50mm,Load_per_pivot,26,-0.038756034763522074,0.02839549073862717,0.024729786709407453,7.692307692307687,0.0,-0.06715152550214924,-0.10950880537098596,0.026594939645327567,0.07075277060746389,88.46153846153845,20.0,26,-0.07544267054561474,0.07698231688328035,0.1038381612842419,76.92307692307693,19.0,26,"rango LOO rho [-0.075, 0.077]; cambio máximo 0.104",Sin identidad directa predeclarada; evaluar dependencia por arquitectura y protocolo,"Asociación positiva en rangos; diferencia r−rho=-0.067; valorar junto con soporte, empates y sensibilidad",Posensayo; excluido de INPUT; No presupone reparto uniforme de cargas entre pivotes; LOO no es IC ni validación predictiva; no implica causalidad
residual_Displacement_5cycle_50mm,Load_per_cell_Y,26,0.0703931255211278,0.13718785284565657,0.09891914683762981,7.692307692307687,0.0,-0.06679472732452878,0.001942447207390505,0.16949120627588077,0.09909808075475297,100.0,27.0,26,0.04849885963646662,0.1993842007276961,0.08868899320918995,100.0,19.0,26,"rango LOO rho [0.048, 0.199]; cambio máximo 0.089",Sin identidad directa predeclarada; evaluar dependencia por arquitectura y protocolo,"Asociación positiva en rangos; diferencia r−rho=-0.067; valorar junto con soporte, empates y sensibilidad",Posensayo; excluido de INPUT; Normalización por conteo en Y; no fuerza medida en cada celda; LOO no es IC ni validación predictiva; no implica causalidad
residual_Displacement_5cycle_50mm,Fracture_observed_sum,26,0.04626597148342395,0.022237432506153808,-0.012364893354703727,7.692307692307687,0.0,0.024028538977270142,-0.021157068617984647,0.11542940355476472,0.06916343207134076,92.3076923076923,25.0,26,-0.05542726815596185,0.10161665828593006,0.07937922577977624,76.92307692307693,25.0,26,"rango LOO rho [-0.055, 0.102]; cambio máximo 0.079",Sin identidad directa predeclarada; evaluar dependencia por arquitectura y protocolo,"Asociación positiva en rangos; diferencia r−rho=0.024; valorar junto con soporte, empates y sensibilidad",Posensayo; excluido de INPUT; Suma observada de longitud variable; no energía total del ensayo; LOO no es IC ni validación predictiva; no implica causalidad
residual_Displacement_5cycle_50mm,Fracture_registered_events,26,-0.24182998407208883,-0.04197936720013943,-0.030410959411371067,7.692307692307687,61.53846153846154,-0.1998506168719494,-0.4212738994565234,-0.0005581639983382274,0.24127182007375061,100.0,7.0,26,-0.15138971255660824,0.08049216839871541,0.12247153559885485,84.61538461538461,4.0,26,"rango LOO rho [-0.151, 0.080]; cambio máximo 0.122",Sin identidad directa predeclarada; evaluar dependencia por arquitectura y protocolo,"Asociación negativa en rangos; diferencia r−rho=-0.200; valorar junto con soporte, empates y sensibilidad","Posensayo; excluido de INPUT; Disponibilidad de registro, no conteo verificado de todas las fracturas; LOO no es IC ni validación predictiva; no implica causalidad"
residual_Displacement_5cycle_50mm,Fracture_initial_share,26,0.057854458605087124,0.10846879101948881,0.07120777160685063,7.692307692307687,3.8461538461538436,-0.050614332414401685,-0.038859667256566116,0.2854981091581974,0.22764365055311028,88.46153846153845,27.0,26,0.027718965160857586,0.2240185421303458,0.115549751110857,100.0,27.0,26,"rango LOO rho [0.028, 0.224]; cambio máximo 0.116",Sin identidad directa predeclarada; evaluar dependencia por arquitectura y protocolo,"Asociación positiva en rangos; diferencia r−rho=-0.051; valorar junto con soporte, empates y sensibilidad",Posensayo; excluido de INPUT; Comparte numerador y denominador con otras respuestas; sensible a cobertura de eventos; LOO no es IC ni validación predictiva; no implica causalidad
residual_Displacement_5cycle_50mm,Residual_fraction_cycle1,26,0.1748546115521657,0.10639756168328976,0.0680069134508705,7.692307692307687,0.0,0.06845704986887594,0.09282816499265094,0.2724329815451383,0.09757836999297259,100.0,8.0,26,-0.001539646337665607,0.1778291520003776,0.10793720802095537,96.15384615384616,3.0,26,"rango LOO rho [-0.002, 0.178]; cambio máximo 0.108",Sin identidad directa predeclarada; evaluar dependencia por arquitectura y protocolo,"Asociación positiva en rangos; diferencia r−rho=0.068; valorar junto con soporte, empates y sensibilidad",Posensayo; excluido de INPUT; Amplitud nominal del nombre de columna; no deformación unitaria; LOO no es IC ni validación predictiva; no implica causalidad
residual_Displacement_5cycle_50mm,Residual_fraction_cycle2,26,0.41387596050609404,0.31440308420239,0.20402074035261147,7.692307692307687,0.0,0.09947287630370405,0.31186870281760054,0.5037030350059144,0.1020072576884935,100.0,27.0,26,0.23248659698750665,0.38876070026056575,0.08191648721488334,100.0,3.0,26,"rango LOO rho [0.232, 0.389]; cambio máximo 0.082",Sin identidad directa predeclarada; evaluar dependencia por arquitectura y protocolo,"Asociación positiva en rangos; diferencia r−rho=0.099; valorar junto con soporte, empates y sensibilidad",Posensayo; excluido de INPUT; Amplitud nominal del nombre de columna; no deformación unitaria; LOO no es IC ni validación predictiva; no implica causalidad
residual_Displacement_5cycle_50mm,Residual_fraction_cycle3,26,0.7188126040643509,0.7016765241557148,0.5255079675749084,7.692307692307687,0.0,0.01713607990863608,0.6567229818306913,0.7447456648294749,0.06208962223365955,100.0,27.0,26,0.6643573947027094,0.7613551139756426,0.059678589819927796,100.0,1.0,26,"rango LOO rho [0.664, 0.761]; cambio máximo 0.060",Sin identidad directa predeclarada; evaluar dependencia por arquitectura y protocolo,"Asociación positiva en rangos; diferencia r−rho=0.017; valorar junto con soporte, empates y sensibilidad",Posensayo; excluido de INPUT; Amplitud nominal del nombre de columna; no deformación unitaria; LOO no es IC ni validación predictiva; no implica causalidad
residual_Displacement_5cycle_50mm,Residual_fraction_cycle4,26,0.9048872922029778,0.7666782499429335,0.5996973277031307,7.692307692307687,0.0,0.13820904226004427,0.8873721285887061,0.9257584840992863,0.020871191896308483,100.0,1.0,26,0.7374905957418257,0.8506546015602479,0.08397635161731432,100.0,1.0,26,"rango LOO rho [0.737, 0.851]; cambio máximo 0.084",Sin identidad directa predeclarada; evaluar dependencia por arquitectura y protocolo,"Asociación positiva en rangos; diferencia r−rho=0.138; valorar junto con soporte, empates y sensibilidad",Posensayo; excluido de INPUT; Amplitud nominal del nombre de columna; no deformación unitaria; LOO no es IC ni validación predictiva; no implica causalidad
residual_Displacement_5cycle_50mm,Residual_fraction_cycle5,26,1.0,0.9999999999999999,0.9999999999999998,7.692307692307687,7.692307692307687,1.1102230246251565e-16,0.9999999999999997,1.0000000000000004,4.440892098500626e-16,100.0,24.0,26,0.9999999999999998,1.0,1.1102230246251565e-16,100.0,1.0,26,"rango LOO rho [1.000, 1.000]; cambio máximo 0.000",Dependencia algebraica directa: una variable participa en la definición de la otra,"Asociación positiva en rangos; diferencia r−rho=0.000; valorar junto con soporte, empates y sensibilidad",Posensayo; excluido de INPUT; Amplitud nominal del nombre de columna; no deformación unitaria; LOO no es IC ni validación predictiva; no implica causalidad
residual_Displacement_5cycle_50mm,Residual_fraction_cycle6,20,0.9510923752310914,0.9269030514300073,0.8106695490524097,9.999999999999998,9.999999999999998,0.024189323801084073,0.9289085075737592,0.9647892739435173,0.022183867657332157,100.0,4.0,20,0.9146881286170637,0.9512096182480652,0.024306566818057873,100.0,21.0,20,"rango LOO rho [0.915, 0.951]; cambio máximo 0.024",Sin identidad directa predeclarada; evaluar dependencia por arquitectura y protocolo,"Asociación positiva en rangos; diferencia r−rho=0.024; valorar junto con soporte, empates y sensibilidad",Posensayo; excluido de INPUT; Amplitud nominal del nombre de columna; no deformación unitaria; LOO no es IC ni validación predictiva; no implica causalidad
residual_Displacement_5cycle_50mm,Recovery_complement_cycle6,20,-0.9510923752310911,-0.9269030514300073,-0.8106695490524097,9.999999999999998,9.999999999999998,-0.02418932380108385,-0.964789273943517,-0.9289085075737593,0.022183867657331824,100.0,4.0,20,-0.9512096182480652,-0.9146881286170637,0.024306566818057873,100.0,21.0,20,"rango LOO rho [-0.951, -0.915]; cambio máximo 0.024",Sin identidad directa predeclarada; evaluar dependencia por arquitectura y protocolo,"Asociación negativa en rangos; diferencia r−rho=-0.024; valorar junto con soporte, empates y sensibilidad",Posensayo; excluido de INPUT; Proxy complemento nominal; requiere protocolo para interpretar recuperación elástica; LOO no es IC ni validación predictiva; no implica causalidad
residual_Displacement_6cycle_60mm,Dissipated_cycle_1,20,0.023360887563214885,-0.06997744644628234,-0.07407511093795491,9.999999999999998,0.0,0.09333833400949723,-0.09627982902566794,0.20562031218857776,0.18225942462536288,70.0,25.0,20,-0.208955304413998,0.046532063587991154,0.13897785796771567,85.0,20.0,20,"rango LOO rho [-0.209, 0.047]; cambio máximo 0.139",Sin identidad directa predeclarada; evaluar dependencia por arquitectura y protocolo,"Asociación negativa en rangos; diferencia r−rho=0.093; valorar junto con soporte, empates y sensibilidad",Posensayo; excluido de INPUT; Posensayo; unidad corroborada con tesis PDF pp.117/121 (docs/trazabilidad_datos.md); ausencia de energía no demuestra ausencia de evento/ciclo; LOO no es IC ni validación predictiva; no implica causalidad
residual_Displacement_6cycle_60mm,Dissipated_cycle_2,20,-0.027178043314581218,0.09480815324980188,0.07407511093795491,9.999999999999998,0.0,-0.1219861965643831,-0.15150687565014942,0.050219734636361715,0.1243288323355682,75.0,19.0,20,-0.024582976989882117,0.19929770631083002,0.11939113023968399,90.0,19.0,20,"rango LOO rho [-0.025, 0.199]; cambio máximo 0.119",Sin identidad directa predeclarada; evaluar dependencia por arquitectura y protocolo,"Asociación positiva en rangos; diferencia r−rho=-0.122; valorar junto con soporte, empates y sensibilidad",Posensayo; excluido de INPUT; Posensayo; unidad corroborada con tesis PDF pp.117/121 (docs/trazabilidad_datos.md); ausencia de energía no demuestra ausencia de evento/ciclo; LOO no es IC ni validación predictiva; no implica causalidad
residual_Displacement_6cycle_60mm,Dissipated_cycle_3,20,-0.14549093406780844,-0.032355163410646676,0.0,9.999999999999998,0.0,-0.11313577065716177,-0.23956691699343083,-0.018192981611094936,0.1272979524567135,100.0,25.0,20,-0.1615452773620825,0.10096579835130155,0.13332096176194824,75.0,25.0,20,"rango LOO rho [-0.162, 0.101]; cambio máximo 0.133",Sin identidad directa predeclarada; evaluar dependencia por arquitectura y protocolo,"Asociación negativa en rangos; diferencia r−rho=-0.113; valorar junto con soporte, empates y sensibilidad",Posensayo; excluido de INPUT; Posensayo; unidad corroborada con tesis PDF pp.117/121 (docs/trazabilidad_datos.md); ausencia de energía no demuestra ausencia de evento/ciclo; LOO no es IC ni validación predictiva; no implica causalidad
residual_Displacement_6cycle_60mm,Dissipated_cycle_4,20,-0.2675041713205581,-0.19563587178530548,-0.12698590446506552,9.999999999999998,0.0,-0.07186829953525262,-0.3588302664343178,-0.1747705815716107,0.09273358974894738,100.0,25.0,20,-0.33011426243555986,-0.08077263868104125,0.13447839065025438,100.0,19.0,20,"rango LOO rho [-0.330, -0.081]; cambio máximo 0.134",Sin identidad directa predeclarada; evaluar dependencia por arquitectura y protocolo,"Asociación negativa en rangos; diferencia r−rho=-0.072; valorar junto con soporte, empates y sensibilidad",Posensayo; excluido de INPUT; Posensayo; unidad corroborada con tesis PDF pp.117/121 (docs/trazabilidad_datos.md); ausencia de energía no demuestra ausencia de evento/ciclo; LOO no es IC ni validación predictiva; no implica causalidad
residual_Displacement_6cycle_60mm,Dissipated_cycle_5,20,-0.3768935348776194,-0.31978940580290316,-0.22222533281386467,9.999999999999998,0.0,-0.05710412907471624,-0.4737175522869975,-0.3023746710559741,0.09682401740937813,100.0,19.0,20,-0.4978052840451129,-0.24056198911527502,0.1780158782422097,100.0,19.0,20,"rango LOO rho [-0.498, -0.241]; cambio máximo 0.178",Sin identidad directa predeclarada; evaluar dependencia por arquitectura y protocolo,"Asociación negativa en rangos; diferencia r−rho=-0.057; valorar junto con soporte, empates y sensibilidad",Posensayo; excluido de INPUT; Posensayo; unidad corroborada con tesis PDF pp.117/121 (docs/trazabilidad_datos.md); ausencia de energía no demuestra ausencia de evento/ciclo; LOO no es IC ni validación predictiva; no implica causalidad
residual_Displacement_6cycle_60mm,Dissipated_cycle_6,20,-0.42255469319574235,-0.30097826428508534,-0.20106101540302043,9.999999999999998,0.0,-0.12157642891065701,-0.512453625604557,-0.33036904928374966,0.09218564391199269,100.0,4.0,20,-0.45302914738497047,-0.20368752363045184,0.15205088309988513,100.0,19.0,20,"rango LOO rho [-0.453, -0.204]; cambio máximo 0.152",Sin identidad directa predeclarada; evaluar dependencia por arquitectura y protocolo,"Asociación negativa en rangos; diferencia r−rho=-0.122; valorar junto con soporte, empates y sensibilidad",Posensayo; excluido de INPUT; Posensayo; unidad corroborada con tesis PDF pp.117/121 (docs/trazabilidad_datos.md); ausencia de energía no demuestra ausencia de evento/ciclo; LOO no es IC ni validación predictiva; no implica causalidad
residual_Displacement_6cycle_60mm,Dissipated_cycle_7,7,-0.5246638458615589,-0.3928571428571428,-0.23809523809523814,0.0,0.0,-0.1318067030044161,-0.7594529205428298,-0.2802699413140495,0.24439390454750942,100.0,27.0,7,-0.6,-0.02857142857142857,0.3642857142857142,100.0,25.0,7,"rango LOO rho [-0.600, -0.029]; cambio máximo 0.364",Sin identidad directa predeclarada; evaluar dependencia por arquitectura y protocolo,"Asociación negativa en rangos; diferencia r−rho=-0.132; valorar junto con soporte, empates y sensibilidad",Posensayo; excluido de INPUT; Posensayo; unidad corroborada con tesis PDF pp.117/121 (docs/trazabilidad_datos.md); ausencia de energía no demuestra ausencia de evento/ciclo; LOO no es IC ni validación predictiva; no implica causalidad
residual_Displacement_6cycle_60mm,Fracture_event_1,20,0.06598752040133718,0.09405570758908917,0.04232863482168851,9.999999999999998,0.0,-0.02806818718775199,-0.09426609327330021,0.15703175182622714,0.1602536136746374,90.0,4.0,20,-0.03687446548482318,0.19490788899120823,0.13093017307391236,90.0,20.0,20,"rango LOO rho [-0.037, 0.195]; cambio máximo 0.131",Sin identidad directa predeclarada; evaluar dependencia por arquitectura y protocolo,"Asociación positiva en rangos; diferencia r−rho=-0.028; valorar junto con soporte, empates y sensibilidad",Posensayo; excluido de INPUT; Posensayo; unidad corroborada con tesis PDF pp.117/121 (docs/trazabilidad_datos.md); ausencia de energía no demuestra ausencia de evento/ciclo; LOO no es IC ni validación predictiva; no implica causalidad
residual_Displacement_6cycle_60mm,Fracture_event_2,18,-0.21252132683602357,-0.22922047453223757,-0.15737789507292677,5.555555555555558,0.0,0.016699147696214,-0.3218326138668079,-0.09119709684334887,0.1213242299926747,100.0,25.0,18,-0.3654200564214142,-0.1336603562078327,0.1361995818891766,100.0,10.0,18,"rango LOO rho [-0.365, -0.134]; cambio máximo 0.136",Sin identidad directa predeclarada; evaluar dependencia por arquitectura y protocolo,"Asociación negativa en rangos; diferencia r−rho=0.017; valorar junto con soporte, empates y sensibilidad",Posensayo; excluido de INPUT; Posensayo; unidad corroborada con tesis PDF pp.117/121 (docs/trazabilidad_datos.md); ausencia de energía no demuestra ausencia de evento/ciclo; LOO no es IC ni validación predictiva; no implica causalidad
residual_Displacement_6cycle_60mm,Fracture_event_3,16,-0.01142922180763421,0.12058823529411765,0.13333333333333333,0.0,0.0,-0.13201745710175186,-0.23146902871112238,0.1381954130737853,0.22003980690348818,62.5,4.0,16,0.0,0.30714285714285716,0.1865546218487395,93.75,10.0,16,"rango LOO rho [0.000, 0.307]; cambio máximo 0.187",Sin identidad directa predeclarada; evaluar dependencia por arquitectura y protocolo,"Asociación positiva en rangos; diferencia r−rho=-0.132; valorar junto con soporte, empates y sensibilidad",Posensayo; excluido de INPUT; Posensayo; unidad corroborada con tesis PDF pp.117/121 (docs/trazabilidad_datos.md); ausencia de energía no demuestra ausencia de evento/ciclo; LOO no es IC ni validación predictiva; no implica causalidad
residual_Displacement_6cycle_60mm,Fracture_event_4,14,-0.07535912701469981,-0.389010989010989,-0.2967032967032967,0.0,0.0,0.3136518619962892,-0.524309503749678,0.05775662506935768,0.4489503767349782,85.71428571428571,4.0,14,-0.6153846153846154,-0.25274725274725274,0.2263736263736264,100.0,4.0,14,"rango LOO rho [-0.615, -0.253]; cambio máximo 0.226",Sin identidad directa predeclarada; evaluar dependencia por arquitectura y protocolo,"Asociación negativa en rangos; diferencia r−rho=0.314; valorar junto con soporte, empates y sensibilidad",Posensayo; excluido de INPUT; Posensayo; unidad corroborada con tesis PDF pp.117/121 (docs/trazabilidad_datos.md); ausencia de energía no demuestra ausencia de evento/ciclo; LOO no es IC ni validación predictiva; no implica causalidad
residual_Displacement_6cycle_60mm,Fracture_event_5,12,-0.07400776692327736,-0.3986013986013986,-0.303030303030303,0.0,0.0,0.3245936316781212,-0.7679820147741494,0.08789833530112258,0.693974247850872,83.33333333333334,4.0,12,-0.7272727272727273,-0.2545454545454545,0.3286713286713287,100.0,4.0,12,"rango LOO rho [-0.727, -0.255]; cambio máximo 0.329",Sin identidad directa predeclarada; evaluar dependencia por arquitectura y protocolo,"Asociación negativa en rangos; diferencia r−rho=0.325; valorar junto con soporte, empates y sensibilidad",Posensayo; excluido de INPUT; Posensayo; unidad corroborada con tesis PDF pp.117/121 (docs/trazabilidad_datos.md); ausencia de energía no demuestra ausencia de evento/ciclo; LOO no es IC ni validación predictiva; no implica causalidad
residual_Displacement_6cycle_60mm,Fracture_event_6,4,-0.7374540052189581,-0.19999999999999996,0.0,0.0,0.0,-0.5374540052189581,-0.9592876041173497,0.716789596584089,1.4542436018030471,75.0,4.0,4,-0.4999999999999999,0.9999999999999998,1.1999999999999997,75.0,4.0,4,"rango LOO rho [-0.500, 1.000]; cambio máximo 1.200",Sin identidad directa predeclarada; evaluar dependencia por arquitectura y protocolo,"Asociación negativa en rangos; diferencia r−rho=-0.537; valorar junto con soporte, empates y sensibilidad",Posensayo; excluido de INPUT; Posensayo; unidad corroborada con tesis PDF pp.117/121 (docs/trazabilidad_datos.md); ausencia de energía no demuestra ausencia de evento/ciclo; LOO no es IC ni validación predictiva; no implica causalidad
residual_Displacement_6cycle_60mm,Fracture_event_7,3,0.6349699922452925,0.4999999999999999,0.33333333333333337,0.0,0.0,0.1349699922452926,,,,,,0,,,,,,0,"rango LOO rho [nan, nan]; cambio máximo nan",Sin identidad directa predeclarada; evaluar dependencia por arquitectura y protocolo,"Asociación positiva en rangos; diferencia r−rho=0.135; valorar junto con soporte, empates y sensibilidad",Posensayo; excluido de INPUT; Posensayo; unidad corroborada con tesis PDF pp.117/121 (docs/trazabilidad_datos.md); ausencia de energía no demuestra ausencia de evento/ciclo; LOO no es IC ni validación predictiva; no implica causalidad
residual_Displacement_6cycle_60mm,Fracture_event_8,1,,,,0.0,0.0,,,,,,,0,,,,,,0,No identificable: soporte insuficiente o variable constante,Sin identidad directa predeclarada; evaluar dependencia por arquitectura y protocolo,Asociación no identificable con la variación y disponibilidad observadas,Posensayo; excluido de INPUT; Posensayo; unidad corroborada con tesis PDF pp.117/121 (docs/trazabilidad_datos.md); ausencia de energía no demuestra ausencia de evento/ciclo; LOO no es IC ni validación predictiva; no implica causalidad
residual_Displacement_6cycle_60mm,Fracture_event_9,1,,,,0.0,0.0,,,,,,,0,,,,,,0,No identificable: soporte insuficiente o variable constante,Sin identidad directa predeclarada; evaluar dependencia por arquitectura y protocolo,Asociación no identificable con la variación y disponibilidad observadas,Posensayo; excluido de INPUT; Posensayo; unidad corroborada con tesis PDF pp.117/121 (docs/trazabilidad_datos.md); ausencia de energía no demuestra ausencia de evento/ciclo; LOO no es IC ni validación predictiva; no implica causalidad
residual_Displacement_6cycle_60mm,Fracture_event_10,0,,,,,,,,,,,,0,,,,,,0,No identificable: soporte insuficiente o variable constante,Sin identidad directa predeclarada; evaluar dependencia por arquitectura y protocolo,Asociación no identificable con la variación y disponibilidad observadas,Posensayo; excluido de INPUT; Posensayo; unidad corroborada con tesis PDF pp.117/121 (docs/trazabilidad_datos.md); ausencia de energía no demuestra ausencia de evento/ciclo; LOO no es IC ni validación predictiva; no implica causalidad
residual_Displacement_6cycle_60mm,Fracture_event_11,0,,,,,,,,,,,,0,,,,,,0,No identificable: soporte insuficiente o variable constante,Sin identidad directa predeclarada; evaluar dependencia por arquitectura y protocolo,Asociación no identificable con la variación y disponibilidad observadas,Posensayo; excluido de INPUT; Posensayo; unidad corroborada con tesis PDF pp.117/121 (docs/trazabilidad_datos.md); ausencia de energía no demuestra ausencia de evento/ciclo; LOO no es IC ni validación predictiva; no implica causalidad
residual_Displacement_6cycle_60mm,Fracture_event_12,0,,,,,,,,,,,,0,,,,,,0,No identificable: soporte insuficiente o variable constante,Sin identidad directa predeclarada; evaluar dependencia por arquitectura y protocolo,Asociación no identificable con la variación y disponibilidad observadas,Posensayo; excluido de INPUT; Posensayo; unidad corroborada con tesis PDF pp.117/121 (docs/trazabilidad_datos.md); ausencia de energía no demuestra ausencia de evento/ciclo; LOO no es IC ni validación predictiva; no implica causalidad
residual_Displacement_6cycle_60mm,Fracture_event_13,0,,,,,,,,,,,,0,,,,,,0,No identificable: soporte insuficiente o variable constante,Sin identidad directa predeclarada; evaluar dependencia por arquitectura y protocolo,Asociación no identificable con la variación y disponibilidad observadas,Posensayo; excluido de INPUT; Posensayo; unidad corroborada con tesis PDF pp.117/121 (docs/trazabilidad_datos.md); ausencia de energía no demuestra ausencia de evento/ciclo; LOO no es IC ni validación predictiva; no implica causalidad
residual_Displacement_6cycle_60mm,Load_ratio_first_over_ultimate,20,-0.034440815125494045,0.15349891478539351,0.12698590446506552,9.999999999999998,0.0,-0.18793972991088756,-0.1986476142971862,0.10456680484272056,0.16420679917169215,85.0,4.0,20,0.03599650202089882,0.2774364546000982,0.12393753981470468,100.0,25.0,20,"rango LOO rho [0.036, 0.277]; cambio máximo 0.124",Sin identidad directa predeclarada; evaluar dependencia por arquitectura y protocolo,"Asociación positiva en rangos; diferencia r−rho=-0.188; valorar junto con soporte, empates y sensibilidad",Posensayo; excluido de INPUT; Cociente primera/rotura final; no factor de seguridad ni reserva de carga; LOO no es IC ni validación predictiva; no implica causalidad
residual_Displacement_6cycle_60mm,Load_per_specimen_volume,20,0.09697626223234128,0.18434918687461477,0.09523942834879916,9.999999999999998,0.0,-0.08737292464227349,-0.07173428970519541,0.19108374811942885,0.1687105519375367,95.0,4.0,20,0.06848115018610018,0.26865681996085455,0.11586803668851459,100.0,20.0,20,"rango LOO rho [0.068, 0.269]; cambio máximo 0.116",Sin identidad directa predeclarada; evaluar dependencia por arquitectura y protocolo,"Asociación positiva en rangos; diferencia r−rho=-0.087; valorar junto con soporte, empates y sensibilidad",Posensayo; excluido de INPUT; Índice descriptivo de carga por volumen; no esfuerzo ni resistencia material; LOO no es IC ni validación predictiva; no implica causalidad
residual_Displacement_6cycle_60mm,Load_per_pivot,20,-0.049809434349296654,0.14973668648182994,0.07407511093795491,9.999999999999998,0.0,-0.1995461208311266,-0.12330279055455685,0.018530898999503505,0.07349335620526021,95.0,20.0,20,0.028094830845579562,0.26514496610515714,0.12164185563625038,100.0,20.0,20,"rango LOO rho [0.028, 0.265]; cambio máximo 0.122",Sin identidad directa predeclarada; evaluar dependencia por arquitectura y protocolo,"Asociación positiva en rangos; diferencia r−rho=-0.200; valorar junto con soporte, empates y sensibilidad",Posensayo; excluido de INPUT; No presupone reparto uniforme de cargas entre pivotes; LOO no es IC ni validación predictiva; no implica causalidad
residual_Displacement_6cycle_60mm,Load_per_cell_Y,20,0.059210692624931685,0.1354402189282884,0.07407511093795491,9.999999999999998,0.0,-0.0762295263033567,-0.05386201008640478,0.1406667365063161,0.11307270271133646,90.0,4.0,20,0.011413525031016697,0.24846366029059427,0.1240266938972717,100.0,20.0,20,"rango LOO rho [0.011, 0.248]; cambio máximo 0.124",Sin identidad directa predeclarada; evaluar dependencia por arquitectura y protocolo,"Asociación positiva en rangos; diferencia r−rho=-0.076; valorar junto con soporte, empates y sensibilidad",Posensayo; excluido de INPUT; Normalización por conteo en Y; no fuerza medida en cada celda; LOO no es IC ni validación predictiva; no implica causalidad
residual_Displacement_6cycle_60mm,Fracture_observed_sum,20,-0.07820668573388384,-0.08577880532124932,-0.04232863482168851,9.999999999999998,0.0,0.007572119587365478,-0.16556349839637888,0.007963700939825739,0.08735681266249504,95.0,4.0,20,-0.21071123134184672,0.022827050062033394,0.1249324260205974,90.0,20.0,20,"rango LOO rho [-0.211, 0.023]; cambio máximo 0.125",Sin identidad directa predeclarada; evaluar dependencia por arquitectura y protocolo,"Asociación negativa en rangos; diferencia r−rho=0.008; valorar junto con soporte, empates y sensibilidad",Posensayo; excluido de INPUT; Suma observada de longitud variable; no energía total del ensayo; LOO no es IC ni validación predictiva; no implica causalidad
residual_Displacement_6cycle_60mm,Fracture_registered_events,20,-0.1972459326313166,-0.06153782791847891,-0.01746194049261763,9.999999999999998,60.0,-0.13570810471283767,-0.4137431765793963,0.23976882928634427,0.43701476191766087,95.0,4.0,20,-0.202439254643505,0.10149636525173038,0.16303419317020929,85.0,4.0,20,"rango LOO rho [-0.202, 0.101]; cambio máximo 0.163",Sin identidad directa predeclarada; evaluar dependencia por arquitectura y protocolo,"Asociación negativa en rangos; diferencia r−rho=-0.136; valorar junto con soporte, empates y sensibilidad","Posensayo; excluido de INPUT; Disponibilidad de registro, no conteo verificado de todas las fracturas; LOO no es IC ni validación predictiva; no implica causalidad"
residual_Displacement_6cycle_60mm,Fracture_initial_share,20,0.14611314066342024,0.19156945278507892,0.1114062274638653,9.999999999999998,5.000000000000004,-0.04545631212165868,-0.04863911761536424,0.3824412728486751,0.23632813218525484,95.0,27.0,20,0.09617919241094347,0.35381927596151763,0.1622498231764387,100.0,27.0,20,"rango LOO rho [0.096, 0.354]; cambio máximo 0.162",Sin identidad directa predeclarada; evaluar dependencia por arquitectura y protocolo,"Asociación positiva en rangos; diferencia r−rho=-0.045; valorar junto con soporte, empates y sensibilidad",Posensayo; excluido de INPUT; Comparte numerador y denominador con otras respuestas; sensible a cobertura de eventos; LOO no es IC ni validación predictiva; no implica causalidad
residual_Displacement_6cycle_60mm,Residual_fraction_cycle1,20,0.22724637162328465,0.13920244723185196,0.07407511093795491,9.999999999999998,0.0,0.08804392439143269,0.11962168316325632,0.2950544956354548,0.10762468846002833,100.0,25.0,20,0.016681305814562866,0.23968402565135066,0.12252114141728909,100.0,25.0,20,"rango LOO rho [0.017, 0.240]; cambio máximo 0.123",Sin identidad directa predeclarada; evaluar dependencia por arquitectura y protocolo,"Asociación positiva en rangos; diferencia r−rho=0.088; valorar junto con soporte, empates y sensibilidad",Posensayo; excluido de INPUT; Amplitud nominal del nombre de columna; no deformación unitaria; LOO no es IC ni validación predictiva; no implica causalidad
residual_Displacement_6cycle_60mm,Residual_fraction_cycle2,20,0.43473906244031024,0.26711820955301324,0.19047885669759831,9.999999999999998,0.0,0.167620852887297,0.33330876918694874,0.5544721852829375,0.11973312284262727,100.0,4.0,20,0.15715546004246067,0.354697239425442,0.10996274951055257,100.0,25.0,20,"rango LOO rho [0.157, 0.355]; cambio máximo 0.110",Sin identidad directa predeclarada; evaluar dependencia por arquitectura y protocolo,"Asociación positiva en rangos; diferencia r−rho=0.168; valorar junto con soporte, empates y sensibilidad",Posensayo; excluido de INPUT; Amplitud nominal del nombre de columna; no deformación unitaria; LOO no es IC ni validación predictiva; no implica causalidad
residual_Displacement_6cycle_60mm,Residual_fraction_cycle3,20,0.6760172254328565,0.7057940297485251,0.5185257765656843,9.999999999999998,0.0,-0.029776804315668648,0.6052656702908628,0.7789640955591309,0.10294687012627446,100.0,4.0,20,0.6637403787268172,0.7682180309338162,0.06242400118529112,100.0,16.0,20,"rango LOO rho [0.664, 0.768]; cambio máximo 0.062",Sin identidad directa predeclarada; evaluar dependencia por arquitectura y protocolo,"Asociación positiva en rangos; diferencia r−rho=-0.030; valorar junto con soporte, empates y sensibilidad",Posensayo; excluido de INPUT; Amplitud nominal del nombre de columna; no deformación unitaria; LOO no es IC ni validación predictiva; no implica causalidad
residual_Displacement_6cycle_60mm,Residual_fraction_cycle4,20,0.8147514691652809,0.729872290891332,0.5502722526819507,9.999999999999998,0.0,0.08487917827394886,0.7789409698059477,0.8358881051643332,0.035810499359333114,100.0,27.0,20,0.690079282644548,0.8103602772021855,0.08048798631085352,100.0,23.0,20,"rango LOO rho [0.690, 0.810]; cambio máximo 0.080",Sin identidad directa predeclarada; evaluar dependencia por arquitectura y protocolo,"Asociación positiva en rangos; diferencia r−rho=0.085; valorar junto con soporte, empates y sensibilidad",Posensayo; excluido de INPUT; Amplitud nominal del nombre de columna; no deformación unitaria; LOO no es IC ni validación predictiva; no implica causalidad
residual_Displacement_6cycle_60mm,Residual_fraction_cycle5,20,0.9510923752310912,0.9269030514300073,0.8106695490524097,9.999999999999998,9.999999999999998,0.024189323801083962,0.9289085075737594,0.9647892739435169,0.022183867657331824,100.0,4.0,20,0.9146881286170637,0.9512096182480652,0.024306566818057873,100.0,21.0,20,"rango LOO rho [0.915, 0.951]; cambio máximo 0.024",Sin identidad directa predeclarada; evaluar dependencia por arquitectura y protocolo,"Asociación positiva en rangos; diferencia r−rho=0.024; valorar junto con soporte, empates y sensibilidad",Posensayo; excluido de INPUT; Amplitud nominal del nombre de columna; no deformación unitaria; LOO no es IC ni validación predictiva; no implica causalidad
residual_Displacement_6cycle_60mm,Residual_fraction_cycle6,20,1.0,0.9999999999999998,1.0,9.999999999999998,9.999999999999998,2.220446049250313e-16,0.9999999999999997,1.0000000000000002,3.3306690738754696e-16,100.0,11.0,20,0.9999999999999998,1.0,2.220446049250313e-16,100.0,3.0,20,"rango LOO rho [1.000, 1.000]; cambio máximo 0.000",Dependencia algebraica directa: una variable participa en la definición de la otra,"Asociación positiva en rangos; diferencia r−rho=0.000; valorar junto con soporte, empates y sensibilidad",Posensayo; excluido de INPUT; Amplitud nominal del nombre de columna; no deformación unitaria; LOO no es IC ni validación predictiva; no implica causalidad
residual_Displacement_6cycle_60mm,Recovery_complement_cycle6,20,-1.0000000000000002,-0.9999999999999998,-1.0,9.999999999999998,9.999999999999998,-4.440892098500626e-16,-1.0000000000000002,-0.9999999999999997,5.551115123125783e-16,100.0,24.0,20,-1.0,-0.9999999999999998,2.220446049250313e-16,100.0,3.0,20,"rango LOO rho [-1.000, -1.000]; cambio máximo 0.000",Dependencia algebraica directa: una variable participa en la definición de la otra,"Asociación negativa en rangos; diferencia r−rho=-0.000; valorar junto con soporte, empates y sensibilidad",Posensayo; excluido de INPUT; Proxy complemento nominal; requiere protocolo para interpretar recuperación elástica; LOO no es IC ni validación predictiva; no implica causalidad
Dissipated_cycle_1,Dissipated_cycle_2,26,0.4977835646136237,0.4194871794871795,0.29846153846153844,0.0,0.0,0.07829638512644421,0.4476229567861385,0.5651709085064164,0.06738734389279266,100.0,13.0,26,0.36153846153846153,0.5223076923076924,0.10282051282051285,100.0,13.0,26,"rango LOO rho [0.362, 0.522]; cambio máximo 0.103",Sin identidad directa predeclarada; evaluar dependencia por arquitectura y protocolo,"Asociación positiva en rangos; diferencia r−rho=0.078; valorar junto con soporte, empates y sensibilidad",Posensayo; unidad corroborada con tesis PDF pp.117/121 (docs/trazabilidad_datos.md); ausencia de energía no demuestra ausencia de evento/ciclo; Posensayo; unidad corroborada con tesis PDF pp.117/121 (docs/trazabilidad_datos.md); ausencia de energía no demuestra ausencia de evento/ciclo; LOO no es IC ni validación predictiva; no implica causalidad
Dissipated_cycle_1,Dissipated_cycle_3,26,0.6238981914969074,0.537094017094017,0.38461538461538464,0.0,0.0,0.08680417440289034,0.543595043826572,0.6952882593956448,0.08030314767033542,100.0,25.0,26,0.47923076923076924,0.6438461538461538,0.1067521367521368,100.0,11.0,26,"rango LOO rho [0.479, 0.644]; cambio máximo 0.107",Sin identidad directa predeclarada; evaluar dependencia por arquitectura y protocolo,"Asociación positiva en rangos; diferencia r−rho=0.087; valorar junto con soporte, empates y sensibilidad",Posensayo; unidad corroborada con tesis PDF pp.117/121 (docs/trazabilidad_datos.md); ausencia de energía no demuestra ausencia de evento/ciclo; Posensayo; unidad corroborada con tesis PDF pp.117/121 (docs/trazabilidad_datos.md); ausencia de energía no demuestra ausencia de evento/ciclo; LOO no es IC ni validación predictiva; no implica causalidad
Dissipated_cycle_1,Dissipated_cycle_4,26,0.5899417845145362,0.5835897435897436,0.4153846153846154,0.0,0.0,0.006352040924792579,0.5190236861407028,0.6443332486590913,0.07091809837383334,100.0,25.0,26,0.5315384615384615,0.6384615384615384,0.05487179487179483,100.0,13.0,26,"rango LOO rho [0.532, 0.638]; cambio máximo 0.055",Sin identidad directa predeclarada; evaluar dependencia por arquitectura y protocolo,"Asociación positiva en rangos; diferencia r−rho=0.006; valorar junto con soporte, empates y sensibilidad",Posensayo; unidad corroborada con tesis PDF pp.117/121 (docs/trazabilidad_datos.md); ausencia de energía no demuestra ausencia de evento/ciclo; Posensayo; unidad corroborada con tesis PDF pp.117/121 (docs/trazabilidad_datos.md); ausencia de energía no demuestra ausencia de evento/ciclo; LOO no es IC ni validación predictiva; no implica causalidad
Dissipated_cycle_1,Dissipated_cycle_5,26,-0.05758157791472342,0.38051282051282054,0.2738461538461539,0.0,0.0,-0.43809439842754394,-0.08626613585840891,0.4843318590478344,0.5419134369625578,96.15384615384616,5.0,26,0.33384615384615385,0.5030769230769231,0.12256410256410255,100.0,5.0,26,"rango LOO rho [0.334, 0.503]; cambio máximo 0.123",Sin identidad directa predeclarada; evaluar dependencia por arquitectura y protocolo,"Asociación positiva en rangos; diferencia r−rho=-0.438; valorar junto con soporte, empates y sensibilidad",Posensayo; unidad corroborada con tesis PDF pp.117/121 (docs/trazabilidad_datos.md); ausencia de energía no demuestra ausencia de evento/ciclo; Posensayo; unidad corroborada con tesis PDF pp.117/121 (docs/trazabilidad_datos.md); ausencia de energía no demuestra ausencia de evento/ciclo; LOO no es IC ni validación predictiva; no implica causalidad
Dissipated_cycle_1,Dissipated_cycle_6,20,0.4344750492212495,0.6300751879699248,0.4210526315789474,0.0,0.0,-0.19560013874867527,0.3910707558367152,0.498812101875214,0.0643370526539645,100.0,4.0,20,0.5789473684210525,0.6824561403508771,0.052380952380952306,100.0,4.0,20,"rango LOO rho [0.579, 0.682]; cambio máximo 0.052",Sin identidad directa predeclarada; evaluar dependencia por arquitectura y protocolo,"Asociación positiva en rangos; diferencia r−rho=-0.196; valorar junto con soporte, empates y sensibilidad",Posensayo; unidad corroborada con tesis PDF pp.117/121 (docs/trazabilidad_datos.md); ausencia de energía no demuestra ausencia de evento/ciclo; Posensayo; unidad corroborada con tesis PDF pp.117/121 (docs/trazabilidad_datos.md); ausencia de energía no demuestra ausencia de evento/ciclo; LOO no es IC ni validación predictiva; no implica causalidad
Dissipated_cycle_1,Dissipated_cycle_7,7,0.02564299812971832,-0.07142857142857142,-0.04761904761904762,0.0,0.0,0.09707156955828974,-0.34067663089980316,0.4979753821889406,0.4723323840592223,57.14285714285714,27.0,7,-0.42857142857142855,0.2571428571428571,0.3571428571428571,57.14285714285714,25.0,7,"rango LOO rho [-0.429, 0.257]; cambio máximo 0.357",Sin identidad directa predeclarada; evaluar dependencia por arquitectura y protocolo,"Asociación negativa en rangos; diferencia r−rho=0.097; valorar junto con soporte, empates y sensibilidad",Posensayo; unidad corroborada con tesis PDF pp.117/121 (docs/trazabilidad_datos.md); ausencia de energía no demuestra ausencia de evento/ciclo; Posensayo; unidad corroborada con tesis PDF pp.117/121 (docs/trazabilidad_datos.md); ausencia de energía no demuestra ausencia de evento/ciclo; LOO no es IC ni validación predictiva; no implica causalidad
Dissipated_cycle_1,Fracture_event_1,26,0.6290753357686332,0.5234188034188034,0.37230769230769234,0.0,0.0,0.10565653234982975,0.5921869312947253,0.6907633707300534,0.06168803496142028,100.0,22.0,26,0.4815384615384615,0.5853846153846154,0.06196581196581197,100.0,7.0,26,"rango LOO rho [0.482, 0.585]; cambio máximo 0.062",Sin identidad directa predeclarada; evaluar dependencia por arquitectura y protocolo,"Asociación positiva en rangos; diferencia r−rho=0.106; valorar junto con soporte, empates y sensibilidad",Posensayo; unidad corroborada con tesis PDF pp.117/121 (docs/trazabilidad_datos.md); ausencia de energía no demuestra ausencia de evento/ciclo; Posensayo; unidad corroborada con tesis PDF pp.117/121 (docs/trazabilidad_datos.md); ausencia de energía no demuestra ausencia de evento/ciclo; LOO no es IC ni validación predictiva; no implica causalidad
Dissipated_cycle_1,Fracture_event_2,24,0.38577546748844993,0.2608695652173913,0.1956521739130435,0.0,0.0,0.12490590227105863,0.2797110348767815,0.4523847853020915,0.10606443261166842,100.0,25.0,24,0.16403162055335968,0.3715415019762846,0.11067193675889331,100.0,13.0,24,"rango LOO rho [0.164, 0.372]; cambio máximo 0.111",Sin identidad directa predeclarada; evaluar dependencia por arquitectura y protocolo,"Asociación positiva en rangos; diferencia r−rho=0.125; valorar junto con soporte, empates y sensibilidad",Posensayo; unidad corroborada con tesis PDF pp.117/121 (docs/trazabilidad_datos.md); ausencia de energía no demuestra ausencia de evento/ciclo; Posensayo; unidad corroborada con tesis PDF pp.117/121 (docs/trazabilidad_datos.md); ausencia de energía no demuestra ausencia de evento/ciclo; LOO no es IC ni validación predictiva; no implica causalidad
Dissipated_cycle_1,Fracture_event_3,22,0.2552793011564287,0.14285714285714285,0.05627705627705628,0.0,0.0,0.11242215829928587,0.16622455537392952,0.34993033092811643,0.09465102977168771,100.0,24.0,22,0.04155844155844156,0.24545454545454545,0.1025974025974026,100.0,24.0,22,"rango LOO rho [0.042, 0.245]; cambio máximo 0.103",Sin identidad directa predeclarada; evaluar dependencia por arquitectura y protocolo,"Asociación positiva en rangos; diferencia r−rho=0.112; valorar junto con soporte, empates y sensibilidad",Posensayo; unidad corroborada con tesis PDF pp.117/121 (docs/trazabilidad_datos.md); ausencia de energía no demuestra ausencia de evento/ciclo; Posensayo; unidad corroborada con tesis PDF pp.117/121 (docs/trazabilidad_datos.md); ausencia de energía no demuestra ausencia de evento/ciclo; LOO no es IC ni validación predictiva; no implica causalidad
Dissipated_cycle_1,Fracture_event_4,19,-0.09565936450782997,-0.07368421052631577,-0.04093567251461988,0.0,0.0,-0.0219751539815142,-0.20707054876449837,0.13473163908286578,0.23039100359069575,94.73684210526315,19.0,19,-0.18885448916408668,0.06707946336429307,0.14076367389060884,89.47368421052632,19.0,19,"rango LOO rho [-0.189, 0.067]; cambio máximo 0.141",Sin identidad directa predeclarada; evaluar dependencia por arquitectura y protocolo,"Asociación negativa en rangos; diferencia r−rho=-0.022; valorar junto con soporte, empates y sensibilidad",Posensayo; unidad corroborada con tesis PDF pp.117/121 (docs/trazabilidad_datos.md); ausencia de energía no demuestra ausencia de evento/ciclo; Posensayo; unidad corroborada con tesis PDF pp.117/121 (docs/trazabilidad_datos.md); ausencia de energía no demuestra ausencia de evento/ciclo; LOO no es IC ni validación predictiva; no implica causalidad
Dissipated_cycle_1,Fracture_event_5,17,0.23085602013483517,0.13725490196078433,0.1176470588235294,0.0,0.0,0.09360111817405084,-0.015608615097330128,0.41306062231348706,0.2464646352321653,94.11764705882352,24.0,17,-0.026470588235294117,0.3205882352941177,0.18333333333333335,94.11764705882352,7.0,17,"rango LOO rho [-0.026, 0.321]; cambio máximo 0.183",Sin identidad directa predeclarada; evaluar dependencia por arquitectura y protocolo,"Asociación positiva en rangos; diferencia r−rho=0.094; valorar junto con soporte, empates y sensibilidad",Posensayo; unidad corroborada con tesis PDF pp.117/121 (docs/trazabilidad_datos.md); ausencia de energía no demuestra ausencia de evento/ciclo; Posensayo; unidad corroborada con tesis PDF pp.117/121 (docs/trazabilidad_datos.md); ausencia de energía no demuestra ausencia de evento/ciclo; LOO no es IC ni validación predictiva; no implica causalidad
Dissipated_cycle_1,Fracture_event_6,7,0.028416335414940902,0.10714285714285712,0.14285714285714288,0.0,0.0,-0.07872652172791622,-0.07216176541556737,0.21620594725595907,0.18778961184101817,57.14285714285714,7.0,7,-0.08571428571428572,0.42857142857142855,0.3214285714285714,71.42857142857143,1.0,7,"rango LOO rho [-0.086, 0.429]; cambio máximo 0.321",Sin identidad directa predeclarada; evaluar dependencia por arquitectura y protocolo,"Asociación positiva en rangos; diferencia r−rho=-0.079; valorar junto con soporte, empates y sensibilidad",Posensayo; unidad corroborada con tesis PDF pp.117/121 (docs/trazabilidad_datos.md); ausencia de energía no demuestra ausencia de evento/ciclo; Posensayo; unidad corroborada con tesis PDF pp.117/121 (docs/trazabilidad_datos.md); ausencia de energía no demuestra ausencia de evento/ciclo; LOO no es IC ni validación predictiva; no implica causalidad
Dissipated_cycle_1,Fracture_event_7,6,0.7333866460249449,0.42857142857142855,0.2,0.0,0.0,0.3048152174535163,0.15938137047535078,0.8365959899433831,0.5740052755495941,100.0,7.0,6,0.0,0.5999999999999999,0.42857142857142855,66.66666666666666,1.0,6,"rango LOO rho [0.000, 0.600]; cambio máximo 0.429",Sin identidad directa predeclarada; evaluar dependencia por arquitectura y protocolo,"Asociación positiva en rangos; diferencia r−rho=0.305; valorar junto con soporte, empates y sensibilidad",Posensayo; unidad corroborada con tesis PDF pp.117/121 (docs/trazabilidad_datos.md); ausencia de energía no demuestra ausencia de evento/ciclo; Posensayo; unidad corroborada con tesis PDF pp.117/121 (docs/trazabilidad_datos.md); ausencia de energía no demuestra ausencia de evento/ciclo; LOO no es IC ni validación predictiva; no implica causalidad
Dissipated_cycle_1,Fracture_event_8,4,-0.4063765009098268,-0.3999999999999999,-0.3333333333333334,0.0,0.0,-0.006376500909826888,-0.7923883105611296,0.370331007592731,0.7767075085025579,75.0,7.0,4,-0.9999999999999998,0.4999999999999999,0.8999999999999998,75.0,7.0,4,"rango LOO rho [-1.000, 0.500]; cambio máximo 0.900",Sin identidad directa predeclarada; evaluar dependencia por arquitectura y protocolo,"Asociación negativa en rangos; diferencia r−rho=-0.006; valorar junto con soporte, empates y sensibilidad",Posensayo; unidad corroborada con tesis PDF pp.117/121 (docs/trazabilidad_datos.md); ausencia de energía no demuestra ausencia de evento/ciclo; Posensayo; unidad corroborada con tesis PDF pp.117/121 (docs/trazabilidad_datos.md); ausencia de energía no demuestra ausencia de evento/ciclo; LOO no es IC ni validación predictiva; no implica causalidad
Dissipated_cycle_1,Fracture_event_9,2,,,,0.0,0.0,,,,,,,0,,,,,,0,No identificable: soporte insuficiente o variable constante,Sin identidad directa predeclarada; evaluar dependencia por arquitectura y protocolo,Asociación no identificable con la variación y disponibilidad observadas,Posensayo; unidad corroborada con tesis PDF pp.117/121 (docs/trazabilidad_datos.md); ausencia de energía no demuestra ausencia de evento/ciclo; Posensayo; unidad corroborada con tesis PDF pp.117/121 (docs/trazabilidad_datos.md); ausencia de energía no demuestra ausencia de evento/ciclo; LOO no es IC ni validación predictiva; no implica causalidad
Dissipated_cycle_1,Fracture_event_10,1,,,,0.0,0.0,,,,,,,0,,,,,,0,No identificable: soporte insuficiente o variable constante,Sin identidad directa predeclarada; evaluar dependencia por arquitectura y protocolo,Asociación no identificable con la variación y disponibilidad observadas,Posensayo; unidad corroborada con tesis PDF pp.117/121 (docs/trazabilidad_datos.md); ausencia de energía no demuestra ausencia de evento/ciclo; Posensayo; unidad corroborada con tesis PDF pp.117/121 (docs/trazabilidad_datos.md); ausencia de energía no demuestra ausencia de evento/ciclo; LOO no es IC ni validación predictiva; no implica causalidad
Dissipated_cycle_1,Fracture_event_11,1,,,,0.0,0.0,,,,,,,0,,,,,,0,No identificable: soporte insuficiente o variable constante,Sin identidad directa predeclarada; evaluar dependencia por arquitectura y protocolo,Asociación no identificable con la variación y disponibilidad observadas,Posensayo; unidad corroborada con tesis PDF pp.117/121 (docs/trazabilidad_datos.md); ausencia de energía no demuestra ausencia de evento/ciclo; Posensayo; unidad corroborada con tesis PDF pp.117/121 (docs/trazabilidad_datos.md); ausencia de energía no demuestra ausencia de evento/ciclo; LOO no es IC ni validación predictiva; no implica causalidad
Dissipated_cycle_1,Fracture_event_12,1,,,,0.0,0.0,,,,,,,0,,,,,,0,No identificable: soporte insuficiente o variable constante,Sin identidad directa predeclarada; evaluar dependencia por arquitectura y protocolo,Asociación no identificable con la variación y disponibilidad observadas,Posensayo; unidad corroborada con tesis PDF pp.117/121 (docs/trazabilidad_datos.md); ausencia de energía no demuestra ausencia de evento/ciclo; Posensayo; unidad corroborada con tesis PDF pp.117/121 (docs/trazabilidad_datos.md); ausencia de energía no demuestra ausencia de evento/ciclo; LOO no es IC ni validación predictiva; no implica causalidad
Dissipated_cycle_1,Fracture_event_13,1,,,,0.0,0.0,,,,,,,0,,,,,,0,No identificable: soporte insuficiente o variable constante,Sin identidad directa predeclarada; evaluar dependencia por arquitectura y protocolo,Asociación no identificable con la variación y disponibilidad observadas,Posensayo; unidad corroborada con tesis PDF pp.117/121 (docs/trazabilidad_datos.md); ausencia de energía no demuestra ausencia de evento/ciclo; Posensayo; unidad corroborada con tesis PDF pp.117/121 (docs/trazabilidad_datos.md); ausencia de energía no demuestra ausencia de evento/ciclo; LOO no es IC ni validación predictiva; no implica causalidad
Dissipated_cycle_1,Load_ratio_first_over_ultimate,26,0.33909048588319485,0.39418803418803416,0.24923076923076926,0.0,0.0,-0.05509754830483932,0.24006445525331735,0.5148514800556012,0.17576099417240637,100.0,26.0,26,0.3446153846153846,0.4684615384615385,0.07427350427350432,100.0,10.0,26,"rango LOO rho [0.345, 0.468]; cambio máximo 0.074",Sin identidad directa predeclarada; evaluar dependencia por arquitectura y protocolo,"Asociación positiva en rangos; diferencia r−rho=-0.055; valorar junto con soporte, empates y sensibilidad",Posensayo; unidad corroborada con tesis PDF pp.117/121 (docs/trazabilidad_datos.md); ausencia de energía no demuestra ausencia de evento/ciclo; Cociente primera/rotura final; no factor de seguridad ni reserva de carga; LOO no es IC ni validación predictiva; no implica causalidad
Dissipated_cycle_1,Load_per_specimen_volume,26,0.5919731664152168,0.49538461538461537,0.32923076923076927,0.0,0.0,0.09658855103060143,0.5522770559016698,0.6589364809195164,0.0669633145042996,100.0,22.0,26,0.4530769230769231,0.556923076923077,0.0615384615384616,100.0,7.0,26,"rango LOO rho [0.453, 0.557]; cambio máximo 0.062",Sin identidad directa predeclarada; evaluar dependencia por arquitectura y protocolo,"Asociación positiva en rangos; diferencia r−rho=0.097; valorar junto con soporte, empates y sensibilidad",Posensayo; unidad corroborada con tesis PDF pp.117/121 (docs/trazabilidad_datos.md); ausencia de energía no demuestra ausencia de evento/ciclo; Índice descriptivo de carga por volumen; no esfuerzo ni resistencia material; LOO no es IC ni validación predictiva; no implica causalidad
Dissipated_cycle_1,Load_per_pivot,26,0.5922440789451192,0.6512820512820513,0.46461538461538465,0.0,0.0,-0.05903797233693209,0.5556048384866862,0.6549696064472661,0.06272552750214688,100.0,22.0,26,0.6192307692307693,0.7153846153846154,0.0641025641025641,100.0,22.0,26,"rango LOO rho [0.619, 0.715]; cambio máximo 0.064",Sin identidad directa predeclarada; evaluar dependencia por arquitectura y protocolo,"Asociación positiva en rangos; diferencia r−rho=-0.059; valorar junto con soporte, empates y sensibilidad",Posensayo; unidad corroborada con tesis PDF pp.117/121 (docs/trazabilidad_datos.md); ausencia de energía no demuestra ausencia de evento/ciclo; No presupone reparto uniforme de cargas entre pivotes; LOO no es IC ni validación predictiva; no implica causalidad
Dissipated_cycle_1,Load_per_cell_Y,26,0.6056550140662237,0.5664957264957265,0.39076923076923076,0.0,0.0,0.03915928757049714,0.5666190813738438,0.6727589640730033,0.0671039500067796,100.0,22.0,26,0.5284615384615384,0.6246153846153846,0.058119658119658024,100.0,22.0,26,"rango LOO rho [0.528, 0.625]; cambio máximo 0.058",Sin identidad directa predeclarada; evaluar dependencia por arquitectura y protocolo,"Asociación positiva en rangos; diferencia r−rho=0.039; valorar junto con soporte, empates y sensibilidad",Posensayo; unidad corroborada con tesis PDF pp.117/121 (docs/trazabilidad_datos.md); ausencia de energía no demuestra ausencia de evento/ciclo; Normalización por conteo en Y; no fuerza medida en cada celda; LOO no es IC ni validación predictiva; no implica causalidad
Dissipated_cycle_1,Fracture_observed_sum,26,0.6297285031325037,0.5958974358974359,0.44000000000000006,0.0,0.0,0.03383106723506779,0.5900310550416302,0.6851430442808153,0.05541454114831157,100.0,26.0,26,0.5476923076923077,0.6515384615384615,0.05564102564102558,100.0,8.0,26,"rango LOO rho [0.548, 0.652]; cambio máximo 0.056",Sin identidad directa predeclarada; evaluar dependencia por arquitectura y protocolo,"Asociación positiva en rangos; diferencia r−rho=0.034; valorar junto con soporte, empates y sensibilidad",Posensayo; unidad corroborada con tesis PDF pp.117/121 (docs/trazabilidad_datos.md); ausencia de energía no demuestra ausencia de evento/ciclo; Suma observada de longitud variable; no energía total del ensayo; LOO no es IC ni validación predictiva; no implica causalidad
Dissipated_cycle_1,Fracture_registered_events,26,-0.18048465438200242,-0.302467737283531,-0.22198202201878312,0.0,61.53846153846154,0.12198308290152857,-0.39499038554304233,-0.10832756808402941,0.2145057311610399,100.0,7.0,26,-0.3850298515127117,-0.23726009370501136,0.0825621142291807,100.0,7.0,26,"rango LOO rho [-0.385, -0.237]; cambio máximo 0.083",Sin identidad directa predeclarada; evaluar dependencia por arquitectura y protocolo,"Asociación negativa en rangos; diferencia r−rho=0.122; valorar junto con soporte, empates y sensibilidad","Posensayo; unidad corroborada con tesis PDF pp.117/121 (docs/trazabilidad_datos.md); ausencia de energía no demuestra ausencia de evento/ciclo; Disponibilidad de registro, no conteo verificado de todas las fracturas; LOO no es IC ni validación predictiva; no implica causalidad"
Dissipated_cycle_1,Fracture_initial_share,26,0.35220388719563805,0.2913318558564568,0.17257339438118238,0.0,3.8461538461538436,0.06087203133918123,0.2868106865942987,0.4448684426180499,0.09266455542241187,100.0,22.0,26,0.23042893290265246,0.3542989101892202,0.0629670543327634,100.0,10.0,26,"rango LOO rho [0.230, 0.354]; cambio máximo 0.063",Sin identidad directa predeclarada; evaluar dependencia por arquitectura y protocolo,"Asociación positiva en rangos; diferencia r−rho=0.061; valorar junto con soporte, empates y sensibilidad",Posensayo; unidad corroborada con tesis PDF pp.117/121 (docs/trazabilidad_datos.md); ausencia de energía no demuestra ausencia de evento/ciclo; Comparte numerador y denominador con otras respuestas; sensible a cobertura de eventos; LOO no es IC ni validación predictiva; no implica causalidad
Dissipated_cycle_1,Residual_fraction_cycle1,26,-0.5889777337661768,-0.5747008547008547,-0.39692307692307693,0.0,0.0,-0.014276879065322046,-0.6290470611770795,-0.5079624218854526,0.0810153118807242,100.0,25.0,26,-0.6653846153846154,-0.5215384615384615,0.0906837606837606,100.0,11.0,26,"rango LOO rho [-0.665, -0.522]; cambio máximo 0.091",Sin identidad directa predeclarada; evaluar dependencia por arquitectura y protocolo,"Asociación negativa en rangos; diferencia r−rho=-0.014; valorar junto con soporte, empates y sensibilidad",Posensayo; unidad corroborada con tesis PDF pp.117/121 (docs/trazabilidad_datos.md); ausencia de energía no demuestra ausencia de evento/ciclo; Amplitud nominal del nombre de columna; no deformación unitaria; LOO no es IC ni validación predictiva; no implica causalidad
Dissipated_cycle_1,Residual_fraction_cycle2,26,-0.5936336179148934,-0.6417094017094017,-0.4461538461538462,0.0,0.0,0.048075783794508276,-0.6819251985734432,-0.4854627737283959,0.10817084418649753,100.0,25.0,26,-0.6984615384615385,-0.5969230769230769,0.05675213675213675,100.0,8.0,26,"rango LOO rho [-0.698, -0.597]; cambio máximo 0.057",Sin identidad directa predeclarada; evaluar dependencia por arquitectura y protocolo,"Asociación negativa en rangos; diferencia r−rho=0.048; valorar junto con soporte, empates y sensibilidad",Posensayo; unidad corroborada con tesis PDF pp.117/121 (docs/trazabilidad_datos.md); ausencia de energía no demuestra ausencia de evento/ciclo; Amplitud nominal del nombre de columna; no deformación unitaria; LOO no es IC ni validación predictiva; no implica causalidad
Dissipated_cycle_1,Residual_fraction_cycle3,26,-0.4732421705231699,-0.4741880341880342,-0.316923076923077,0.0,0.0,0.000945863664864266,-0.5911057174928619,-0.3106405685389036,0.16260160198426632,100.0,25.0,26,-0.5484615384615384,-0.4084615384615385,0.07427350427350426,100.0,20.0,26,"rango LOO rho [-0.548, -0.408]; cambio máximo 0.074",Sin identidad directa predeclarada; evaluar dependencia por arquitectura y protocolo,"Asociación negativa en rangos; diferencia r−rho=0.001; valorar junto con soporte, empates y sensibilidad",Posensayo; unidad corroborada con tesis PDF pp.117/121 (docs/trazabilidad_datos.md); ausencia de energía no demuestra ausencia de evento/ciclo; Amplitud nominal del nombre de columna; no deformación unitaria; LOO no es IC ni validación predictiva; no implica causalidad
Dissipated_cycle_1,Residual_fraction_cycle4,26,-0.3244908381575824,-0.24444444444444444,-0.18153846153846157,0.0,0.0,-0.08004639371313796,-0.4103722367729938,-0.17243934988670073,0.15205148827088166,100.0,25.0,26,-0.3353846153846154,-0.15,0.09444444444444444,100.0,25.0,26,"rango LOO rho [-0.335, -0.150]; cambio máximo 0.094",Sin identidad directa predeclarada; evaluar dependencia por arquitectura y protocolo,"Asociación negativa en rangos; diferencia r−rho=-0.080; valorar junto con soporte, empates y sensibilidad",Posensayo; unidad corroborada con tesis PDF pp.117/121 (docs/trazabilidad_datos.md); ausencia de energía no demuestra ausencia de evento/ciclo; Amplitud nominal del nombre de columna; no deformación unitaria; LOO no es IC ni validación predictiva; no implica causalidad
Dissipated_cycle_1,Residual_fraction_cycle5,26,-0.1435614879243695,-0.2719809052675735,-0.19165584699790775,0.0,7.692307692307687,0.128419417343204,-0.23994182402263864,-0.043894675184983266,0.09966681273938624,100.0,25.0,26,-0.39107016976706416,-0.20939190192252255,0.11908926449949064,100.0,20.0,26,"rango LOO rho [-0.391, -0.209]; cambio máximo 0.119",Sin identidad directa predeclarada; evaluar dependencia por arquitectura y protocolo,"Asociación negativa en rangos; diferencia r−rho=0.128; valorar junto con soporte, empates y sensibilidad",Posensayo; unidad corroborada con tesis PDF pp.117/121 (docs/trazabilidad_datos.md); ausencia de energía no demuestra ausencia de evento/ciclo; Amplitud nominal del nombre de columna; no deformación unitaria; LOO no es IC ni validación predictiva; no implica causalidad
Dissipated_cycle_1,Residual_fraction_cycle6,20,0.023360887563214854,-0.06997744644628234,-0.07407511093795491,0.0,9.999999999999998,0.0933383340094972,-0.09627982902566784,0.20562031218857757,0.1822594246253627,70.0,25.0,20,-0.208955304413998,0.046532063587991154,0.13897785796771567,85.0,20.0,20,"rango LOO rho [-0.209, 0.047]; cambio máximo 0.139",Sin identidad directa predeclarada; evaluar dependencia por arquitectura y protocolo,"Asociación negativa en rangos; diferencia r−rho=0.093; valorar junto con soporte, empates y sensibilidad",Posensayo; unidad corroborada con tesis PDF pp.117/121 (docs/trazabilidad_datos.md); ausencia de energía no demuestra ausencia de evento/ciclo; Amplitud nominal del nombre de columna; no deformación unitaria; LOO no es IC ni validación predictiva; no implica causalidad
Dissipated_cycle_1,Recovery_complement_cycle6,20,-0.023360887563214826,0.06997744644628234,0.07407511093795491,0.0,9.999999999999998,-0.09333833400949718,-0.20562031218857763,0.09627982902566788,0.1822594246253628,70.0,25.0,20,-0.046532063587991154,0.208955304413998,0.13897785796771567,85.0,20.0,20,"rango LOO rho [-0.047, 0.209]; cambio máximo 0.139",Sin identidad directa predeclarada; evaluar dependencia por arquitectura y protocolo,"Asociación positiva en rangos; diferencia r−rho=-0.093; valorar junto con soporte, empates y sensibilidad",Posensayo; unidad corroborada con tesis PDF pp.117/121 (docs/trazabilidad_datos.md); ausencia de energía no demuestra ausencia de evento/ciclo; Proxy complemento nominal; requiere protocolo para interpretar recuperación elástica; LOO no es IC ni validación predictiva; no implica causalidad
Dissipated_cycle_2,Dissipated_cycle_3,26,0.9100367150671579,0.8871794871794871,0.716923076923077,0.0,0.0,0.02285722788767075,0.8928097532199059,0.9205852668540122,0.01722696184725203,100.0,9.0,26,0.8730769230769231,0.9007692307692308,0.014102564102564052,100.0,9.0,26,"rango LOO rho [0.873, 0.901]; cambio máximo 0.014",Sin identidad directa predeclarada; evaluar dependencia por arquitectura y protocolo,"Asociación positiva en rangos; diferencia r−rho=0.023; valorar junto con soporte, empates y sensibilidad",Posensayo; unidad corroborada con tesis PDF pp.117/121 (docs/trazabilidad_datos.md); ausencia de energía no demuestra ausencia de evento/ciclo; Posensayo; unidad corroborada con tesis PDF pp.117/121 (docs/trazabilidad_datos.md); ausencia de energía no demuestra ausencia de evento/ciclo; LOO no es IC ni validación predictiva; no implica causalidad
Dissipated_cycle_2,Dissipated_cycle_4,26,0.8678694067202954,0.8475213675213675,0.6492307692307693,0.0,0.0,0.020348039198927914,0.840779721495442,0.8920514043822781,0.027089685224853444,100.0,9.0,26,0.8284615384615385,0.8707692307692307,0.02324786324786321,100.0,27.0,26,"rango LOO rho [0.828, 0.871]; cambio máximo 0.023",Sin identidad directa predeclarada; evaluar dependencia por arquitectura y protocolo,"Asociación positiva en rangos; diferencia r−rho=0.020; valorar junto con soporte, empates y sensibilidad",Posensayo; unidad corroborada con tesis PDF pp.117/121 (docs/trazabilidad_datos.md); ausencia de energía no demuestra ausencia de evento/ciclo; Posensayo; unidad corroborada con tesis PDF pp.117/121 (docs/trazabilidad_datos.md); ausencia de energía no demuestra ausencia de evento/ciclo; LOO no es IC ni validación predictiva; no implica causalidad
Dissipated_cycle_2,Dissipated_cycle_5,26,0.08685011320415235,0.7039316239316239,0.5076923076923078,0.0,0.0,-0.6170815107274715,0.021305177287056495,0.8221863367281866,0.7353362235240343,100.0,5.0,26,0.666923076923077,0.7953846153846154,0.09145299145299146,100.0,5.0,26,"rango LOO rho [0.667, 0.795]; cambio máximo 0.091",Sin identidad directa predeclarada; evaluar dependencia por arquitectura y protocolo,"Asociación positiva en rangos; diferencia r−rho=-0.617; valorar junto con soporte, empates y sensibilidad",Posensayo; unidad corroborada con tesis PDF pp.117/121 (docs/trazabilidad_datos.md); ausencia de energía no demuestra ausencia de evento/ciclo; Posensayo; unidad corroborada con tesis PDF pp.117/121 (docs/trazabilidad_datos.md); ausencia de energía no demuestra ausencia de evento/ciclo; LOO no es IC ni validación predictiva; no implica causalidad
Dissipated_cycle_2,Dissipated_cycle_6,20,0.8050580458653229,0.7864661654135339,0.6000000000000001,0.0,0.0,0.018591880451789056,0.7425020690228727,0.8412131616951339,0.06255597684245018,100.0,9.0,20,0.750877192982456,0.8543859649122806,0.06791979949874671,100.0,4.0,20,"rango LOO rho [0.751, 0.854]; cambio máximo 0.068",Sin identidad directa predeclarada; evaluar dependencia por arquitectura y protocolo,"Asociación positiva en rangos; diferencia r−rho=0.019; valorar junto con soporte, empates y sensibilidad",Posensayo; unidad corroborada con tesis PDF pp.117/121 (docs/trazabilidad_datos.md); ausencia de energía no demuestra ausencia de evento/ciclo; Posensayo; unidad corroborada con tesis PDF pp.117/121 (docs/trazabilidad_datos.md); ausencia de energía no demuestra ausencia de evento/ciclo; LOO no es IC ni validación predictiva; no implica causalidad
Dissipated_cycle_2,Dissipated_cycle_7,7,0.5255424888819641,0.4285714285714285,0.33333333333333337,0.0,0.0,0.0969710603105356,0.3933985427664189,0.6874909191300405,0.16194843024807637,100.0,27.0,7,0.3142857142857143,0.7714285714285715,0.34285714285714297,100.0,27.0,7,"rango LOO rho [0.314, 0.771]; cambio máximo 0.343",Sin identidad directa predeclarada; evaluar dependencia por arquitectura y protocolo,"Asociación positiva en rangos; diferencia r−rho=0.097; valorar junto con soporte, empates y sensibilidad",Posensayo; unidad corroborada con tesis PDF pp.117/121 (docs/trazabilidad_datos.md); ausencia de energía no demuestra ausencia de evento/ciclo; Posensayo; unidad corroborada con tesis PDF pp.117/121 (docs/trazabilidad_datos.md); ausencia de energía no demuestra ausencia de evento/ciclo; LOO no es IC ni validación predictiva; no implica causalidad
Dissipated_cycle_2,Fracture_event_1,26,0.6489736713696463,0.7476923076923077,0.556923076923077,0.0,0.0,-0.09871863632266131,0.6132745444150383,0.7272336711569536,0.07825999978730724,100.0,26.0,26,0.7192307692307692,0.8161538461538461,0.06846153846153846,100.0,26.0,26,"rango LOO rho [0.719, 0.816]; cambio máximo 0.068",Sin identidad directa predeclarada; evaluar dependencia por arquitectura y protocolo,"Asociación positiva en rangos; diferencia r−rho=-0.099; valorar junto con soporte, empates y sensibilidad",Posensayo; unidad corroborada con tesis PDF pp.117/121 (docs/trazabilidad_datos.md); ausencia de energía no demuestra ausencia de evento/ciclo; Posensayo; unidad corroborada con tesis PDF pp.117/121 (docs/trazabilidad_datos.md); ausencia de energía no demuestra ausencia de evento/ciclo; LOO no es IC ni validación predictiva; no implica causalidad
Dissipated_cycle_2,Fracture_event_2,24,0.38120224843156053,0.36782608695652175,0.2681159420289855,0.0,0.0,0.013376161475038784,0.30832294041906455,0.5130700073444852,0.13186775891292463,100.0,19.0,24,0.30039525691699603,0.4624505928853755,0.09462450592885374,100.0,10.0,24,"rango LOO rho [0.300, 0.462]; cambio máximo 0.095",Sin identidad directa predeclarada; evaluar dependencia por arquitectura y protocolo,"Asociación positiva en rangos; diferencia r−rho=0.013; valorar junto con soporte, empates y sensibilidad",Posensayo; unidad corroborada con tesis PDF pp.117/121 (docs/trazabilidad_datos.md); ausencia de energía no demuestra ausencia de evento/ciclo; Posensayo; unidad corroborada con tesis PDF pp.117/121 (docs/trazabilidad_datos.md); ausencia de energía no demuestra ausencia de evento/ciclo; LOO no es IC ni validación predictiva; no implica causalidad
Dissipated_cycle_2,Fracture_event_3,22,0.47087764625106016,0.44776962168266515,0.2813852813852814,0.0,0.0,0.023108024568395003,0.4246476767919511,0.5977598668609161,0.12688222060985593,100.0,19.0,22,0.38701298701298703,0.522077922077922,0.07430830039525688,100.0,11.0,22,"rango LOO rho [0.387, 0.522]; cambio máximo 0.074",Sin identidad directa predeclarada; evaluar dependencia por arquitectura y protocolo,"Asociación positiva en rangos; diferencia r−rho=0.023; valorar junto con soporte, empates y sensibilidad",Posensayo; unidad corroborada con tesis PDF pp.117/121 (docs/trazabilidad_datos.md); ausencia de energía no demuestra ausencia de evento/ciclo; Posensayo; unidad corroborada con tesis PDF pp.117/121 (docs/trazabilidad_datos.md); ausencia de energía no demuestra ausencia de evento/ciclo; LOO no es IC ni validación predictiva; no implica causalidad
Dissipated_cycle_2,Fracture_event_4,19,0.22270390296239076,0.43157894736842095,0.38011695906432746,0.0,0.0,-0.2088750444060302,0.07618127119191491,0.7033933417331859,0.4806894387707952,100.0,19.0,19,0.3684210526315789,0.6842105263157894,0.25263157894736843,100.0,19.0,19,"rango LOO rho [0.368, 0.684]; cambio máximo 0.253",Sin identidad directa predeclarada; evaluar dependencia por arquitectura y protocolo,"Asociación positiva en rangos; diferencia r−rho=-0.209; valorar junto con soporte, empates y sensibilidad",Posensayo; unidad corroborada con tesis PDF pp.117/121 (docs/trazabilidad_datos.md); ausencia de energía no demuestra ausencia de evento/ciclo; Posensayo; unidad corroborada con tesis PDF pp.117/121 (docs/trazabilidad_datos.md); ausencia de energía no demuestra ausencia de evento/ciclo; LOO no es IC ni validación predictiva; no implica causalidad
Dissipated_cycle_2,Fracture_event_5,17,0.03692594758137748,-0.002450980392156863,0.0,0.0,0.0,0.03937692797353434,-0.17099630806271277,0.2710675859970058,0.23414163841562832,76.47058823529412,19.0,17,-0.15588235294117647,0.19705882352941176,0.1995098039215686,58.82352941176471,19.0,17,"rango LOO rho [-0.156, 0.197]; cambio máximo 0.200",Sin identidad directa predeclarada; evaluar dependencia por arquitectura y protocolo,"Asociación negativa en rangos; diferencia r−rho=0.039; valorar junto con soporte, empates y sensibilidad",Posensayo; unidad corroborada con tesis PDF pp.117/121 (docs/trazabilidad_datos.md); ausencia de energía no demuestra ausencia de evento/ciclo; Posensayo; unidad corroborada con tesis PDF pp.117/121 (docs/trazabilidad_datos.md); ausencia de energía no demuestra ausencia de evento/ciclo; LOO no es IC ni validación predictiva; no implica causalidad
Dissipated_cycle_2,Fracture_event_6,7,-0.0850875888202901,0.07142857142857142,0.04761904761904762,0.0,0.0,-0.15651616024886153,-0.5072967632372049,0.23871942222144502,0.42220917441691475,57.14285714285714,4.0,7,-0.2,0.4857142857142857,0.41428571428571426,57.14285714285714,9.0,7,"rango LOO rho [-0.200, 0.486]; cambio máximo 0.414",Sin identidad directa predeclarada; evaluar dependencia por arquitectura y protocolo,"Asociación positiva en rangos; diferencia r−rho=-0.157; valorar junto con soporte, empates y sensibilidad",Posensayo; unidad corroborada con tesis PDF pp.117/121 (docs/trazabilidad_datos.md); ausencia de energía no demuestra ausencia de evento/ciclo; Posensayo; unidad corroborada con tesis PDF pp.117/121 (docs/trazabilidad_datos.md); ausencia de energía no demuestra ausencia de evento/ciclo; LOO no es IC ni validación predictiva; no implica causalidad
Dissipated_cycle_2,Fracture_event_7,6,-0.049954787587055745,-0.02857142857142857,0.06666666666666665,0.0,0.0,-0.021383359015627174,-0.6582662365415224,0.14401836953844455,0.6083114489544666,33.33333333333333,9.0,6,-0.4999999999999999,0.19999999999999996,0.4714285714285713,50.0,9.0,6,"rango LOO rho [-0.500, 0.200]; cambio máximo 0.471",Sin identidad directa predeclarada; evaluar dependencia por arquitectura y protocolo,"Asociación negativa en rangos; diferencia r−rho=-0.021; valorar junto con soporte, empates y sensibilidad",Posensayo; unidad corroborada con tesis PDF pp.117/121 (docs/trazabilidad_datos.md); ausencia de energía no demuestra ausencia de evento/ciclo; Posensayo; unidad corroborada con tesis PDF pp.117/121 (docs/trazabilidad_datos.md); ausencia de energía no demuestra ausencia de evento/ciclo; LOO no es IC ni validación predictiva; no implica causalidad
Dissipated_cycle_2,Fracture_event_8,4,0.26077515071578,0.0,0.0,0.0,0.0,0.26077515071578,-0.01212937640800214,0.9207842223361835,0.6600090716204035,75.0,13.0,4,-0.4999999999999999,0.4999999999999999,0.4999999999999999,,1.0,4,"rango LOO rho [-0.500, 0.500]; cambio máximo 0.500",Sin identidad directa predeclarada; evaluar dependencia por arquitectura y protocolo,"Asociación nula en rangos; diferencia r−rho=0.261; valorar junto con soporte, empates y sensibilidad",Posensayo; unidad corroborada con tesis PDF pp.117/121 (docs/trazabilidad_datos.md); ausencia de energía no demuestra ausencia de evento/ciclo; Posensayo; unidad corroborada con tesis PDF pp.117/121 (docs/trazabilidad_datos.md); ausencia de energía no demuestra ausencia de evento/ciclo; LOO no es IC ni validación predictiva; no implica causalidad
Dissipated_cycle_2,Fracture_event_9,2,,,,0.0,0.0,,,,,,,0,,,,,,0,No identificable: soporte insuficiente o variable constante,Sin identidad directa predeclarada; evaluar dependencia por arquitectura y protocolo,Asociación no identificable con la variación y disponibilidad observadas,Posensayo; unidad corroborada con tesis PDF pp.117/121 (docs/trazabilidad_datos.md); ausencia de energía no demuestra ausencia de evento/ciclo; Posensayo; unidad corroborada con tesis PDF pp.117/121 (docs/trazabilidad_datos.md); ausencia de energía no demuestra ausencia de evento/ciclo; LOO no es IC ni validación predictiva; no implica causalidad
Dissipated_cycle_2,Fracture_event_10,1,,,,0.0,0.0,,,,,,,0,,,,,,0,No identificable: soporte insuficiente o variable constante,Sin identidad directa predeclarada; evaluar dependencia por arquitectura y protocolo,Asociación no identificable con la variación y disponibilidad observadas,Posensayo; unidad corroborada con tesis PDF pp.117/121 (docs/trazabilidad_datos.md); ausencia de energía no demuestra ausencia de evento/ciclo; Posensayo; unidad corroborada con tesis PDF pp.117/121 (docs/trazabilidad_datos.md); ausencia de energía no demuestra ausencia de evento/ciclo; LOO no es IC ni validación predictiva; no implica causalidad
Dissipated_cycle_2,Fracture_event_11,1,,,,0.0,0.0,,,,,,,0,,,,,,0,No identificable: soporte insuficiente o variable constante,Sin identidad directa predeclarada; evaluar dependencia por arquitectura y protocolo,Asociación no identificable con la variación y disponibilidad observadas,Posensayo; unidad corroborada con tesis PDF pp.117/121 (docs/trazabilidad_datos.md); ausencia de energía no demuestra ausencia de evento/ciclo; Posensayo; unidad corroborada con tesis PDF pp.117/121 (docs/trazabilidad_datos.md); ausencia de energía no demuestra ausencia de evento/ciclo; LOO no es IC ni validación predictiva; no implica causalidad
Dissipated_cycle_2,Fracture_event_12,1,,,,0.0,0.0,,,,,,,0,,,,,,0,No identificable: soporte insuficiente o variable constante,Sin identidad directa predeclarada; evaluar dependencia por arquitectura y protocolo,Asociación no identificable con la variación y disponibilidad observadas,Posensayo; unidad corroborada con tesis PDF pp.117/121 (docs/trazabilidad_datos.md); ausencia de energía no demuestra ausencia de evento/ciclo; Posensayo; unidad corroborada con tesis PDF pp.117/121 (docs/trazabilidad_datos.md); ausencia de energía no demuestra ausencia de evento/ciclo; LOO no es IC ni validación predictiva; no implica causalidad
Dissipated_cycle_2,Fracture_event_13,1,,,,0.0,0.0,,,,,,,0,,,,,,0,No identificable: soporte insuficiente o variable constante,Sin identidad directa predeclarada; evaluar dependencia por arquitectura y protocolo,Asociación no identificable con la variación y disponibilidad observadas,Posensayo; unidad corroborada con tesis PDF pp.117/121 (docs/trazabilidad_datos.md); ausencia de energía no demuestra ausencia de evento/ciclo; Posensayo; unidad corroborada con tesis PDF pp.117/121 (docs/trazabilidad_datos.md); ausencia de energía no demuestra ausencia de evento/ciclo; LOO no es IC ni validación predictiva; no implica causalidad
Dissipated_cycle_2,Load_ratio_first_over_ultimate,26,0.30537383466173207,0.26085470085470086,0.1876923076923077,0.0,0.0,0.04451913380703121,0.09292296227720402,0.5290545698002165,0.2236807351384844,100.0,26.0,26,0.1853846153846154,0.3892307692307692,0.12837606837606835,100.0,26.0,26,"rango LOO rho [0.185, 0.389]; cambio máximo 0.128",Sin identidad directa predeclarada; evaluar dependencia por arquitectura y protocolo,"Asociación positiva en rangos; diferencia r−rho=0.045; valorar junto con soporte, empates y sensibilidad",Posensayo; unidad corroborada con tesis PDF pp.117/121 (docs/trazabilidad_datos.md); ausencia de energía no demuestra ausencia de evento/ciclo; Cociente primera/rotura final; no factor de seguridad ni reserva de carga; LOO no es IC ni validación predictiva; no implica causalidad
Dissipated_cycle_2,Load_per_specimen_volume,26,0.6339495370148207,0.6635897435897435,0.4892307692307692,0.0,0.0,-0.029640206574922834,0.5939613545082674,0.7241608079103851,0.09021127089556435,100.0,26.0,26,0.6238461538461538,0.76,0.09641025641025647,100.0,26.0,26,"rango LOO rho [0.624, 0.760]; cambio máximo 0.096",Sin identidad directa predeclarada; evaluar dependencia por arquitectura y protocolo,"Asociación positiva en rangos; diferencia r−rho=-0.030; valorar junto con soporte, empates y sensibilidad",Posensayo; unidad corroborada con tesis PDF pp.117/121 (docs/trazabilidad_datos.md); ausencia de energía no demuestra ausencia de evento/ciclo; Índice descriptivo de carga por volumen; no esfuerzo ni resistencia material; LOO no es IC ni validación predictiva; no implica causalidad
Dissipated_cycle_2,Load_per_pivot,26,0.5360653177665087,0.5111111111111111,0.36615384615384616,0.0,0.0,0.024954206655397604,0.4857576713017375,0.602863074731303,0.06679775696479429,100.0,26.0,26,0.4523076923076923,0.5923076923076923,0.08119658119658124,100.0,13.0,26,"rango LOO rho [0.452, 0.592]; cambio máximo 0.081",Sin identidad directa predeclarada; evaluar dependencia por arquitectura y protocolo,"Asociación positiva en rangos; diferencia r−rho=0.025; valorar junto con soporte, empates y sensibilidad",Posensayo; unidad corroborada con tesis PDF pp.117/121 (docs/trazabilidad_datos.md); ausencia de energía no demuestra ausencia de evento/ciclo; No presupone reparto uniforme de cargas entre pivotes; LOO no es IC ni validación predictiva; no implica causalidad
Dissipated_cycle_2,Load_per_cell_Y,26,0.6290942455477423,0.6232478632478633,0.45230769230769236,0.0,0.0,0.005846382299878994,0.5871388911951606,0.714264066417208,0.08516982086946567,100.0,26.0,26,0.5784615384615385,0.7092307692307692,0.08598290598290592,100.0,26.0,26,"rango LOO rho [0.578, 0.709]; cambio máximo 0.086",Sin identidad directa predeclarada; evaluar dependencia por arquitectura y protocolo,"Asociación positiva en rangos; diferencia r−rho=0.006; valorar junto con soporte, empates y sensibilidad",Posensayo; unidad corroborada con tesis PDF pp.117/121 (docs/trazabilidad_datos.md); ausencia de energía no demuestra ausencia de evento/ciclo; Normalización por conteo en Y; no fuerza medida en cada celda; LOO no es IC ni validación predictiva; no implica causalidad
Dissipated_cycle_2,Fracture_observed_sum,26,0.640243234309026,0.6752136752136753,0.5384615384615385,0.0,0.0,-0.03497044090464929,0.6173371054329929,0.7213649517860531,0.08112171747702712,100.0,26.0,26,0.6530769230769231,0.7984615384615384,0.12324786324786319,100.0,26.0,26,"rango LOO rho [0.653, 0.798]; cambio máximo 0.123",Sin identidad directa predeclarada; evaluar dependencia por arquitectura y protocolo,"Asociación positiva en rangos; diferencia r−rho=-0.035; valorar junto con soporte, empates y sensibilidad",Posensayo; unidad corroborada con tesis PDF pp.117/121 (docs/trazabilidad_datos.md); ausencia de energía no demuestra ausencia de evento/ciclo; Suma observada de longitud variable; no energía total del ensayo; LOO no es IC ni validación predictiva; no implica causalidad
Dissipated_cycle_2,Fracture_registered_events,26,-0.30023725620337777,-0.370505351847309,-0.2623423896585619,0.0,61.53846153846154,0.07026809564393122,-0.3595320194533229,-0.24187332128406525,0.05929476324994515,100.0,13.0,26,-0.45541199194384735,-0.30374069043108,0.08490664009653837,100.0,13.0,26,"rango LOO rho [-0.455, -0.304]; cambio máximo 0.085",Sin identidad directa predeclarada; evaluar dependencia por arquitectura y protocolo,"Asociación negativa en rangos; diferencia r−rho=0.070; valorar junto con soporte, empates y sensibilidad","Posensayo; unidad corroborada con tesis PDF pp.117/121 (docs/trazabilidad_datos.md); ausencia de energía no demuestra ausencia de evento/ciclo; Disponibilidad de registro, no conteo verificado de todas las fracturas; LOO no es IC ni validación predictiva; no implica causalidad"
Dissipated_cycle_2,Fracture_initial_share,26,0.4336880211521225,0.30945461214799697,0.19106340092202337,0.0,3.8461538461538436,0.12423340900412555,0.35804825358294,0.5058813217629974,0.0756397675691825,100.0,19.0,26,0.22846153846153847,0.407386043312035,0.09793143116403802,100.0,10.0,26,"rango LOO rho [0.228, 0.407]; cambio máximo 0.098",Sin identidad directa predeclarada; evaluar dependencia por arquitectura y protocolo,"Asociación positiva en rangos; diferencia r−rho=0.124; valorar junto con soporte, empates y sensibilidad",Posensayo; unidad corroborada con tesis PDF pp.117/121 (docs/trazabilidad_datos.md); ausencia de energía no demuestra ausencia de evento/ciclo; Comparte numerador y denominador con otras respuestas; sensible a cobertura de eventos; LOO no es IC ni validación predictiva; no implica causalidad
Dissipated_cycle_2,Residual_fraction_cycle1,26,-0.754326244530361,-0.7606837606837606,-0.5815384615384616,0.0,0.0,0.006357516153399634,-0.7907919934709067,-0.6984851589135811,0.05584108561677992,100.0,9.0,26,-0.7907692307692308,-0.7307692307692307,0.030085470085470134,100.0,13.0,26,"rango LOO rho [-0.791, -0.731]; cambio máximo 0.030",Sin identidad directa predeclarada; evaluar dependencia por arquitectura y protocolo,"Asociación negativa en rangos; diferencia r−rho=0.006; valorar junto con soporte, empates y sensibilidad",Posensayo; unidad corroborada con tesis PDF pp.117/121 (docs/trazabilidad_datos.md); ausencia de energía no demuestra ausencia de evento/ciclo; Amplitud nominal del nombre de columna; no deformación unitaria; LOO no es IC ni validación predictiva; no implica causalidad
Dissipated_cycle_2,Residual_fraction_cycle2,26,-0.663944458157986,-0.6663247863247863,-0.49538461538461537,0.0,0.0,0.0023803281668003384,-0.7038300153403927,-0.5835970645785611,0.08034739357942489,100.0,9.0,26,-0.7284615384615385,-0.6246153846153846,0.06213675213675218,100.0,7.0,26,"rango LOO rho [-0.728, -0.625]; cambio máximo 0.062",Sin identidad directa predeclarada; evaluar dependencia por arquitectura y protocolo,"Asociación negativa en rangos; diferencia r−rho=0.002; valorar junto con soporte, empates y sensibilidad",Posensayo; unidad corroborada con tesis PDF pp.117/121 (docs/trazabilidad_datos.md); ausencia de energía no demuestra ausencia de evento/ciclo; Amplitud nominal del nombre de columna; no deformación unitaria; LOO no es IC ni validación predictiva; no implica causalidad
Dissipated_cycle_2,Residual_fraction_cycle3,26,-0.3520845391626849,-0.3223931623931624,-0.21846153846153846,0.0,0.0,-0.029691376769522493,-0.42954216130338113,-0.2581966325770721,0.0938879065856128,100.0,9.0,26,-0.42,-0.23923076923076922,0.09760683760683758,100.0,8.0,26,"rango LOO rho [-0.420, -0.239]; cambio máximo 0.098",Sin identidad directa predeclarada; evaluar dependencia por arquitectura y protocolo,"Asociación negativa en rangos; diferencia r−rho=-0.030; valorar junto con soporte, empates y sensibilidad",Posensayo; unidad corroborada con tesis PDF pp.117/121 (docs/trazabilidad_datos.md); ausencia de energía no demuestra ausencia de evento/ciclo; Amplitud nominal del nombre de columna; no deformación unitaria; LOO no es IC ni validación predictiva; no implica causalidad
Dissipated_cycle_2,Residual_fraction_cycle4,26,-0.020490617728051542,-0.11794871794871795,-0.07076923076923078,0.0,0.0,0.09745810022066641,-0.12686581758470025,0.08812341160558926,0.1086140293336408,73.07692307692307,25.0,26,-0.20846153846153845,-0.013076923076923076,0.10487179487179488,100.0,9.0,26,"rango LOO rho [-0.208, -0.013]; cambio máximo 0.105",Sin identidad directa predeclarada; evaluar dependencia por arquitectura y protocolo,"Asociación negativa en rangos; diferencia r−rho=0.097; valorar junto con soporte, empates y sensibilidad",Posensayo; unidad corroborada con tesis PDF pp.117/121 (docs/trazabilidad_datos.md); ausencia de energía no demuestra ausencia de evento/ciclo; Amplitud nominal del nombre de columna; no deformación unitaria; LOO no es IC ni validación predictiva; no implica causalidad
Dissipated_cycle_2,Residual_fraction_cycle5,26,0.16726222627181894,0.1755046596254908,0.12983138022438911,0.0,7.692307692307687,-0.008242433353671863,0.07092203366112043,0.2528008958500147,0.09634019261069851,100.0,19.0,26,0.09237878025993641,0.30177068218245895,0.12626602255696814,100.0,3.0,26,"rango LOO rho [0.092, 0.302]; cambio máximo 0.126",Sin identidad directa predeclarada; evaluar dependencia por arquitectura y protocolo,"Asociación positiva en rangos; diferencia r−rho=-0.008; valorar junto con soporte, empates y sensibilidad",Posensayo; unidad corroborada con tesis PDF pp.117/121 (docs/trazabilidad_datos.md); ausencia de energía no demuestra ausencia de evento/ciclo; Amplitud nominal del nombre de columna; no deformación unitaria; LOO no es IC ni validación predictiva; no implica causalidad
Dissipated_cycle_2,Residual_fraction_cycle6,20,-0.027178043314581155,0.09480815324980188,0.07407511093795491,0.0,9.999999999999998,-0.12198619656438303,-0.15150687565014953,0.050219734636361694,0.12432883233556838,75.0,19.0,20,-0.024582976989882117,0.19929770631083002,0.11939113023968399,90.0,19.0,20,"rango LOO rho [-0.025, 0.199]; cambio máximo 0.119",Sin identidad directa predeclarada; evaluar dependencia por arquitectura y protocolo,"Asociación positiva en rangos; diferencia r−rho=-0.122; valorar junto con soporte, empates y sensibilidad",Posensayo; unidad corroborada con tesis PDF pp.117/121 (docs/trazabilidad_datos.md); ausencia de energía no demuestra ausencia de evento/ciclo; Amplitud nominal del nombre de columna; no deformación unitaria; LOO no es IC ni validación predictiva; no implica causalidad
Dissipated_cycle_2,Recovery_complement_cycle6,20,0.02717804331458114,-0.09480815324980188,-0.07407511093795491,0.0,9.999999999999998,0.12198619656438302,-0.050219734636361715,0.15150687565014953,0.12432883233556839,75.0,19.0,20,-0.19929770631083002,0.024582976989882117,0.11939113023968399,90.0,19.0,20,"rango LOO rho [-0.199, 0.025]; cambio máximo 0.119",Sin identidad directa predeclarada; evaluar dependencia por arquitectura y protocolo,"Asociación negativa en rangos; diferencia r−rho=0.122; valorar junto con soporte, empates y sensibilidad",Posensayo; unidad corroborada con tesis PDF pp.117/121 (docs/trazabilidad_datos.md); ausencia de energía no demuestra ausencia de evento/ciclo; Proxy complemento nominal; requiere protocolo para interpretar recuperación elástica; LOO no es IC ni validación predictiva; no implica causalidad
Dissipated_cycle_3,Dissipated_cycle_4,26,0.9341023633389642,0.9165811965811966,0.7846153846153847,0.0,0.0,0.017521166757767603,0.9208027566668423,0.9497300445929995,0.01562768125403524,100.0,11.0,26,0.9061538461538462,0.9446153846153846,0.028034188034188,100.0,11.0,26,"rango LOO rho [0.906, 0.945]; cambio máximo 0.028",Sin identidad directa predeclarada; evaluar dependencia por arquitectura y protocolo,"Asociación positiva en rangos; diferencia r−rho=0.018; valorar junto con soporte, empates y sensibilidad",Posensayo; unidad corroborada con tesis PDF pp.117/121 (docs/trazabilidad_datos.md); ausencia de energía no demuestra ausencia de evento/ciclo; Posensayo; unidad corroborada con tesis PDF pp.117/121 (docs/trazabilidad_datos.md); ausencia de energía no demuestra ausencia de evento/ciclo; LOO no es IC ni validación predictiva; no implica causalidad
Dissipated_cycle_3,Dissipated_cycle_5,26,0.04697222510949512,0.7032478632478633,0.5815384615384616,0.0,0.0,-0.6562756381383681,-0.023949609309964596,0.8611186865265333,0.8141464614170382,96.15384615384616,5.0,26,0.6661538461538462,0.8384615384615385,0.13521367521367522,100.0,5.0,26,"rango LOO rho [0.666, 0.838]; cambio máximo 0.135",Sin identidad directa predeclarada; evaluar dependencia por arquitectura y protocolo,"Asociación positiva en rangos; diferencia r−rho=-0.656; valorar junto con soporte, empates y sensibilidad",Posensayo; unidad corroborada con tesis PDF pp.117/121 (docs/trazabilidad_datos.md); ausencia de energía no demuestra ausencia de evento/ciclo; Posensayo; unidad corroborada con tesis PDF pp.117/121 (docs/trazabilidad_datos.md); ausencia de energía no demuestra ausencia de evento/ciclo; LOO no es IC ni validación predictiva; no implica causalidad
Dissipated_cycle_3,Dissipated_cycle_6,20,0.715670288879706,0.7007518796992481,0.5263157894736842,0.0,0.0,0.014918409180457837,0.6272025224981354,0.801703729565596,0.08846776638157061,100.0,9.0,20,0.650877192982456,0.7596491228070174,0.058897243107769226,100.0,4.0,20,"rango LOO rho [0.651, 0.760]; cambio máximo 0.059",Sin identidad directa predeclarada; evaluar dependencia por arquitectura y protocolo,"Asociación positiva en rangos; diferencia r−rho=0.015; valorar junto con soporte, empates y sensibilidad",Posensayo; unidad corroborada con tesis PDF pp.117/121 (docs/trazabilidad_datos.md); ausencia de energía no demuestra ausencia de evento/ciclo; Posensayo; unidad corroborada con tesis PDF pp.117/121 (docs/trazabilidad_datos.md); ausencia de energía no demuestra ausencia de evento/ciclo; LOO no es IC ni validación predictiva; no implica causalidad
Dissipated_cycle_3,Dissipated_cycle_7,7,0.4884108794372365,0.21428571428571425,0.14285714285714288,0.0,0.0,0.27412516515152224,0.23803856700199413,0.755732486415226,0.26732160697798946,100.0,21.0,7,-0.08571428571428572,0.6571428571428571,0.4428571428571429,85.71428571428571,21.0,7,"rango LOO rho [-0.086, 0.657]; cambio máximo 0.443",Sin identidad directa predeclarada; evaluar dependencia por arquitectura y protocolo,"Asociación positiva en rangos; diferencia r−rho=0.274; valorar junto con soporte, empates y sensibilidad",Posensayo; unidad corroborada con tesis PDF pp.117/121 (docs/trazabilidad_datos.md); ausencia de energía no demuestra ausencia de evento/ciclo; Posensayo; unidad corroborada con tesis PDF pp.117/121 (docs/trazabilidad_datos.md); ausencia de energía no demuestra ausencia de evento/ciclo; LOO no es IC ni validación predictiva; no implica causalidad
Dissipated_cycle_3,Fracture_event_1,26,0.740428501240939,0.8078632478632478,0.5938461538461539,0.0,0.0,-0.06743474662230886,0.7151702690976907,0.7824821325762175,0.04205363133527851,100.0,26.0,26,0.79,0.8338461538461538,0.02598290598290598,100.0,11.0,26,"rango LOO rho [0.790, 0.834]; cambio máximo 0.026",Sin identidad directa predeclarada; evaluar dependencia por arquitectura y protocolo,"Asociación positiva en rangos; diferencia r−rho=-0.067; valorar junto con soporte, empates y sensibilidad",Posensayo; unidad corroborada con tesis PDF pp.117/121 (docs/trazabilidad_datos.md); ausencia de energía no demuestra ausencia de evento/ciclo; Posensayo; unidad corroborada con tesis PDF pp.117/121 (docs/trazabilidad_datos.md); ausencia de energía no demuestra ausencia de evento/ciclo; LOO no es IC ni validación predictiva; no implica causalidad
Dissipated_cycle_3,Fracture_event_2,24,0.4634280099042657,0.44782608695652176,0.3115942028985507,0.0,0.0,0.01560192294774393,0.372505134931508,0.556725087470489,0.0932970775662233,100.0,19.0,24,0.3804347826086957,0.5187747035573123,0.07094861660079049,100.0,19.0,24,"rango LOO rho [0.380, 0.519]; cambio máximo 0.071",Sin identidad directa predeclarada; evaluar dependencia por arquitectura y protocolo,"Asociación positiva en rangos; diferencia r−rho=0.016; valorar junto con soporte, empates y sensibilidad",Posensayo; unidad corroborada con tesis PDF pp.117/121 (docs/trazabilidad_datos.md); ausencia de energía no demuestra ausencia de evento/ciclo; Posensayo; unidad corroborada con tesis PDF pp.117/121 (docs/trazabilidad_datos.md); ausencia de energía no demuestra ausencia de evento/ciclo; LOO no es IC ni validación predictiva; no implica causalidad
Dissipated_cycle_3,Fracture_event_3,22,0.3857073227394305,0.3020892151326934,0.20346320346320346,0.0,0.0,0.0836181076067371,0.32521412935652044,0.4598144978445351,0.07410717510510462,100.0,11.0,22,0.22207792207792207,0.4051948051948052,0.10310559006211184,100.0,11.0,22,"rango LOO rho [0.222, 0.405]; cambio máximo 0.103",Sin identidad directa predeclarada; evaluar dependencia por arquitectura y protocolo,"Asociación positiva en rangos; diferencia r−rho=0.084; valorar junto con soporte, empates y sensibilidad",Posensayo; unidad corroborada con tesis PDF pp.117/121 (docs/trazabilidad_datos.md); ausencia de energía no demuestra ausencia de evento/ciclo; Posensayo; unidad corroborada con tesis PDF pp.117/121 (docs/trazabilidad_datos.md); ausencia de energía no demuestra ausencia de evento/ciclo; LOO no es IC ni validación predictiva; no implica causalidad
Dissipated_cycle_3,Fracture_event_4,19,0.2546006352708421,0.44736842105263147,0.391812865497076,0.0,0.0,-0.19276778578178938,0.09534531893752075,0.6828638040388088,0.42826316876796666,100.0,19.0,19,0.3869969040247678,0.7027863777089782,0.25541795665634676,100.0,19.0,19,"rango LOO rho [0.387, 0.703]; cambio máximo 0.255",Sin identidad directa predeclarada; evaluar dependencia por arquitectura y protocolo,"Asociación positiva en rangos; diferencia r−rho=-0.193; valorar junto con soporte, empates y sensibilidad",Posensayo; unidad corroborada con tesis PDF pp.117/121 (docs/trazabilidad_datos.md); ausencia de energía no demuestra ausencia de evento/ciclo; Posensayo; unidad corroborada con tesis PDF pp.117/121 (docs/trazabilidad_datos.md); ausencia de energía no demuestra ausencia de evento/ciclo; LOO no es IC ni validación predictiva; no implica causalidad
Dissipated_cycle_3,Fracture_event_5,17,0.0029386989038384394,-0.029411764705882356,0.014705882352941175,0.0,0.0,0.0323504636097208,-0.13076008209800782,0.19757006832341747,0.19463136941957904,47.05882352941176,19.0,17,-0.14411764705882352,0.16470588235294117,0.19411764705882353,70.58823529411765,19.0,17,"rango LOO rho [-0.144, 0.165]; cambio máximo 0.194",Sin identidad directa predeclarada; evaluar dependencia por arquitectura y protocolo,"Asociación negativa en rangos; diferencia r−rho=0.032; valorar junto con soporte, empates y sensibilidad",Posensayo; unidad corroborada con tesis PDF pp.117/121 (docs/trazabilidad_datos.md); ausencia de energía no demuestra ausencia de evento/ciclo; Posensayo; unidad corroborada con tesis PDF pp.117/121 (docs/trazabilidad_datos.md); ausencia de energía no demuestra ausencia de evento/ciclo; LOO no es IC ni validación predictiva; no implica causalidad
Dissipated_cycle_3,Fracture_event_6,7,-0.13522150263517083,0.07142857142857142,0.04761904761904762,0.0,0.0,-0.20665007406374225,-0.574511643350126,0.24176724959322843,0.4392901407149551,85.71428571428571,4.0,7,-0.14285714285714285,0.4857142857142857,0.41428571428571426,57.14285714285714,9.0,7,"rango LOO rho [-0.143, 0.486]; cambio máximo 0.414",Sin identidad directa predeclarada; evaluar dependencia por arquitectura y protocolo,"Asociación positiva en rangos; diferencia r−rho=-0.207; valorar junto con soporte, empates y sensibilidad",Posensayo; unidad corroborada con tesis PDF pp.117/121 (docs/trazabilidad_datos.md); ausencia de energía no demuestra ausencia de evento/ciclo; Posensayo; unidad corroborada con tesis PDF pp.117/121 (docs/trazabilidad_datos.md); ausencia de energía no demuestra ausencia de evento/ciclo; LOO no es IC ni validación predictiva; no implica causalidad
Dissipated_cycle_3,Fracture_event_7,6,0.009686946767791757,-0.08571428571428572,-0.06666666666666665,0.0,0.0,0.09540123248207748,-0.6036242588381289,0.18068651041927183,0.6133112056059207,66.66666666666666,9.0,6,-0.5999999999999999,0.09999999999999998,0.5142857142857141,50.0,9.0,6,"rango LOO rho [-0.600, 0.100]; cambio máximo 0.514",Sin identidad directa predeclarada; evaluar dependencia por arquitectura y protocolo,"Asociación negativa en rangos; diferencia r−rho=0.095; valorar junto con soporte, empates y sensibilidad",Posensayo; unidad corroborada con tesis PDF pp.117/121 (docs/trazabilidad_datos.md); ausencia de energía no demuestra ausencia de evento/ciclo; Posensayo; unidad corroborada con tesis PDF pp.117/121 (docs/trazabilidad_datos.md); ausencia de energía no demuestra ausencia de evento/ciclo; LOO no es IC ni validación predictiva; no implica causalidad
Dissipated_cycle_3,Fracture_event_8,4,0.38452564325081223,0.0,0.0,0.0,0.0,0.38452564325081223,-0.3607574468565174,0.628109028172361,0.7452830901073296,75.0,4.0,4,-0.4999999999999999,0.4999999999999999,0.4999999999999999,,1.0,4,"rango LOO rho [-0.500, 0.500]; cambio máximo 0.500",Sin identidad directa predeclarada; evaluar dependencia por arquitectura y protocolo,"Asociación nula en rangos; diferencia r−rho=0.385; valorar junto con soporte, empates y sensibilidad",Posensayo; unidad corroborada con tesis PDF pp.117/121 (docs/trazabilidad_datos.md); ausencia de energía no demuestra ausencia de evento/ciclo; Posensayo; unidad corroborada con tesis PDF pp.117/121 (docs/trazabilidad_datos.md); ausencia de energía no demuestra ausencia de evento/ciclo; LOO no es IC ni validación predictiva; no implica causalidad
Dissipated_cycle_3,Fracture_event_9,2,,,,0.0,0.0,,,,,,,0,,,,,,0,No identificable: soporte insuficiente o variable constante,Sin identidad directa predeclarada; evaluar dependencia por arquitectura y protocolo,Asociación no identificable con la variación y disponibilidad observadas,Posensayo; unidad corroborada con tesis PDF pp.117/121 (docs/trazabilidad_datos.md); ausencia de energía no demuestra ausencia de evento/ciclo; Posensayo; unidad corroborada con tesis PDF pp.117/121 (docs/trazabilidad_datos.md); ausencia de energía no demuestra ausencia de evento/ciclo; LOO no es IC ni validación predictiva; no implica causalidad
Dissipated_cycle_3,Fracture_event_10,1,,,,0.0,0.0,,,,,,,0,,,,,,0,No identificable: soporte insuficiente o variable constante,Sin identidad directa predeclarada; evaluar dependencia por arquitectura y protocolo,Asociación no identificable con la variación y disponibilidad observadas,Posensayo; unidad corroborada con tesis PDF pp.117/121 (docs/trazabilidad_datos.md); ausencia de energía no demuestra ausencia de evento/ciclo; Posensayo; unidad corroborada con tesis PDF pp.117/121 (docs/trazabilidad_datos.md); ausencia de energía no demuestra ausencia de evento/ciclo; LOO no es IC ni validación predictiva; no implica causalidad
Dissipated_cycle_3,Fracture_event_11,1,,,,0.0,0.0,,,,,,,0,,,,,,0,No identificable: soporte insuficiente o variable constante,Sin identidad directa predeclarada; evaluar dependencia por arquitectura y protocolo,Asociación no identificable con la variación y disponibilidad observadas,Posensayo; unidad corroborada con tesis PDF pp.117/121 (docs/trazabilidad_datos.md); ausencia de energía no demuestra ausencia de evento/ciclo; Posensayo; unidad corroborada con tesis PDF pp.117/121 (docs/trazabilidad_datos.md); ausencia de energía no demuestra ausencia de evento/ciclo; LOO no es IC ni validación predictiva; no implica causalidad
Dissipated_cycle_3,Fracture_event_12,1,,,,0.0,0.0,,,,,,,0,,,,,,0,No identificable: soporte insuficiente o variable constante,Sin identidad directa predeclarada; evaluar dependencia por arquitectura y protocolo,Asociación no identificable con la variación y disponibilidad observadas,Posensayo; unidad corroborada con tesis PDF pp.117/121 (docs/trazabilidad_datos.md); ausencia de energía no demuestra ausencia de evento/ciclo; Posensayo; unidad corroborada con tesis PDF pp.117/121 (docs/trazabilidad_datos.md); ausencia de energía no demuestra ausencia de evento/ciclo; LOO no es IC ni validación predictiva; no implica causalidad
Dissipated_cycle_3,Fracture_event_13,1,,,,0.0,0.0,,,,,,,0,,,,,,0,No identificable: soporte insuficiente o variable constante,Sin identidad directa predeclarada; evaluar dependencia por arquitectura y protocolo,Asociación no identificable con la variación y disponibilidad observadas,Posensayo; unidad corroborada con tesis PDF pp.117/121 (docs/trazabilidad_datos.md); ausencia de energía no demuestra ausencia de evento/ciclo; Posensayo; unidad corroborada con tesis PDF pp.117/121 (docs/trazabilidad_datos.md); ausencia de energía no demuestra ausencia de evento/ciclo; LOO no es IC ni validación predictiva; no implica causalidad
Dissipated_cycle_3,Load_ratio_first_over_ultimate,26,0.4716991545812092,0.49743589743589745,0.3476923076923077,0.0,0.0,-0.025736742854688244,0.35821102171050334,0.6419211601266177,0.1702220055454085,100.0,26.0,26,0.44769230769230767,0.5623076923076923,0.06487179487179484,100.0,10.0,26,"rango LOO rho [0.448, 0.562]; cambio máximo 0.065",Sin identidad directa predeclarada; evaluar dependencia por arquitectura y protocolo,"Asociación positiva en rangos; diferencia r−rho=-0.026; valorar junto con soporte, empates y sensibilidad",Posensayo; unidad corroborada con tesis PDF pp.117/121 (docs/trazabilidad_datos.md); ausencia de energía no demuestra ausencia de evento/ciclo; Cociente primera/rotura final; no factor de seguridad ni reserva de carga; LOO no es IC ni validación predictiva; no implica causalidad
Dissipated_cycle_3,Load_per_specimen_volume,26,0.7170984236539132,0.7333333333333333,0.5261538461538462,0.0,0.0,-0.016234909679420095,0.6882260958524147,0.7675460251539084,0.050447601499995165,100.0,26.0,26,0.7061538461538461,0.7684615384615384,0.03512820512820514,100.0,26.0,26,"rango LOO rho [0.706, 0.768]; cambio máximo 0.035",Sin identidad directa predeclarada; evaluar dependencia por arquitectura y protocolo,"Asociación positiva en rangos; diferencia r−rho=-0.016; valorar junto con soporte, empates y sensibilidad",Posensayo; unidad corroborada con tesis PDF pp.117/121 (docs/trazabilidad_datos.md); ausencia de energía no demuestra ausencia de evento/ciclo; Índice descriptivo de carga por volumen; no esfuerzo ni resistencia material; LOO no es IC ni validación predictiva; no implica causalidad
Dissipated_cycle_3,Load_per_pivot,26,0.6024333215476076,0.6403418803418803,0.44000000000000006,0.0,0.0,-0.037908558794272684,0.5643441955840749,0.6799901600880638,0.07755683854045614,100.0,3.0,26,0.6130769230769231,0.7023076923076923,0.06196581196581197,100.0,3.0,26,"rango LOO rho [0.613, 0.702]; cambio máximo 0.062",Sin identidad directa predeclarada; evaluar dependencia por arquitectura y protocolo,"Asociación positiva en rangos; diferencia r−rho=-0.038; valorar junto con soporte, empates y sensibilidad",Posensayo; unidad corroborada con tesis PDF pp.117/121 (docs/trazabilidad_datos.md); ausencia de energía no demuestra ausencia de evento/ciclo; No presupone reparto uniforme de cargas entre pivotes; LOO no es IC ni validación predictiva; no implica causalidad
Dissipated_cycle_3,Load_per_cell_Y,26,0.7087086719706449,0.7114529914529915,0.513846153846154,0.0,0.0,-0.0027443194823465467,0.6782446503097745,0.7554184032426159,0.04670973127197098,100.0,26.0,26,0.6884615384615385,0.7561538461538462,0.04470085470085472,100.0,3.0,26,"rango LOO rho [0.688, 0.756]; cambio máximo 0.045",Sin identidad directa predeclarada; evaluar dependencia por arquitectura y protocolo,"Asociación positiva en rangos; diferencia r−rho=-0.003; valorar junto con soporte, empates y sensibilidad",Posensayo; unidad corroborada con tesis PDF pp.117/121 (docs/trazabilidad_datos.md); ausencia de energía no demuestra ausencia de evento/ciclo; Normalización por conteo en Y; no fuerza medida en cada celda; LOO no es IC ni validación predictiva; no implica causalidad
Dissipated_cycle_3,Fracture_observed_sum,26,0.7044908137156443,0.788034188034188,0.5876923076923077,0.0,0.0,-0.08354337431854375,0.6792261943697245,0.7478007311807658,0.04330991746512158,100.0,26.0,26,0.7661538461538462,0.8292307692307692,0.041196581196581206,100.0,26.0,26,"rango LOO rho [0.766, 0.829]; cambio máximo 0.041",Sin identidad directa predeclarada; evaluar dependencia por arquitectura y protocolo,"Asociación positiva en rangos; diferencia r−rho=-0.084; valorar junto con soporte, empates y sensibilidad",Posensayo; unidad corroborada con tesis PDF pp.117/121 (docs/trazabilidad_datos.md); ausencia de energía no demuestra ausencia de evento/ciclo; Suma observada de longitud variable; no energía total del ensayo; LOO no es IC ni validación predictiva; no implica causalidad
Dissipated_cycle_3,Fracture_registered_events,26,-0.30672526392490246,-0.34124565231988113,-0.22870874995874624,0.0,61.53846153846154,0.034520388394978674,-0.35134980563516305,-0.26292050087938995,0.04462454171026059,100.0,11.0,26,-0.4132147269560433,-0.2794573586928154,0.07196907463616214,100.0,11.0,26,"rango LOO rho [-0.413, -0.279]; cambio máximo 0.072",Sin identidad directa predeclarada; evaluar dependencia por arquitectura y protocolo,"Asociación negativa en rangos; diferencia r−rho=0.035; valorar junto con soporte, empates y sensibilidad","Posensayo; unidad corroborada con tesis PDF pp.117/121 (docs/trazabilidad_datos.md); ausencia de energía no demuestra ausencia de evento/ciclo; Disponibilidad de registro, no conteo verificado de todas las fracturas; LOO no es IC ni validación predictiva; no implica causalidad"
Dissipated_cycle_3,Fracture_initial_share,26,0.5243660916198499,0.45204309089464306,0.2711867625990009,0.0,3.8461538461538436,0.07232300072520687,0.4731740509024358,0.5710365269461961,0.05119204071741412,100.0,19.0,26,0.39584536219837957,0.5150990670394852,0.0630559761448421,100.0,12.0,26,"rango LOO rho [0.396, 0.515]; cambio máximo 0.063",Sin identidad directa predeclarada; evaluar dependencia por arquitectura y protocolo,"Asociación positiva en rangos; diferencia r−rho=0.072; valorar junto con soporte, empates y sensibilidad",Posensayo; unidad corroborada con tesis PDF pp.117/121 (docs/trazabilidad_datos.md); ausencia de energía no demuestra ausencia de evento/ciclo; Comparte numerador y denominador con otras respuestas; sensible a cobertura de eventos; LOO no es IC ni validación predictiva; no implica causalidad
Dissipated_cycle_3,Residual_fraction_cycle1,26,-0.8500244343178911,-0.8488888888888889,-0.7046153846153846,0.0,0.0,-0.0011355454290021827,-0.8824645272248379,-0.8205710637554098,0.03244009290694683,100.0,6.0,26,-0.8923076923076924,-0.83,0.04341880341880344,100.0,6.0,26,"rango LOO rho [-0.892, -0.830]; cambio máximo 0.043",Sin identidad directa predeclarada; evaluar dependencia por arquitectura y protocolo,"Asociación negativa en rangos; diferencia r−rho=-0.001; valorar junto con soporte, empates y sensibilidad",Posensayo; unidad corroborada con tesis PDF pp.117/121 (docs/trazabilidad_datos.md); ausencia de energía no demuestra ausencia de evento/ciclo; Amplitud nominal del nombre de columna; no deformación unitaria; LOO no es IC ni validación predictiva; no implica causalidad
Dissipated_cycle_3,Residual_fraction_cycle2,26,-0.8166020013308664,-0.8324786324786325,-0.68,0.0,0.0,0.015876631147766163,-0.8425280052291889,-0.7759277967921137,0.0406742045387527,100.0,25.0,26,-0.8646153846153846,-0.8115384615384615,0.032136752136752045,100.0,7.0,26,"rango LOO rho [-0.865, -0.812]; cambio máximo 0.032",Sin identidad directa predeclarada; evaluar dependencia por arquitectura y protocolo,"Asociación negativa en rangos; diferencia r−rho=0.016; valorar junto con soporte, empates y sensibilidad",Posensayo; unidad corroborada con tesis PDF pp.117/121 (docs/trazabilidad_datos.md); ausencia de energía no demuestra ausencia de evento/ciclo; Amplitud nominal del nombre de columna; no deformación unitaria; LOO no es IC ni validación predictiva; no implica causalidad
Dissipated_cycle_3,Residual_fraction_cycle3,26,-0.6042693746001648,-0.561025641025641,-0.4276923076923077,0.0,0.0,-0.043243733574523824,-0.6719481619120417,-0.500617474185777,0.10365190041438788,100.0,25.0,26,-0.6330769230769231,-0.5061538461538462,0.07205128205128208,100.0,8.0,26,"rango LOO rho [-0.633, -0.506]; cambio máximo 0.072",Sin identidad directa predeclarada; evaluar dependencia por arquitectura y protocolo,"Asociación negativa en rangos; diferencia r−rho=-0.043; valorar junto con soporte, empates y sensibilidad",Posensayo; unidad corroborada con tesis PDF pp.117/121 (docs/trazabilidad_datos.md); ausencia de energía no demuestra ausencia de evento/ciclo; Amplitud nominal del nombre de columna; no deformación unitaria; LOO no es IC ni validación predictiva; no implica causalidad
Dissipated_cycle_3,Residual_fraction_cycle4,26,-0.26985158974308815,-0.3100854700854701,-0.20615384615384616,0.0,0.0,0.040233880342381956,-0.3648871639949043,-0.12083728042486032,0.14901430931822784,100.0,25.0,26,-0.39076923076923076,-0.22384615384615383,0.08623931623931627,100.0,25.0,26,"rango LOO rho [-0.391, -0.224]; cambio máximo 0.086",Sin identidad directa predeclarada; evaluar dependencia por arquitectura y protocolo,"Asociación negativa en rangos; diferencia r−rho=0.040; valorar junto con soporte, empates y sensibilidad",Posensayo; unidad corroborada con tesis PDF pp.117/121 (docs/trazabilidad_datos.md); ausencia de energía no demuestra ausencia de evento/ciclo; Amplitud nominal del nombre de columna; no deformación unitaria; LOO no es IC ni validación predictiva; no implica causalidad
Dissipated_cycle_3,Residual_fraction_cycle5,26,-0.04482223789259648,0.014026688196189324,0.006182446677351862,0.0,7.692307692307687,-0.0588489260887858,-0.14073889933953482,0.058856967348635394,0.10367920524123186,84.61538461538461,25.0,26,-0.07390302420794913,0.13702852405223903,0.12300183585604971,65.38461538461539,3.0,26,"rango LOO rho [-0.074, 0.137]; cambio máximo 0.123",Sin identidad directa predeclarada; evaluar dependencia por arquitectura y protocolo,"Asociación positiva en rangos; diferencia r−rho=-0.059; valorar junto con soporte, empates y sensibilidad",Posensayo; unidad corroborada con tesis PDF pp.117/121 (docs/trazabilidad_datos.md); ausencia de energía no demuestra ausencia de evento/ciclo; Amplitud nominal del nombre de columna; no deformación unitaria; LOO no es IC ni validación predictiva; no implica causalidad
Dissipated_cycle_3,Residual_fraction_cycle6,20,-0.14549093406780844,-0.032355163410646676,0.0,0.0,9.999999999999998,-0.11313577065716177,-0.23956691699343094,-0.01819298161109503,0.1272979524567134,100.0,25.0,20,-0.1615452773620825,0.10096579835130155,0.13332096176194824,75.0,25.0,20,"rango LOO rho [-0.162, 0.101]; cambio máximo 0.133",Sin identidad directa predeclarada; evaluar dependencia por arquitectura y protocolo,"Asociación negativa en rangos; diferencia r−rho=-0.113; valorar junto con soporte, empates y sensibilidad",Posensayo; unidad corroborada con tesis PDF pp.117/121 (docs/trazabilidad_datos.md); ausencia de energía no demuestra ausencia de evento/ciclo; Amplitud nominal del nombre de columna; no deformación unitaria; LOO no es IC ni validación predictiva; no implica causalidad
Dissipated_cycle_3,Recovery_complement_cycle6,20,0.14549093406780841,0.032355163410646676,0.0,0.0,9.999999999999998,0.11313577065716174,0.018192981611095036,0.23956691699343094,0.12729795245671338,100.0,25.0,20,-0.10096579835130155,0.1615452773620825,0.13332096176194824,75.0,25.0,20,"rango LOO rho [-0.101, 0.162]; cambio máximo 0.133",Sin identidad directa predeclarada; evaluar dependencia por arquitectura y protocolo,"Asociación positiva en rangos; diferencia r−rho=0.113; valorar junto con soporte, empates y sensibilidad",Posensayo; unidad corroborada con tesis PDF pp.117/121 (docs/trazabilidad_datos.md); ausencia de energía no demuestra ausencia de evento/ciclo; Proxy complemento nominal; requiere protocolo para interpretar recuperación elástica; LOO no es IC ni validación predictiva; no implica causalidad
Dissipated_cycle_4,Dissipated_cycle_5,26,0.0977570136377201,0.7982905982905983,0.6861538461538462,0.0,0.0,-0.7005335846528782,0.02529222420148443,0.9238234722866481,0.8260664586489279,100.0,5.0,26,0.7730769230769231,0.9223076923076923,0.12401709401709393,100.0,5.0,26,"rango LOO rho [0.773, 0.922]; cambio máximo 0.124",Sin identidad directa predeclarada; evaluar dependencia por arquitectura y protocolo,"Asociación positiva en rangos; diferencia r−rho=-0.701; valorar junto con soporte, empates y sensibilidad",Posensayo; unidad corroborada con tesis PDF pp.117/121 (docs/trazabilidad_datos.md); ausencia de energía no demuestra ausencia de evento/ciclo; Posensayo; unidad corroborada con tesis PDF pp.117/121 (docs/trazabilidad_datos.md); ausencia de energía no demuestra ausencia de evento/ciclo; LOO no es IC ni validación predictiva; no implica causalidad
Dissipated_cycle_4,Dissipated_cycle_6,20,0.8175458734855049,0.8601503759398497,0.7157894736842105,0.0,0.0,-0.04260450245434477,0.7573815926911489,0.8778582921824465,0.060312418696941594,100.0,10.0,20,0.8368421052631577,0.9035087719298244,0.04335839598997471,100.0,4.0,20,"rango LOO rho [0.837, 0.904]; cambio máximo 0.043",Sin identidad directa predeclarada; evaluar dependencia por arquitectura y protocolo,"Asociación positiva en rangos; diferencia r−rho=-0.043; valorar junto con soporte, empates y sensibilidad",Posensayo; unidad corroborada con tesis PDF pp.117/121 (docs/trazabilidad_datos.md); ausencia de energía no demuestra ausencia de evento/ciclo; Posensayo; unidad corroborada con tesis PDF pp.117/121 (docs/trazabilidad_datos.md); ausencia de energía no demuestra ausencia de evento/ciclo; LOO no es IC ni validación predictiva; no implica causalidad
Dissipated_cycle_4,Dissipated_cycle_7,7,0.6417388906040508,0.49999999999999994,0.33333333333333337,0.0,0.0,0.14173889060405082,0.5010631739163612,0.8194922660533207,0.17775337544926995,100.0,21.0,7,0.2571428571428571,0.7714285714285715,0.2714285714285715,100.0,21.0,7,"rango LOO rho [0.257, 0.771]; cambio máximo 0.271",Sin identidad directa predeclarada; evaluar dependencia por arquitectura y protocolo,"Asociación positiva en rangos; diferencia r−rho=0.142; valorar junto con soporte, empates y sensibilidad",Posensayo; unidad corroborada con tesis PDF pp.117/121 (docs/trazabilidad_datos.md); ausencia de energía no demuestra ausencia de evento/ciclo; Posensayo; unidad corroborada con tesis PDF pp.117/121 (docs/trazabilidad_datos.md); ausencia de energía no demuestra ausencia de evento/ciclo; LOO no es IC ni validación predictiva; no implica causalidad
Dissipated_cycle_4,Fracture_event_1,26,0.7418023130395595,0.8147008547008547,0.5876923076923077,0.0,0.0,-0.07289854166129528,0.7174871621343967,0.7877711426410053,0.04596882960144588,100.0,26.0,26,0.7976923076923077,0.84,0.02529914529914523,100.0,26.0,26,"rango LOO rho [0.798, 0.840]; cambio máximo 0.025",Sin identidad directa predeclarada; evaluar dependencia por arquitectura y protocolo,"Asociación positiva en rangos; diferencia r−rho=-0.073; valorar junto con soporte, empates y sensibilidad",Posensayo; unidad corroborada con tesis PDF pp.117/121 (docs/trazabilidad_datos.md); ausencia de energía no demuestra ausencia de evento/ciclo; Posensayo; unidad corroborada con tesis PDF pp.117/121 (docs/trazabilidad_datos.md); ausencia de energía no demuestra ausencia de evento/ciclo; LOO no es IC ni validación predictiva; no implica causalidad
Dissipated_cycle_4,Fracture_event_2,24,0.5504772954346425,0.5208695652173913,0.391304347826087,0.0,0.0,0.02960773021725127,0.4803548092062007,0.6434572507777844,0.09297995534314185,100.0,19.0,24,0.4614624505928854,0.6126482213438735,0.09177865612648228,100.0,10.0,24,"rango LOO rho [0.461, 0.613]; cambio máximo 0.092",Sin identidad directa predeclarada; evaluar dependencia por arquitectura y protocolo,"Asociación positiva en rangos; diferencia r−rho=0.030; valorar junto con soporte, empates y sensibilidad",Posensayo; unidad corroborada con tesis PDF pp.117/121 (docs/trazabilidad_datos.md); ausencia de energía no demuestra ausencia de evento/ciclo; Posensayo; unidad corroborada con tesis PDF pp.117/121 (docs/trazabilidad_datos.md); ausencia de energía no demuestra ausencia de evento/ciclo; LOO no es IC ni validación predictiva; no implica causalidad
Dissipated_cycle_4,Fracture_event_3,22,0.4389887378937673,0.40711462450592883,0.26406926406926406,0.0,0.0,0.031874113387838465,0.38848554503269817,0.5087711993423023,0.069782461448535,100.0,19.0,22,0.33506493506493507,0.5,0.09288537549407117,100.0,24.0,22,"rango LOO rho [0.335, 0.500]; cambio máximo 0.093",Sin identidad directa predeclarada; evaluar dependencia por arquitectura y protocolo,"Asociación positiva en rangos; diferencia r−rho=0.032; valorar junto con soporte, empates y sensibilidad",Posensayo; unidad corroborada con tesis PDF pp.117/121 (docs/trazabilidad_datos.md); ausencia de energía no demuestra ausencia de evento/ciclo; Posensayo; unidad corroborada con tesis PDF pp.117/121 (docs/trazabilidad_datos.md); ausencia de energía no demuestra ausencia de evento/ciclo; LOO no es IC ni validación predictiva; no implica causalidad
Dissipated_cycle_4,Fracture_event_4,19,0.25203592357021337,0.32631578947368417,0.28654970760233917,0.0,0.0,-0.0742798659034708,0.07405383312294926,0.6187543106509706,0.36671838708075727,100.0,19.0,19,0.24458204334365322,0.5603715170278637,0.23405572755417953,100.0,19.0,19,"rango LOO rho [0.245, 0.560]; cambio máximo 0.234",Sin identidad directa predeclarada; evaluar dependencia por arquitectura y protocolo,"Asociación positiva en rangos; diferencia r−rho=-0.074; valorar junto con soporte, empates y sensibilidad",Posensayo; unidad corroborada con tesis PDF pp.117/121 (docs/trazabilidad_datos.md); ausencia de energía no demuestra ausencia de evento/ciclo; Posensayo; unidad corroborada con tesis PDF pp.117/121 (docs/trazabilidad_datos.md); ausencia de energía no demuestra ausencia de evento/ciclo; LOO no es IC ni validación predictiva; no implica causalidad
Dissipated_cycle_4,Fracture_event_5,17,0.047162987138964496,-0.04411764705882353,-0.02941176470588235,0.0,0.0,0.09128063419778804,-0.15040122931512384,0.22286460546212175,0.19756421645408834,82.35294117647058,10.0,17,-0.20588235294117646,0.14705882352941177,0.1911764705882353,76.47058823529412,19.0,17,"rango LOO rho [-0.206, 0.147]; cambio máximo 0.191",Sin identidad directa predeclarada; evaluar dependencia por arquitectura y protocolo,"Asociación negativa en rangos; diferencia r−rho=0.091; valorar junto con soporte, empates y sensibilidad",Posensayo; unidad corroborada con tesis PDF pp.117/121 (docs/trazabilidad_datos.md); ausencia de energía no demuestra ausencia de evento/ciclo; Posensayo; unidad corroborada con tesis PDF pp.117/121 (docs/trazabilidad_datos.md); ausencia de energía no demuestra ausencia de evento/ciclo; LOO no es IC ni validación predictiva; no implica causalidad
Dissipated_cycle_4,Fracture_event_6,7,0.005348178290457945,0.2857142857142857,0.14285714285714288,0.0,0.0,-0.2803661074238277,-0.5805209605933346,0.5243476260576861,0.5858691388837926,57.14285714285714,4.0,7,-0.14285714285714285,0.7142857142857143,0.4285714285714286,85.71428571428571,9.0,7,"rango LOO rho [-0.143, 0.714]; cambio máximo 0.429",Sin identidad directa predeclarada; evaluar dependencia por arquitectura y protocolo,"Asociación positiva en rangos; diferencia r−rho=-0.280; valorar junto con soporte, empates y sensibilidad",Posensayo; unidad corroborada con tesis PDF pp.117/121 (docs/trazabilidad_datos.md); ausencia de energía no demuestra ausencia de evento/ciclo; Posensayo; unidad corroborada con tesis PDF pp.117/121 (docs/trazabilidad_datos.md); ausencia de energía no demuestra ausencia de evento/ciclo; LOO no es IC ni validación predictiva; no implica causalidad
Dissipated_cycle_4,Fracture_event_7,6,0.09850902203172501,-0.3142857142857143,-0.2,0.0,0.0,0.4127947363174393,-0.49939173419795846,0.36667074970679375,0.5979007562296834,66.66666666666666,9.0,6,-0.7999999999999998,0.19999999999999996,0.5142857142857142,83.33333333333334,4.0,6,"rango LOO rho [-0.800, 0.200]; cambio máximo 0.514",Sin identidad directa predeclarada; evaluar dependencia por arquitectura y protocolo,"Asociación negativa en rangos; diferencia r−rho=0.413; valorar junto con soporte, empates y sensibilidad",Posensayo; unidad corroborada con tesis PDF pp.117/121 (docs/trazabilidad_datos.md); ausencia de energía no demuestra ausencia de evento/ciclo; Posensayo; unidad corroborada con tesis PDF pp.117/121 (docs/trazabilidad_datos.md); ausencia de energía no demuestra ausencia de evento/ciclo; LOO no es IC ni validación predictiva; no implica causalidad
Dissipated_cycle_4,Fracture_event_8,4,0.3048006632040573,0.3999999999999999,0.3333333333333334,0.0,0.0,-0.09519933679594261,-0.5192606299466392,0.657355489948427,0.8240612931506965,75.0,4.0,4,-0.4999999999999999,0.9999999999999998,0.8999999999999998,75.0,4.0,4,"rango LOO rho [-0.500, 1.000]; cambio máximo 0.900",Sin identidad directa predeclarada; evaluar dependencia por arquitectura y protocolo,"Asociación positiva en rangos; diferencia r−rho=-0.095; valorar junto con soporte, empates y sensibilidad",Posensayo; unidad corroborada con tesis PDF pp.117/121 (docs/trazabilidad_datos.md); ausencia de energía no demuestra ausencia de evento/ciclo; Posensayo; unidad corroborada con tesis PDF pp.117/121 (docs/trazabilidad_datos.md); ausencia de energía no demuestra ausencia de evento/ciclo; LOO no es IC ni validación predictiva; no implica causalidad
Dissipated_cycle_4,Fracture_event_9,2,,,,0.0,0.0,,,,,,,0,,,,,,0,No identificable: soporte insuficiente o variable constante,Sin identidad directa predeclarada; evaluar dependencia por arquitectura y protocolo,Asociación no identificable con la variación y disponibilidad observadas,Posensayo; unidad corroborada con tesis PDF pp.117/121 (docs/trazabilidad_datos.md); ausencia de energía no demuestra ausencia de evento/ciclo; Posensayo; unidad corroborada con tesis PDF pp.117/121 (docs/trazabilidad_datos.md); ausencia de energía no demuestra ausencia de evento/ciclo; LOO no es IC ni validación predictiva; no implica causalidad
Dissipated_cycle_4,Fracture_event_10,1,,,,0.0,0.0,,,,,,,0,,,,,,0,No identificable: soporte insuficiente o variable constante,Sin identidad directa predeclarada; evaluar dependencia por arquitectura y protocolo,Asociación no identificable con la variación y disponibilidad observadas,Posensayo; unidad corroborada con tesis PDF pp.117/121 (docs/trazabilidad_datos.md); ausencia de energía no demuestra ausencia de evento/ciclo; Posensayo; unidad corroborada con tesis PDF pp.117/121 (docs/trazabilidad_datos.md); ausencia de energía no demuestra ausencia de evento/ciclo; LOO no es IC ni validación predictiva; no implica causalidad
Dissipated_cycle_4,Fracture_event_11,1,,,,0.0,0.0,,,,,,,0,,,,,,0,No identificable: soporte insuficiente o variable constante,Sin identidad directa predeclarada; evaluar dependencia por arquitectura y protocolo,Asociación no identificable con la variación y disponibilidad observadas,Posensayo; unidad corroborada con tesis PDF pp.117/121 (docs/trazabilidad_datos.md); ausencia de energía no demuestra ausencia de evento/ciclo; Posensayo; unidad corroborada con tesis PDF pp.117/121 (docs/trazabilidad_datos.md); ausencia de energía no demuestra ausencia de evento/ciclo; LOO no es IC ni validación predictiva; no implica causalidad
Dissipated_cycle_4,Fracture_event_12,1,,,,0.0,0.0,,,,,,,0,,,,,,0,No identificable: soporte insuficiente o variable constante,Sin identidad directa predeclarada; evaluar dependencia por arquitectura y protocolo,Asociación no identificable con la variación y disponibilidad observadas,Posensayo; unidad corroborada con tesis PDF pp.117/121 (docs/trazabilidad_datos.md); ausencia de energía no demuestra ausencia de evento/ciclo; Posensayo; unidad corroborada con tesis PDF pp.117/121 (docs/trazabilidad_datos.md); ausencia de energía no demuestra ausencia de evento/ciclo; LOO no es IC ni validación predictiva; no implica causalidad
Dissipated_cycle_4,Fracture_event_13,1,,,,0.0,0.0,,,,,,,0,,,,,,0,No identificable: soporte insuficiente o variable constante,Sin identidad directa predeclarada; evaluar dependencia por arquitectura y protocolo,Asociación no identificable con la variación y disponibilidad observadas,Posensayo; unidad corroborada con tesis PDF pp.117/121 (docs/trazabilidad_datos.md); ausencia de energía no demuestra ausencia de evento/ciclo; Posensayo; unidad corroborada con tesis PDF pp.117/121 (docs/trazabilidad_datos.md); ausencia de energía no demuestra ausencia de evento/ciclo; LOO no es IC ni validación predictiva; no implica causalidad
Dissipated_cycle_4,Load_ratio_first_over_ultimate,26,0.4389205748612493,0.40444444444444444,0.3046153846153846,0.0,0.0,0.03447613041680486,0.3380834969810894,0.6116243335870598,0.1727037587258105,100.0,26.0,26,0.3446153846153846,0.5061538461538462,0.10170940170940174,100.0,10.0,26,"rango LOO rho [0.345, 0.506]; cambio máximo 0.102",Sin identidad directa predeclarada; evaluar dependencia por arquitectura y protocolo,"Asociación positiva en rangos; diferencia r−rho=0.034; valorar junto con soporte, empates y sensibilidad",Posensayo; unidad corroborada con tesis PDF pp.117/121 (docs/trazabilidad_datos.md); ausencia de energía no demuestra ausencia de evento/ciclo; Cociente primera/rotura final; no factor de seguridad ni reserva de carga; LOO no es IC ni validación predictiva; no implica causalidad
Dissipated_cycle_4,Load_per_specimen_volume,26,0.7282889996024263,0.7333333333333333,0.5323076923076924,0.0,0.0,-0.005044333730906958,0.7020321212862606,0.7834637498850108,0.05517475028258445,100.0,26.0,26,0.7061538461538461,0.7884615384615384,0.055128205128205154,100.0,26.0,26,"rango LOO rho [0.706, 0.788]; cambio máximo 0.055",Sin identidad directa predeclarada; evaluar dependencia por arquitectura y protocolo,"Asociación positiva en rangos; diferencia r−rho=-0.005; valorar junto con soporte, empates y sensibilidad",Posensayo; unidad corroborada con tesis PDF pp.117/121 (docs/trazabilidad_datos.md); ausencia de energía no demuestra ausencia de evento/ciclo; Índice descriptivo de carga por volumen; no esfuerzo ni resistencia material; LOO no es IC ni validación predictiva; no implica causalidad
Dissipated_cycle_4,Load_per_pivot,26,0.652147767386812,0.6964102564102564,0.49538461538461537,0.0,0.0,-0.04426248902344443,0.6179162560704956,0.7296292744899313,0.0774815071031193,100.0,3.0,26,0.6723076923076923,0.7638461538461538,0.0674358974358974,100.0,3.0,26,"rango LOO rho [0.672, 0.764]; cambio máximo 0.067",Sin identidad directa predeclarada; evaluar dependencia por arquitectura y protocolo,"Asociación positiva en rangos; diferencia r−rho=-0.044; valorar junto con soporte, empates y sensibilidad",Posensayo; unidad corroborada con tesis PDF pp.117/121 (docs/trazabilidad_datos.md); ausencia de energía no demuestra ausencia de evento/ciclo; No presupone reparto uniforme de cargas entre pivotes; LOO no es IC ni validación predictiva; no implica causalidad
Dissipated_cycle_4,Load_per_cell_Y,26,0.7299472570001403,0.7374358974358974,0.5446153846153846,0.0,0.0,-0.0074886404357571434,0.7034602571096993,0.7815166137686561,0.05156935676851582,100.0,26.0,26,0.7176923076923077,0.7846153846153846,0.04717948717948717,100.0,3.0,26,"rango LOO rho [0.718, 0.785]; cambio máximo 0.047",Sin identidad directa predeclarada; evaluar dependencia por arquitectura y protocolo,"Asociación positiva en rangos; diferencia r−rho=-0.007; valorar junto con soporte, empates y sensibilidad",Posensayo; unidad corroborada con tesis PDF pp.117/121 (docs/trazabilidad_datos.md); ausencia de energía no demuestra ausencia de evento/ciclo; Normalización por conteo en Y; no fuerza medida en cada celda; LOO no es IC ni validación predictiva; no implica causalidad
Dissipated_cycle_4,Fracture_observed_sum,26,0.7063011513770242,0.785982905982906,0.5815384615384616,0.0,0.0,-0.07968175460588178,0.6806926897031719,0.7536152927728123,0.047314141395788045,100.0,26.0,26,0.7646153846153846,0.8538461538461538,0.06786324786324782,100.0,26.0,26,"rango LOO rho [0.765, 0.854]; cambio máximo 0.068",Sin identidad directa predeclarada; evaluar dependencia por arquitectura y protocolo,"Asociación positiva en rangos; diferencia r−rho=-0.080; valorar junto con soporte, empates y sensibilidad",Posensayo; unidad corroborada con tesis PDF pp.117/121 (docs/trazabilidad_datos.md); ausencia de energía no demuestra ausencia de evento/ciclo; Suma observada de longitud variable; no energía total del ensayo; LOO no es IC ni validación predictiva; no implica causalidad
Dissipated_cycle_4,Fracture_registered_events,26,-0.33995430935188564,-0.4226792738962164,-0.3027027572983406,0.0,61.53846153846154,0.08272496454433076,-0.4228760478408866,-0.2774506421268306,0.08292173848900097,100.0,7.0,26,-0.4743247909893808,-0.3630557138573328,0.05962356003888358,100.0,22.0,26,"rango LOO rho [-0.474, -0.363]; cambio máximo 0.060",Sin identidad directa predeclarada; evaluar dependencia por arquitectura y protocolo,"Asociación negativa en rangos; diferencia r−rho=0.083; valorar junto con soporte, empates y sensibilidad","Posensayo; unidad corroborada con tesis PDF pp.117/121 (docs/trazabilidad_datos.md); ausencia de energía no demuestra ausencia de evento/ciclo; Disponibilidad de registro, no conteo verificado de todas las fracturas; LOO no es IC ni validación predictiva; no implica causalidad"
Dissipated_cycle_4,Fracture_initial_share,26,0.5297498030225541,0.42742349744198477,0.2773500981126146,0.0,3.8461538461538436,0.10232630558056938,0.472885771113749,0.5904834492779965,0.06073364625544231,100.0,10.0,26,0.36122331885741343,0.5197153394849473,0.09229184204296254,100.0,10.0,26,"rango LOO rho [0.361, 0.520]; cambio máximo 0.092",Sin identidad directa predeclarada; evaluar dependencia por arquitectura y protocolo,"Asociación positiva en rangos; diferencia r−rho=0.102; valorar junto con soporte, empates y sensibilidad",Posensayo; unidad corroborada con tesis PDF pp.117/121 (docs/trazabilidad_datos.md); ausencia de energía no demuestra ausencia de evento/ciclo; Comparte numerador y denominador con otras respuestas; sensible a cobertura de eventos; LOO no es IC ni validación predictiva; no implica causalidad
Dissipated_cycle_4,Residual_fraction_cycle1,26,-0.8159903569926824,-0.7976068376068376,-0.6369230769230769,0.0,0.0,-0.018383519385844815,-0.8783270787867274,-0.7639617368564768,0.062336721794045036,100.0,6.0,26,-0.8784615384615385,-0.7723076923076924,0.08085470085470092,100.0,6.0,26,"rango LOO rho [-0.878, -0.772]; cambio máximo 0.081",Sin identidad directa predeclarada; evaluar dependencia por arquitectura y protocolo,"Asociación negativa en rangos; diferencia r−rho=-0.018; valorar junto con soporte, empates y sensibilidad",Posensayo; unidad corroborada con tesis PDF pp.117/121 (docs/trazabilidad_datos.md); ausencia de energía no demuestra ausencia de evento/ciclo; Amplitud nominal del nombre de columna; no deformación unitaria; LOO no es IC ni validación predictiva; no implica causalidad
Dissipated_cycle_4,Residual_fraction_cycle2,26,-0.8420271261744288,-0.8092307692307692,-0.6369230769230769,0.0,0.0,-0.032796356943659566,-0.8729702289902886,-0.7984968025406521,0.043530323633776624,100.0,9.0,26,-0.8430769230769231,-0.7853846153846153,0.03384615384615386,100.0,22.0,26,"rango LOO rho [-0.843, -0.785]; cambio máximo 0.034",Sin identidad directa predeclarada; evaluar dependencia por arquitectura y protocolo,"Asociación negativa en rangos; diferencia r−rho=-0.033; valorar junto con soporte, empates y sensibilidad",Posensayo; unidad corroborada con tesis PDF pp.117/121 (docs/trazabilidad_datos.md); ausencia de energía no demuestra ausencia de evento/ciclo; Amplitud nominal del nombre de columna; no deformación unitaria; LOO no es IC ni validación predictiva; no implica causalidad
Dissipated_cycle_4,Residual_fraction_cycle3,26,-0.6733024605197268,-0.5815384615384616,-0.42153846153846153,0.0,0.0,-0.0917639989812652,-0.7311524462868751,-0.6151647857128903,0.058137674806836404,100.0,25.0,26,-0.6415384615384615,-0.5292307692307693,0.05999999999999994,100.0,6.0,26,"rango LOO rho [-0.642, -0.529]; cambio máximo 0.060",Sin identidad directa predeclarada; evaluar dependencia por arquitectura y protocolo,"Asociación negativa en rangos; diferencia r−rho=-0.092; valorar junto con soporte, empates y sensibilidad",Posensayo; unidad corroborada con tesis PDF pp.117/121 (docs/trazabilidad_datos.md); ausencia de energía no demuestra ausencia de evento/ciclo; Amplitud nominal del nombre de columna; no deformación unitaria; LOO no es IC ni validación predictiva; no implica causalidad
Dissipated_cycle_4,Residual_fraction_cycle4,26,-0.44770168729504795,-0.4543589743589744,-0.3476923076923077,0.0,0.0,0.0066572870639264314,-0.5319140902154332,-0.35431351931492244,0.0933881679801255,100.0,25.0,26,-0.5446153846153846,-0.3861538461538462,0.09025641025641024,100.0,19.0,26,"rango LOO rho [-0.545, -0.386]; cambio máximo 0.090",Sin identidad directa predeclarada; evaluar dependencia por arquitectura y protocolo,"Asociación negativa en rangos; diferencia r−rho=0.007; valorar junto con soporte, empates y sensibilidad",Posensayo; unidad corroborada con tesis PDF pp.117/121 (docs/trazabilidad_datos.md); ausencia de energía no demuestra ausencia de evento/ciclo; Amplitud nominal del nombre de columna; no deformación unitaria; LOO no es IC ni validación predictiva; no implica causalidad
Dissipated_cycle_4,Residual_fraction_cycle5,26,-0.2150510581114588,-0.12897710853569208,-0.08655425348292607,0.0,7.692307692307687,-0.08607394957576672,-0.31260262193784544,-0.11965658215832327,0.09755156382638663,100.0,19.0,26,-0.23248659698750665,-0.023864518233816908,0.10511259030187517,100.0,3.0,26,"rango LOO rho [-0.232, -0.024]; cambio máximo 0.105",Sin identidad directa predeclarada; evaluar dependencia por arquitectura y protocolo,"Asociación negativa en rangos; diferencia r−rho=-0.086; valorar junto con soporte, empates y sensibilidad",Posensayo; unidad corroborada con tesis PDF pp.117/121 (docs/trazabilidad_datos.md); ausencia de energía no demuestra ausencia de evento/ciclo; Amplitud nominal del nombre de columna; no deformación unitaria; LOO no es IC ni validación predictiva; no implica causalidad
Dissipated_cycle_4,Residual_fraction_cycle6,20,-0.2675041713205581,-0.19563587178530548,-0.12698590446506552,0.0,9.999999999999998,-0.07186829953525262,-0.3588302664343179,-0.17477058157161074,0.09273358974894735,100.0,25.0,20,-0.33011426243555986,-0.08077263868104125,0.13447839065025438,100.0,19.0,20,"rango LOO rho [-0.330, -0.081]; cambio máximo 0.134",Sin identidad directa predeclarada; evaluar dependencia por arquitectura y protocolo,"Asociación negativa en rangos; diferencia r−rho=-0.072; valorar junto con soporte, empates y sensibilidad",Posensayo; unidad corroborada con tesis PDF pp.117/121 (docs/trazabilidad_datos.md); ausencia de energía no demuestra ausencia de evento/ciclo; Amplitud nominal del nombre de columna; no deformación unitaria; LOO no es IC ni validación predictiva; no implica causalidad
Dissipated_cycle_4,Recovery_complement_cycle6,20,0.26750417132055815,0.19563587178530548,0.12698590446506552,0.0,9.999999999999998,0.07186829953525267,0.1747705815716108,0.358830266434318,0.09273358974894735,100.0,25.0,20,0.08077263868104125,0.33011426243555986,0.13447839065025438,100.0,19.0,20,"rango LOO rho [0.081, 0.330]; cambio máximo 0.134",Sin identidad directa predeclarada; evaluar dependencia por arquitectura y protocolo,"Asociación positiva en rangos; diferencia r−rho=0.072; valorar junto con soporte, empates y sensibilidad",Posensayo; unidad corroborada con tesis PDF pp.117/121 (docs/trazabilidad_datos.md); ausencia de energía no demuestra ausencia de evento/ciclo; Proxy complemento nominal; requiere protocolo para interpretar recuperación elástica; LOO no es IC ni validación predictiva; no implica causalidad
Dissipated_cycle_5,Dissipated_cycle_6,20,0.9041336193549074,0.9443609022556391,0.8315789473684211,0.0,0.0,-0.04022728290073163,0.8714949431829964,0.9365621881280047,0.032638676171911074,100.0,9.0,20,0.9350877192982454,0.9596491228070173,0.01528822055137824,100.0,14.0,20,"rango LOO rho [0.935, 0.960]; cambio máximo 0.015",Sin identidad directa predeclarada; evaluar dependencia por arquitectura y protocolo,"Asociación positiva en rangos; diferencia r−rho=-0.040; valorar junto con soporte, empates y sensibilidad",Posensayo; unidad corroborada con tesis PDF pp.117/121 (docs/trazabilidad_datos.md); ausencia de energía no demuestra ausencia de evento/ciclo; Posensayo; unidad corroborada con tesis PDF pp.117/121 (docs/trazabilidad_datos.md); ausencia de energía no demuestra ausencia de evento/ciclo; LOO no es IC ni validación predictiva; no implica causalidad
Dissipated_cycle_5,Dissipated_cycle_7,7,0.6002340386686879,0.5357142857142857,0.4285714285714286,0.0,0.0,0.06451975295440215,0.4660130703569573,0.9180602862945312,0.31782624762584333,100.0,21.0,7,0.2571428571428571,0.8285714285714286,0.2928571428571429,100.0,21.0,7,"rango LOO rho [0.257, 0.829]; cambio máximo 0.293",Sin identidad directa predeclarada; evaluar dependencia por arquitectura y protocolo,"Asociación positiva en rangos; diferencia r−rho=0.065; valorar junto con soporte, empates y sensibilidad",Posensayo; unidad corroborada con tesis PDF pp.117/121 (docs/trazabilidad_datos.md); ausencia de energía no demuestra ausencia de evento/ciclo; Posensayo; unidad corroborada con tesis PDF pp.117/121 (docs/trazabilidad_datos.md); ausencia de energía no demuestra ausencia de evento/ciclo; LOO no es IC ni validación predictiva; no implica causalidad
Dissipated_cycle_5,Fracture_event_1,26,-0.2155160413720756,0.4666666666666667,0.3230769230769231,0.0,0.0,-0.6821827080387423,-0.2604881539062406,0.5776344924947406,0.7931505338668162,96.15384615384616,5.0,26,0.42538461538461536,0.65,0.18333333333333335,100.0,5.0,26,"rango LOO rho [0.425, 0.650]; cambio máximo 0.183",Sin identidad directa predeclarada; evaluar dependencia por arquitectura y protocolo,"Asociación positiva en rangos; diferencia r−rho=-0.682; valorar junto con soporte, empates y sensibilidad",Posensayo; unidad corroborada con tesis PDF pp.117/121 (docs/trazabilidad_datos.md); ausencia de energía no demuestra ausencia de evento/ciclo; Posensayo; unidad corroborada con tesis PDF pp.117/121 (docs/trazabilidad_datos.md); ausencia de energía no demuestra ausencia de evento/ciclo; LOO no es IC ni validación predictiva; no implica causalidad
Dissipated_cycle_5,Fracture_event_2,24,-0.2250137021031928,0.1826086956521739,0.11594202898550725,0.0,0.0,-0.4076223977553667,-0.28592544338428655,0.3647397837392133,0.5897534858424061,95.83333333333334,5.0,24,0.09683794466403162,0.3438735177865613,0.16126482213438736,100.0,5.0,24,"rango LOO rho [0.097, 0.344]; cambio máximo 0.161",Sin identidad directa predeclarada; evaluar dependencia por arquitectura y protocolo,"Asociación positiva en rangos; diferencia r−rho=-0.408; valorar junto con soporte, empates y sensibilidad",Posensayo; unidad corroborada con tesis PDF pp.117/121 (docs/trazabilidad_datos.md); ausencia de energía no demuestra ausencia de evento/ciclo; Posensayo; unidad corroborada con tesis PDF pp.117/121 (docs/trazabilidad_datos.md); ausencia de energía no demuestra ausencia de evento/ciclo; LOO no es IC ni validación predictiva; no implica causalidad
Dissipated_cycle_5,Fracture_event_3,22,0.019852281328531535,0.3438735177865613,0.2207792207792208,0.0,0.0,-0.3240212364580297,-0.0014825047925356768,0.4275244809148197,0.4076721995862882,95.45454545454545,5.0,22,0.2727272727272727,0.43506493506493504,0.09119141727837377,100.0,4.0,22,"rango LOO rho [0.273, 0.435]; cambio máximo 0.091",Sin identidad directa predeclarada; evaluar dependencia por arquitectura y protocolo,"Asociación positiva en rangos; diferencia r−rho=-0.324; valorar junto con soporte, empates y sensibilidad",Posensayo; unidad corroborada con tesis PDF pp.117/121 (docs/trazabilidad_datos.md); ausencia de energía no demuestra ausencia de evento/ciclo; Posensayo; unidad corroborada con tesis PDF pp.117/121 (docs/trazabilidad_datos.md); ausencia de energía no demuestra ausencia de evento/ciclo; LOO no es IC ni validación predictiva; no implica causalidad
Dissipated_cycle_5,Fracture_event_4,19,0.21486894007661414,0.27192982456140347,0.2631578947368421,0.0,0.0,-0.057060884484789326,0.018478228198261337,0.5060172416454733,0.2911483015688592,100.0,19.0,19,0.1805985552115583,0.4963880288957688,0.2244582043343653,100.0,19.0,19,"rango LOO rho [0.181, 0.496]; cambio máximo 0.224",Sin identidad directa predeclarada; evaluar dependencia por arquitectura y protocolo,"Asociación positiva en rangos; diferencia r−rho=-0.057; valorar junto con soporte, empates y sensibilidad",Posensayo; unidad corroborada con tesis PDF pp.117/121 (docs/trazabilidad_datos.md); ausencia de energía no demuestra ausencia de evento/ciclo; Posensayo; unidad corroborada con tesis PDF pp.117/121 (docs/trazabilidad_datos.md); ausencia de energía no demuestra ausencia de evento/ciclo; LOO no es IC ni validación predictiva; no implica causalidad
Dissipated_cycle_5,Fracture_event_5,17,0.00022187954556313186,-0.10294117647058824,-0.10294117647058822,0.0,0.0,0.10316305601615137,-0.27432644993207694,0.1353332472971409,0.2745483294776401,58.82352941176471,10.0,17,-0.27647058823529413,0.07647058823529412,0.17941176470588238,88.23529411764706,19.0,17,"rango LOO rho [-0.276, 0.076]; cambio máximo 0.179",Sin identidad directa predeclarada; evaluar dependencia por arquitectura y protocolo,"Asociación negativa en rangos; diferencia r−rho=0.103; valorar junto con soporte, empates y sensibilidad",Posensayo; unidad corroborada con tesis PDF pp.117/121 (docs/trazabilidad_datos.md); ausencia de energía no demuestra ausencia de evento/ciclo; Posensayo; unidad corroborada con tesis PDF pp.117/121 (docs/trazabilidad_datos.md); ausencia de energía no demuestra ausencia de evento/ciclo; LOO no es IC ni validación predictiva; no implica causalidad
Dissipated_cycle_5,Fracture_event_6,7,0.08178590324444208,0.3214285714285714,0.23809523809523814,0.0,0.0,-0.23964266818412933,-0.8055929439436373,0.8798789318206948,0.8873788471880795,85.71428571428571,4.0,7,-0.08571428571428572,0.7714285714285715,0.45000000000000007,85.71428571428571,9.0,7,"rango LOO rho [-0.086, 0.771]; cambio máximo 0.450",Sin identidad directa predeclarada; evaluar dependencia por arquitectura y protocolo,"Asociación positiva en rangos; diferencia r−rho=-0.240; valorar junto con soporte, empates y sensibilidad",Posensayo; unidad corroborada con tesis PDF pp.117/121 (docs/trazabilidad_datos.md); ausencia de energía no demuestra ausencia de evento/ciclo; Posensayo; unidad corroborada con tesis PDF pp.117/121 (docs/trazabilidad_datos.md); ausencia de energía no demuestra ausencia de evento/ciclo; LOO no es IC ni validación predictiva; no implica causalidad
Dissipated_cycle_5,Fracture_event_7,6,0.10697840832171045,-0.3142857142857143,-0.2,0.0,0.0,0.42126412260742474,-0.8219645991801774,0.5419228505181899,0.9289430075018879,83.33333333333334,9.0,6,-0.7999999999999998,0.19999999999999996,0.5142857142857142,83.33333333333334,4.0,6,"rango LOO rho [-0.800, 0.200]; cambio máximo 0.514",Sin identidad directa predeclarada; evaluar dependencia por arquitectura y protocolo,"Asociación negativa en rangos; diferencia r−rho=0.421; valorar junto con soporte, empates y sensibilidad",Posensayo; unidad corroborada con tesis PDF pp.117/121 (docs/trazabilidad_datos.md); ausencia de energía no demuestra ausencia de evento/ciclo; Posensayo; unidad corroborada con tesis PDF pp.117/121 (docs/trazabilidad_datos.md); ausencia de energía no demuestra ausencia de evento/ciclo; LOO no es IC ni validación predictiva; no implica causalidad
Dissipated_cycle_5,Fracture_event_8,4,0.8958972627545676,0.3999999999999999,0.3333333333333334,0.0,0.0,0.4958972627545677,0.18620272562691725,0.9734055426159437,0.7096945371276504,100.0,4.0,4,-0.4999999999999999,0.9999999999999998,0.8999999999999998,75.0,4.0,4,"rango LOO rho [-0.500, 1.000]; cambio máximo 0.900",Sin identidad directa predeclarada; evaluar dependencia por arquitectura y protocolo,"Asociación positiva en rangos; diferencia r−rho=0.496; valorar junto con soporte, empates y sensibilidad",Posensayo; unidad corroborada con tesis PDF pp.117/121 (docs/trazabilidad_datos.md); ausencia de energía no demuestra ausencia de evento/ciclo; Posensayo; unidad corroborada con tesis PDF pp.117/121 (docs/trazabilidad_datos.md); ausencia de energía no demuestra ausencia de evento/ciclo; LOO no es IC ni validación predictiva; no implica causalidad
Dissipated_cycle_5,Fracture_event_9,2,,,,0.0,0.0,,,,,,,0,,,,,,0,No identificable: soporte insuficiente o variable constante,Sin identidad directa predeclarada; evaluar dependencia por arquitectura y protocolo,Asociación no identificable con la variación y disponibilidad observadas,Posensayo; unidad corroborada con tesis PDF pp.117/121 (docs/trazabilidad_datos.md); ausencia de energía no demuestra ausencia de evento/ciclo; Posensayo; unidad corroborada con tesis PDF pp.117/121 (docs/trazabilidad_datos.md); ausencia de energía no demuestra ausencia de evento/ciclo; LOO no es IC ni validación predictiva; no implica causalidad
Dissipated_cycle_5,Fracture_event_10,1,,,,0.0,0.0,,,,,,,0,,,,,,0,No identificable: soporte insuficiente o variable constante,Sin identidad directa predeclarada; evaluar dependencia por arquitectura y protocolo,Asociación no identificable con la variación y disponibilidad observadas,Posensayo; unidad corroborada con tesis PDF pp.117/121 (docs/trazabilidad_datos.md); ausencia de energía no demuestra ausencia de evento/ciclo; Posensayo; unidad corroborada con tesis PDF pp.117/121 (docs/trazabilidad_datos.md); ausencia de energía no demuestra ausencia de evento/ciclo; LOO no es IC ni validación predictiva; no implica causalidad
Dissipated_cycle_5,Fracture_event_11,1,,,,0.0,0.0,,,,,,,0,,,,,,0,No identificable: soporte insuficiente o variable constante,Sin identidad directa predeclarada; evaluar dependencia por arquitectura y protocolo,Asociación no identificable con la variación y disponibilidad observadas,Posensayo; unidad corroborada con tesis PDF pp.117/121 (docs/trazabilidad_datos.md); ausencia de energía no demuestra ausencia de evento/ciclo; Posensayo; unidad corroborada con tesis PDF pp.117/121 (docs/trazabilidad_datos.md); ausencia de energía no demuestra ausencia de evento/ciclo; LOO no es IC ni validación predictiva; no implica causalidad
Dissipated_cycle_5,Fracture_event_12,1,,,,0.0,0.0,,,,,,,0,,,,,,0,No identificable: soporte insuficiente o variable constante,Sin identidad directa predeclarada; evaluar dependencia por arquitectura y protocolo,Asociación no identificable con la variación y disponibilidad observadas,Posensayo; unidad corroborada con tesis PDF pp.117/121 (docs/trazabilidad_datos.md); ausencia de energía no demuestra ausencia de evento/ciclo; Posensayo; unidad corroborada con tesis PDF pp.117/121 (docs/trazabilidad_datos.md); ausencia de energía no demuestra ausencia de evento/ciclo; LOO no es IC ni validación predictiva; no implica causalidad
Dissipated_cycle_5,Fracture_event_13,1,,,,0.0,0.0,,,,,,,0,,,,,,0,No identificable: soporte insuficiente o variable constante,Sin identidad directa predeclarada; evaluar dependencia por arquitectura y protocolo,Asociación no identificable con la variación y disponibilidad observadas,Posensayo; unidad corroborada con tesis PDF pp.117/121 (docs/trazabilidad_datos.md); ausencia de energía no demuestra ausencia de evento/ciclo; Posensayo; unidad corroborada con tesis PDF pp.117/121 (docs/trazabilidad_datos.md); ausencia de energía no demuestra ausencia de evento/ciclo; LOO no es IC ni validación predictiva; no implica causalidad
Dissipated_cycle_5,Load_ratio_first_over_ultimate,26,-0.08214600528599895,0.11863247863247864,0.13846153846153847,0.0,0.0,-0.20077848391847758,-0.11944508214594841,0.32654279839290135,0.4086888036789003,96.15384615384616,5.0,26,0.03923076923076923,0.24846153846153846,0.12982905982905982,100.0,5.0,26,"rango LOO rho [0.039, 0.248]; cambio máximo 0.130",Sin identidad directa predeclarada; evaluar dependencia por arquitectura y protocolo,"Asociación positiva en rangos; diferencia r−rho=-0.201; valorar junto con soporte, empates y sensibilidad",Posensayo; unidad corroborada con tesis PDF pp.117/121 (docs/trazabilidad_datos.md); ausencia de energía no demuestra ausencia de evento/ciclo; Cociente primera/rotura final; no factor de seguridad ni reserva de carga; LOO no es IC ni validación predictiva; no implica causalidad
Dissipated_cycle_5,Load_per_specimen_volume,26,-0.0780020275995364,0.38871794871794874,0.28,0.0,0.0,-0.46671997631748513,-0.11933412080284303,0.5407573450083473,0.6187593726078837,96.15384615384616,5.0,26,0.3376923076923077,0.5492307692307692,0.16051282051282045,100.0,5.0,26,"rango LOO rho [0.338, 0.549]; cambio máximo 0.161",Sin identidad directa predeclarada; evaluar dependencia por arquitectura y protocolo,"Asociación positiva en rangos; diferencia r−rho=-0.467; valorar junto con soporte, empates y sensibilidad",Posensayo; unidad corroborada con tesis PDF pp.117/121 (docs/trazabilidad_datos.md); ausencia de energía no demuestra ausencia de evento/ciclo; Índice descriptivo de carga por volumen; no esfuerzo ni resistencia material; LOO no es IC ni validación predictiva; no implica causalidad
Dissipated_cycle_5,Load_per_pivot,26,-0.08415271548760797,0.39829059829059826,0.2553846153846154,0.0,0.0,-0.48244331377820626,-0.12104580474188456,0.48007172971562095,0.5642244452032289,96.15384615384616,5.0,26,0.36,0.5453846153846154,0.1470940170940171,100.0,5.0,26,"rango LOO rho [0.360, 0.545]; cambio máximo 0.147",Sin identidad directa predeclarada; evaluar dependencia por arquitectura y protocolo,"Asociación positiva en rangos; diferencia r−rho=-0.482; valorar junto con soporte, empates y sensibilidad",Posensayo; unidad corroborada con tesis PDF pp.117/121 (docs/trazabilidad_datos.md); ausencia de energía no demuestra ausencia de evento/ciclo; No presupone reparto uniforme de cargas entre pivotes; LOO no es IC ni validación predictiva; no implica causalidad
Dissipated_cycle_5,Load_per_cell_Y,26,-0.08530559227972197,0.4276923076923077,0.2923076923076923,0.0,0.0,-0.5129978999720297,-0.12796621947934592,0.5442928644729134,0.6295984567526354,96.15384615384616,5.0,26,0.3861538461538462,0.5930769230769231,0.16538461538461535,100.0,5.0,26,"rango LOO rho [0.386, 0.593]; cambio máximo 0.165",Sin identidad directa predeclarada; evaluar dependencia por arquitectura y protocolo,"Asociación positiva en rangos; diferencia r−rho=-0.513; valorar junto con soporte, empates y sensibilidad",Posensayo; unidad corroborada con tesis PDF pp.117/121 (docs/trazabilidad_datos.md); ausencia de energía no demuestra ausencia de evento/ciclo; Normalización por conteo en Y; no fuerza medida en cada celda; LOO no es IC ni validación predictiva; no implica causalidad
Dissipated_cycle_5,Fracture_observed_sum,26,-0.3377428419664429,0.46803418803418806,0.34153846153846157,0.0,0.0,-0.805777030000631,-0.38229625097750236,0.5981427639117893,0.9358856058782322,96.15384615384616,5.0,26,0.42923076923076925,0.6515384615384615,0.18350427350427345,100.0,5.0,26,"rango LOO rho [0.429, 0.652]; cambio máximo 0.184",Sin identidad directa predeclarada; evaluar dependencia por arquitectura y protocolo,"Asociación positiva en rangos; diferencia r−rho=-0.806; valorar junto con soporte, empates y sensibilidad",Posensayo; unidad corroborada con tesis PDF pp.117/121 (docs/trazabilidad_datos.md); ausencia de energía no demuestra ausencia de evento/ciclo; Suma observada de longitud variable; no energía total del ensayo; LOO no es IC ni validación predictiva; no implica causalidad
Dissipated_cycle_5,Fracture_registered_events,26,-0.213335988323225,-0.30387784328485284,-0.22198202201878312,0.0,61.53846153846154,0.09054185496162784,-0.23487948388540825,-0.19239328312243975,0.02154349556218324,100.0,7.0,26,-0.428032151371422,-0.24352917121266865,0.12415430808656913,100.0,4.0,26,"rango LOO rho [-0.428, -0.244]; cambio máximo 0.124",Sin identidad directa predeclarada; evaluar dependencia por arquitectura y protocolo,"Asociación negativa en rangos; diferencia r−rho=0.091; valorar junto con soporte, empates y sensibilidad","Posensayo; unidad corroborada con tesis PDF pp.117/121 (docs/trazabilidad_datos.md); ausencia de energía no demuestra ausencia de evento/ciclo; Disponibilidad de registro, no conteo verificado de todas las fracturas; LOO no es IC ni validación predictiva; no implica causalidad"
Dissipated_cycle_5,Fracture_initial_share,26,-0.09458090174577743,0.07693622953955725,0.08628669719059119,0.0,3.8461538461538436,-0.1715171312853347,-0.13256005539539817,0.37608023476631935,0.4706611365120968,96.15384615384616,5.0,26,-0.016156953559117535,0.19234468522758968,0.11540845568803243,96.15384615384616,5.0,26,"rango LOO rho [-0.016, 0.192]; cambio máximo 0.115",Sin identidad directa predeclarada; evaluar dependencia por arquitectura y protocolo,"Asociación positiva en rangos; diferencia r−rho=-0.172; valorar junto con soporte, empates y sensibilidad",Posensayo; unidad corroborada con tesis PDF pp.117/121 (docs/trazabilidad_datos.md); ausencia de energía no demuestra ausencia de evento/ciclo; Comparte numerador y denominador con otras respuestas; sensible a cobertura de eventos; LOO no es IC ni validación predictiva; no implica causalidad
Dissipated_cycle_5,Residual_fraction_cycle1,26,-0.18597483231350523,-0.6670085470085471,-0.5076923076923078,0.0,0.0,0.48103371469504186,-0.7670942158049835,-0.1138678885802831,0.5811193834914783,100.0,5.0,26,-0.7430769230769231,-0.6253846153846154,0.07606837606837602,100.0,6.0,26,"rango LOO rho [-0.743, -0.625]; cambio máximo 0.076",Sin identidad directa predeclarada; evaluar dependencia por arquitectura y protocolo,"Asociación negativa en rangos; diferencia r−rho=0.481; valorar junto con soporte, empates y sensibilidad",Posensayo; unidad corroborada con tesis PDF pp.117/121 (docs/trazabilidad_datos.md); ausencia de energía no demuestra ausencia de evento/ciclo; Amplitud nominal del nombre de columna; no deformación unitaria; LOO no es IC ni validación predictiva; no implica causalidad
Dissipated_cycle_5,Residual_fraction_cycle2,26,-0.07334973436780771,-0.5603418803418804,-0.39692307692307693,0.0,0.0,0.48699214597407264,-0.7236331787166868,0.016578246674879463,0.6502834443488791,96.15384615384616,5.0,26,-0.6776923076923077,-0.5053846153846154,0.11735042735042733,100.0,5.0,26,"rango LOO rho [-0.678, -0.505]; cambio máximo 0.117",Sin identidad directa predeclarada; evaluar dependencia por arquitectura y protocolo,"Asociación negativa en rangos; diferencia r−rho=0.487; valorar junto con soporte, empates y sensibilidad",Posensayo; unidad corroborada con tesis PDF pp.117/121 (docs/trazabilidad_datos.md); ausencia de energía no demuestra ausencia de evento/ciclo; Amplitud nominal del nombre de columna; no deformación unitaria; LOO no es IC ni validación predictiva; no implica causalidad
Dissipated_cycle_5,Residual_fraction_cycle3,26,-0.017251565855824387,-0.39008547008547007,-0.2676923076923077,0.0,0.0,0.3728339042296457,-0.5880398164666447,0.03985416322423813,0.5707882506108203,92.3076923076923,5.0,26,-0.4976923076923077,-0.31461538461538463,0.10760683760683765,100.0,5.0,26,"rango LOO rho [-0.498, -0.315]; cambio máximo 0.108",Sin identidad directa predeclarada; evaluar dependencia por arquitectura y protocolo,"Asociación negativa en rangos; diferencia r−rho=0.373; valorar junto con soporte, empates y sensibilidad",Posensayo; unidad corroborada con tesis PDF pp.117/121 (docs/trazabilidad_datos.md); ausencia de energía no demuestra ausencia de evento/ciclo; Amplitud nominal del nombre de columna; no deformación unitaria; LOO no es IC ni validación predictiva; no implica causalidad
Dissipated_cycle_5,Residual_fraction_cycle4,26,-0.11312519374886325,-0.3770940170940171,-0.2676923076923077,0.0,0.0,0.2639688233451538,-0.40653671749017734,-0.07690405609530215,0.2934115237413141,100.0,5.0,26,-0.4653846153846154,-0.3007692307692308,0.08829059829059832,100.0,19.0,26,"rango LOO rho [-0.465, -0.301]; cambio máximo 0.088",Sin identidad directa predeclarada; evaluar dependencia por arquitectura y protocolo,"Asociación negativa en rangos; diferencia r−rho=0.264; valorar junto con soporte, empates y sensibilidad",Posensayo; unidad corroborada con tesis PDF pp.117/121 (docs/trazabilidad_datos.md); ausencia de energía no demuestra ausencia de evento/ciclo; Amplitud nominal del nombre de columna; no deformación unitaria; LOO no es IC ni validación predictiva; no implica causalidad
Dissipated_cycle_5,Residual_fraction_cycle5,26,-0.049066304915992155,-0.18439963262795234,-0.13601382690174096,0.0,7.692307692307687,0.1353333277119602,-0.3067298571163875,-0.011182055436893736,0.25766355220039533,100.0,5.0,26,-0.29869138950712776,-0.08622019490927399,0.11429175687917542,100.0,19.0,26,"rango LOO rho [-0.299, -0.086]; cambio máximo 0.114",Sin identidad directa predeclarada; evaluar dependencia por arquitectura y protocolo,"Asociación negativa en rangos; diferencia r−rho=0.135; valorar junto con soporte, empates y sensibilidad",Posensayo; unidad corroborada con tesis PDF pp.117/121 (docs/trazabilidad_datos.md); ausencia de energía no demuestra ausencia de evento/ciclo; Amplitud nominal del nombre de columna; no deformación unitaria; LOO no es IC ni validación predictiva; no implica causalidad
Dissipated_cycle_5,Residual_fraction_cycle6,20,-0.3768935348776195,-0.31978940580290316,-0.2222253328138647,0.0,9.999999999999998,-0.05710412907471635,-0.4737175522869977,-0.3023746710559742,0.09682401740937818,100.0,19.0,20,-0.4978052840451129,-0.24056198911527502,0.1780158782422097,100.0,19.0,20,"rango LOO rho [-0.498, -0.241]; cambio máximo 0.178",Sin identidad directa predeclarada; evaluar dependencia por arquitectura y protocolo,"Asociación negativa en rangos; diferencia r−rho=-0.057; valorar junto con soporte, empates y sensibilidad",Posensayo; unidad corroborada con tesis PDF pp.117/121 (docs/trazabilidad_datos.md); ausencia de energía no demuestra ausencia de evento/ciclo; Amplitud nominal del nombre de columna; no deformación unitaria; LOO no es IC ni validación predictiva; no implica causalidad
Dissipated_cycle_5,Recovery_complement_cycle6,20,0.3768935348776195,0.31978940580290316,0.2222253328138647,0.0,9.999999999999998,0.05710412907471635,0.30237467105597426,0.4737175522869978,0.0968240174093783,100.0,19.0,20,0.24056198911527502,0.4978052840451129,0.1780158782422097,100.0,19.0,20,"rango LOO rho [0.241, 0.498]; cambio máximo 0.178",Sin identidad directa predeclarada; evaluar dependencia por arquitectura y protocolo,"Asociación positiva en rangos; diferencia r−rho=0.057; valorar junto con soporte, empates y sensibilidad",Posensayo; unidad corroborada con tesis PDF pp.117/121 (docs/trazabilidad_datos.md); ausencia de energía no demuestra ausencia de evento/ciclo; Proxy complemento nominal; requiere protocolo para interpretar recuperación elástica; LOO no es IC ni validación predictiva; no implica causalidad
Dissipated_cycle_6,Dissipated_cycle_7,7,0.7921230208207165,0.6428571428571428,0.4285714285714286,0.0,0.0,0.1492658779635737,0.7196898465621028,0.9069274450192764,0.11480442419855985,100.0,21.0,7,0.42857142857142855,0.7714285714285715,0.21428571428571425,100.0,20.0,7,"rango LOO rho [0.429, 0.771]; cambio máximo 0.214",Sin identidad directa predeclarada; evaluar dependencia por arquitectura y protocolo,"Asociación positiva en rangos; diferencia r−rho=0.149; valorar junto con soporte, empates y sensibilidad",Posensayo; unidad corroborada con tesis PDF pp.117/121 (docs/trazabilidad_datos.md); ausencia de energía no demuestra ausencia de evento/ciclo; Posensayo; unidad corroborada con tesis PDF pp.117/121 (docs/trazabilidad_datos.md); ausencia de energía no demuestra ausencia de evento/ciclo; LOO no es IC ni validación predictiva; no implica causalidad
Dissipated_cycle_6,Fracture_event_1,20,0.43626668000751306,0.58796992481203,0.39999999999999997,0.0,0.0,-0.15170324480451697,0.3334467061857003,0.5798406603926797,0.1435739803851666,100.0,10.0,20,0.519298245614035,0.6859649122807017,0.09799498746867163,100.0,4.0,20,"rango LOO rho [0.519, 0.686]; cambio máximo 0.098",Sin identidad directa predeclarada; evaluar dependencia por arquitectura y protocolo,"Asociación positiva en rangos; diferencia r−rho=-0.152; valorar junto con soporte, empates y sensibilidad",Posensayo; unidad corroborada con tesis PDF pp.117/121 (docs/trazabilidad_datos.md); ausencia de energía no demuestra ausencia de evento/ciclo; Posensayo; unidad corroborada con tesis PDF pp.117/121 (docs/trazabilidad_datos.md); ausencia de energía no demuestra ausencia de evento/ciclo; LOO no es IC ni validación predictiva; no implica causalidad
Dissipated_cycle_6,Fracture_event_2,18,0.14481916537058392,0.1723426212590299,0.09803921568627452,0.0,0.0,-0.027523455888445986,-0.03952288937205608,0.40095267213675356,0.25613350676616964,94.44444444444444,10.0,18,0.03431372549019608,0.3259803921568628,0.1536377708978329,100.0,10.0,18,"rango LOO rho [0.034, 0.326]; cambio máximo 0.154",Sin identidad directa predeclarada; evaluar dependencia por arquitectura y protocolo,"Asociación positiva en rangos; diferencia r−rho=-0.028; valorar junto con soporte, empates y sensibilidad",Posensayo; unidad corroborada con tesis PDF pp.117/121 (docs/trazabilidad_datos.md); ausencia de energía no demuestra ausencia de evento/ciclo; Posensayo; unidad corroborada con tesis PDF pp.117/121 (docs/trazabilidad_datos.md); ausencia de energía no demuestra ausencia de evento/ciclo; LOO no es IC ni validación predictiva; no implica causalidad
Dissipated_cycle_6,Fracture_event_3,16,0.5492460793139939,0.3764705882352941,0.26666666666666666,0.0,0.0,0.17277549107869983,0.316057168005919,0.6504559153135898,0.23318891130807495,100.0,10.0,16,0.24285714285714285,0.5214285714285715,0.14495798319327735,100.0,4.0,16,"rango LOO rho [0.243, 0.521]; cambio máximo 0.145",Sin identidad directa predeclarada; evaluar dependencia por arquitectura y protocolo,"Asociación positiva en rangos; diferencia r−rho=0.173; valorar junto con soporte, empates y sensibilidad",Posensayo; unidad corroborada con tesis PDF pp.117/121 (docs/trazabilidad_datos.md); ausencia de energía no demuestra ausencia de evento/ciclo; Posensayo; unidad corroborada con tesis PDF pp.117/121 (docs/trazabilidad_datos.md); ausencia de energía no demuestra ausencia de evento/ciclo; LOO no es IC ni validación predictiva; no implica causalidad
Dissipated_cycle_6,Fracture_event_4,14,0.1927157090734476,0.2043956043956044,0.16483516483516486,0.0,0.0,-0.011679895322156797,-0.021657558865631598,0.4578423019854592,0.2651265929120116,85.71428571428571,19.0,14,0.03296703296703297,0.43956043956043955,0.23516483516483516,100.0,19.0,14,"rango LOO rho [0.033, 0.440]; cambio máximo 0.235",Sin identidad directa predeclarada; evaluar dependencia por arquitectura y protocolo,"Asociación positiva en rangos; diferencia r−rho=-0.012; valorar junto con soporte, empates y sensibilidad",Posensayo; unidad corroborada con tesis PDF pp.117/121 (docs/trazabilidad_datos.md); ausencia de energía no demuestra ausencia de evento/ciclo; Posensayo; unidad corroborada con tesis PDF pp.117/121 (docs/trazabilidad_datos.md); ausencia de energía no demuestra ausencia de evento/ciclo; LOO no es IC ni validación predictiva; no implica causalidad
Dissipated_cycle_6,Fracture_event_5,12,0.19365519265955422,0.11188811188811189,0.1212121212121212,0.0,0.0,0.08176708077144233,-0.2767946213107692,0.38248985345615993,0.4704498139703234,91.66666666666666,10.0,12,-0.15454545454545454,0.34545454545454546,0.2664335664335664,91.66666666666666,10.0,12,"rango LOO rho [-0.155, 0.345]; cambio máximo 0.266",Sin identidad directa predeclarada; evaluar dependencia por arquitectura y protocolo,"Asociación positiva en rangos; diferencia r−rho=0.082; valorar junto con soporte, empates y sensibilidad",Posensayo; unidad corroborada con tesis PDF pp.117/121 (docs/trazabilidad_datos.md); ausencia de energía no demuestra ausencia de evento/ciclo; Posensayo; unidad corroborada con tesis PDF pp.117/121 (docs/trazabilidad_datos.md); ausencia de energía no demuestra ausencia de evento/ciclo; LOO no es IC ni validación predictiva; no implica causalidad
Dissipated_cycle_6,Fracture_event_6,4,0.35024556681283525,0.3999999999999999,0.3333333333333334,0.0,0.0,-0.04975443318716466,-0.9656045677736661,0.991238807605585,1.3158501345865012,75.0,4.0,4,-0.4999999999999999,0.9999999999999998,0.8999999999999998,75.0,4.0,4,"rango LOO rho [-0.500, 1.000]; cambio máximo 0.900",Sin identidad directa predeclarada; evaluar dependencia por arquitectura y protocolo,"Asociación positiva en rangos; diferencia r−rho=-0.050; valorar junto con soporte, empates y sensibilidad",Posensayo; unidad corroborada con tesis PDF pp.117/121 (docs/trazabilidad_datos.md); ausencia de energía no demuestra ausencia de evento/ciclo; Posensayo; unidad corroborada con tesis PDF pp.117/121 (docs/trazabilidad_datos.md); ausencia de energía no demuestra ausencia de evento/ciclo; LOO no es IC ni validación predictiva; no implica causalidad
Dissipated_cycle_6,Fracture_event_7,3,-0.17846094447492125,-0.4999999999999999,-0.33333333333333337,0.0,0.0,0.32153905552507867,,,,,,0,,,,,,0,"rango LOO rho [nan, nan]; cambio máximo nan",Sin identidad directa predeclarada; evaluar dependencia por arquitectura y protocolo,"Asociación negativa en rangos; diferencia r−rho=0.322; valorar junto con soporte, empates y sensibilidad",Posensayo; unidad corroborada con tesis PDF pp.117/121 (docs/trazabilidad_datos.md); ausencia de energía no demuestra ausencia de evento/ciclo; Posensayo; unidad corroborada con tesis PDF pp.117/121 (docs/trazabilidad_datos.md); ausencia de energía no demuestra ausencia de evento/ciclo; LOO no es IC ni validación predictiva; no implica causalidad
Dissipated_cycle_6,Fracture_event_8,1,,,,0.0,0.0,,,,,,,0,,,,,,0,No identificable: soporte insuficiente o variable constante,Sin identidad directa predeclarada; evaluar dependencia por arquitectura y protocolo,Asociación no identificable con la variación y disponibilidad observadas,Posensayo; unidad corroborada con tesis PDF pp.117/121 (docs/trazabilidad_datos.md); ausencia de energía no demuestra ausencia de evento/ciclo; Posensayo; unidad corroborada con tesis PDF pp.117/121 (docs/trazabilidad_datos.md); ausencia de energía no demuestra ausencia de evento/ciclo; LOO no es IC ni validación predictiva; no implica causalidad
Dissipated_cycle_6,Fracture_event_9,1,,,,0.0,0.0,,,,,,,0,,,,,,0,No identificable: soporte insuficiente o variable constante,Sin identidad directa predeclarada; evaluar dependencia por arquitectura y protocolo,Asociación no identificable con la variación y disponibilidad observadas,Posensayo; unidad corroborada con tesis PDF pp.117/121 (docs/trazabilidad_datos.md); ausencia de energía no demuestra ausencia de evento/ciclo; Posensayo; unidad corroborada con tesis PDF pp.117/121 (docs/trazabilidad_datos.md); ausencia de energía no demuestra ausencia de evento/ciclo; LOO no es IC ni validación predictiva; no implica causalidad
Dissipated_cycle_6,Fracture_event_10,0,,,,,,,,,,,,0,,,,,,0,No identificable: soporte insuficiente o variable constante,Sin identidad directa predeclarada; evaluar dependencia por arquitectura y protocolo,Asociación no identificable con la variación y disponibilidad observadas,Posensayo; unidad corroborada con tesis PDF pp.117/121 (docs/trazabilidad_datos.md); ausencia de energía no demuestra ausencia de evento/ciclo; Posensayo; unidad corroborada con tesis PDF pp.117/121 (docs/trazabilidad_datos.md); ausencia de energía no demuestra ausencia de evento/ciclo; LOO no es IC ni validación predictiva; no implica causalidad
Dissipated_cycle_6,Fracture_event_11,0,,,,,,,,,,,,0,,,,,,0,No identificable: soporte insuficiente o variable constante,Sin identidad directa predeclarada; evaluar dependencia por arquitectura y protocolo,Asociación no identificable con la variación y disponibilidad observadas,Posensayo; unidad corroborada con tesis PDF pp.117/121 (docs/trazabilidad_datos.md); ausencia de energía no demuestra ausencia de evento/ciclo; Posensayo; unidad corroborada con tesis PDF pp.117/121 (docs/trazabilidad_datos.md); ausencia de energía no demuestra ausencia de evento/ciclo; LOO no es IC ni validación predictiva; no implica causalidad
Dissipated_cycle_6,Fracture_event_12,0,,,,,,,,,,,,0,,,,,,0,No identificable: soporte insuficiente o variable constante,Sin identidad directa predeclarada; evaluar dependencia por arquitectura y protocolo,Asociación no identificable con la variación y disponibilidad observadas,Posensayo; unidad corroborada con tesis PDF pp.117/121 (docs/trazabilidad_datos.md); ausencia de energía no demuestra ausencia de evento/ciclo; Posensayo; unidad corroborada con tesis PDF pp.117/121 (docs/trazabilidad_datos.md); ausencia de energía no demuestra ausencia de evento/ciclo; LOO no es IC ni validación predictiva; no implica causalidad
Dissipated_cycle_6,Fracture_event_13,0,,,,,,,,,,,,0,,,,,,0,No identificable: soporte insuficiente o variable constante,Sin identidad directa predeclarada; evaluar dependencia por arquitectura y protocolo,Asociación no identificable con la variación y disponibilidad observadas,Posensayo; unidad corroborada con tesis PDF pp.117/121 (docs/trazabilidad_datos.md); ausencia de energía no demuestra ausencia de evento/ciclo; Posensayo; unidad corroborada con tesis PDF pp.117/121 (docs/trazabilidad_datos.md); ausencia de energía no demuestra ausencia de evento/ciclo; LOO no es IC ni validación predictiva; no implica causalidad
Dissipated_cycle_6,Load_ratio_first_over_ultimate,20,0.14388762775786357,0.022556390977443608,0.08421052631578947,0.0,0.0,0.12133123678041996,0.0027474672833246745,0.32386245121631213,0.17997482345844856,100.0,10.0,20,-0.08421052631578946,0.19298245614035084,0.17042606516290723,55.00000000000001,10.0,20,"rango LOO rho [-0.084, 0.193]; cambio máximo 0.170",Sin identidad directa predeclarada; evaluar dependencia por arquitectura y protocolo,"Asociación positiva en rangos; diferencia r−rho=0.121; valorar junto con soporte, empates y sensibilidad",Posensayo; unidad corroborada con tesis PDF pp.117/121 (docs/trazabilidad_datos.md); ausencia de energía no demuestra ausencia de evento/ciclo; Cociente primera/rotura final; no factor de seguridad ni reserva de carga; LOO no es IC ni validación predictiva; no implica causalidad
Dissipated_cycle_6,Load_per_specimen_volume,20,0.4033366885462826,0.47518796992481205,0.3263157894736842,0.0,0.0,-0.07185128137852947,0.2929777578920039,0.5467552545900952,0.14341856604381265,100.0,10.0,20,0.38771929824561396,0.6280701754385963,0.1528822055137843,100.0,4.0,20,"rango LOO rho [0.388, 0.628]; cambio máximo 0.153",Sin identidad directa predeclarada; evaluar dependencia por arquitectura y protocolo,"Asociación positiva en rangos; diferencia r−rho=-0.072; valorar junto con soporte, empates y sensibilidad",Posensayo; unidad corroborada con tesis PDF pp.117/121 (docs/trazabilidad_datos.md); ausencia de energía no demuestra ausencia de evento/ciclo; Índice descriptivo de carga por volumen; no esfuerzo ni resistencia material; LOO no es IC ni validación predictiva; no implica causalidad
Dissipated_cycle_6,Load_per_pivot,20,0.43603346598997156,0.5082706766917293,0.3263157894736842,0.0,0.0,-0.07223721070175776,0.3309537391641966,0.5721511982924448,0.1361177323024732,100.0,10.0,20,0.43333333333333324,0.5701754385964911,0.07493734335839608,100.0,9.0,20,"rango LOO rho [0.433, 0.570]; cambio máximo 0.075",Sin identidad directa predeclarada; evaluar dependencia por arquitectura y protocolo,"Asociación positiva en rangos; diferencia r−rho=-0.072; valorar junto con soporte, empates y sensibilidad",Posensayo; unidad corroborada con tesis PDF pp.117/121 (docs/trazabilidad_datos.md); ausencia de energía no demuestra ausencia de evento/ciclo; No presupone reparto uniforme de cargas entre pivotes; LOO no es IC ni validación predictiva; no implica causalidad
Dissipated_cycle_6,Load_per_cell_Y,20,0.4318262260328006,0.5368421052631579,0.3473684210526316,0.0,0.0,-0.10501587923035732,0.3183568467863589,0.5704552867871856,0.13862906075438503,100.0,10.0,20,0.4596491228070175,0.6017543859649122,0.07719298245614042,100.0,9.0,20,"rango LOO rho [0.460, 0.602]; cambio máximo 0.077",Sin identidad directa predeclarada; evaluar dependencia por arquitectura y protocolo,"Asociación positiva en rangos; diferencia r−rho=-0.105; valorar junto con soporte, empates y sensibilidad",Posensayo; unidad corroborada con tesis PDF pp.117/121 (docs/trazabilidad_datos.md); ausencia de energía no demuestra ausencia de evento/ciclo; Normalización por conteo en Y; no fuerza medida en cada celda; LOO no es IC ni validación predictiva; no implica causalidad
Dissipated_cycle_6,Fracture_observed_sum,20,0.5609125027821903,0.5684210526315789,0.38947368421052636,0.0,0.0,-0.007508549849388646,0.4858649640552732,0.6505271165400892,0.08961461375789892,100.0,24.0,20,0.5087719298245613,0.650877192982456,0.08245614035087712,100.0,26.0,20,"rango LOO rho [0.509, 0.651]; cambio máximo 0.082",Sin identidad directa predeclarada; evaluar dependencia por arquitectura y protocolo,"Asociación positiva en rangos; diferencia r−rho=-0.008; valorar junto con soporte, empates y sensibilidad",Posensayo; unidad corroborada con tesis PDF pp.117/121 (docs/trazabilidad_datos.md); ausencia de energía no demuestra ausencia de evento/ciclo; Suma observada de longitud variable; no energía total del ensayo; LOO no es IC ni validación predictiva; no implica causalidad
Dissipated_cycle_6,Fracture_registered_events,20,-0.1838303804466723,-0.23039868701733018,-0.19106771646783238,0.0,60.0,0.046568306570657886,-0.4044893025984518,-0.045219745489294964,0.22065892215177949,100.0,4.0,20,-0.41659212780785326,-0.1333191574079754,0.18619344079052308,100.0,4.0,20,"rango LOO rho [-0.417, -0.133]; cambio máximo 0.186",Sin identidad directa predeclarada; evaluar dependencia por arquitectura y protocolo,"Asociación negativa en rangos; diferencia r−rho=0.047; valorar junto con soporte, empates y sensibilidad","Posensayo; unidad corroborada con tesis PDF pp.117/121 (docs/trazabilidad_datos.md); ausencia de energía no demuestra ausencia de evento/ciclo; Disponibilidad de registro, no conteo verificado de todas las fracturas; LOO no es IC ni validación predictiva; no implica causalidad"
Dissipated_cycle_6,Fracture_initial_share,20,0.17908673168001768,0.17149305462491946,0.17414308638685846,0.0,5.000000000000004,0.007593677055098225,0.055273436800480136,0.4180994870505968,0.23901275537057912,100.0,10.0,20,0.08073717319582722,0.366827591259302,0.19533453663438252,100.0,10.0,20,"rango LOO rho [0.081, 0.367]; cambio máximo 0.195",Sin identidad directa predeclarada; evaluar dependencia por arquitectura y protocolo,"Asociación positiva en rangos; diferencia r−rho=0.008; valorar junto con soporte, empates y sensibilidad",Posensayo; unidad corroborada con tesis PDF pp.117/121 (docs/trazabilidad_datos.md); ausencia de energía no demuestra ausencia de evento/ciclo; Comparte numerador y denominador con otras respuestas; sensible a cobertura de eventos; LOO no es IC ni validación predictiva; no implica causalidad
Dissipated_cycle_6,Residual_fraction_cycle1,20,-0.7055990854680536,-0.7172932330827068,-0.5684210526315789,0.0,0.0,0.01169414761465315,-0.8013643764836406,-0.5879404977025474,0.1176585877655062,100.0,9.0,20,-0.7859649122807016,-0.6701754385964911,0.06867167919799488,100.0,10.0,20,"rango LOO rho [-0.786, -0.670]; cambio máximo 0.069",Sin identidad directa predeclarada; evaluar dependencia por arquitectura y protocolo,"Asociación negativa en rangos; diferencia r−rho=0.012; valorar junto con soporte, empates y sensibilidad",Posensayo; unidad corroborada con tesis PDF pp.117/121 (docs/trazabilidad_datos.md); ausencia de energía no demuestra ausencia de evento/ciclo; Amplitud nominal del nombre de columna; no deformación unitaria; LOO no es IC ni validación predictiva; no implica causalidad
Dissipated_cycle_6,Residual_fraction_cycle2,20,-0.6173410260371222,-0.631578947368421,-0.4736842105263158,0.0,0.0,0.014237921331298864,-0.7298018426291251,-0.4613076930063356,0.15603333303078654,100.0,9.0,20,-0.73859649122807,-0.5701754385964911,0.10701754385964901,100.0,10.0,20,"rango LOO rho [-0.739, -0.570]; cambio máximo 0.107",Sin identidad directa predeclarada; evaluar dependencia por arquitectura y protocolo,"Asociación negativa en rangos; diferencia r−rho=0.014; valorar junto con soporte, empates y sensibilidad",Posensayo; unidad corroborada con tesis PDF pp.117/121 (docs/trazabilidad_datos.md); ausencia de energía no demuestra ausencia de evento/ciclo; Amplitud nominal del nombre de columna; no deformación unitaria; LOO no es IC ni validación predictiva; no implica causalidad
Dissipated_cycle_6,Residual_fraction_cycle3,20,-0.4743172244340902,-0.48120300751879697,-0.3684210526315789,0.0,0.0,0.006885783084706776,-0.5777333226182859,-0.36347030025370547,0.11084692418038472,100.0,9.0,20,-0.563157894736842,-0.39649122807017534,0.08471177944862163,100.0,3.0,20,"rango LOO rho [-0.563, -0.396]; cambio máximo 0.085",Sin identidad directa predeclarada; evaluar dependencia por arquitectura y protocolo,"Asociación negativa en rangos; diferencia r−rho=0.007; valorar junto con soporte, empates y sensibilidad",Posensayo; unidad corroborada con tesis PDF pp.117/121 (docs/trazabilidad_datos.md); ausencia de energía no demuestra ausencia de evento/ciclo; Amplitud nominal del nombre de columna; no deformación unitaria; LOO no es IC ni validación predictiva; no implica causalidad
Dissipated_cycle_6,Residual_fraction_cycle4,20,-0.3917800126536271,-0.4105263157894737,-0.3157894736842105,0.0,0.0,0.018746303135846576,-0.48350167667479055,-0.32763499217694814,0.09172166402116344,100.0,10.0,20,-0.5298245614035086,-0.31403508771929817,0.11929824561403496,100.0,19.0,20,"rango LOO rho [-0.530, -0.314]; cambio máximo 0.119",Sin identidad directa predeclarada; evaluar dependencia por arquitectura y protocolo,"Asociación negativa en rangos; diferencia r−rho=0.019; valorar junto con soporte, empates y sensibilidad",Posensayo; unidad corroborada con tesis PDF pp.117/121 (docs/trazabilidad_datos.md); ausencia de energía no demuestra ausencia de evento/ciclo; Amplitud nominal del nombre de columna; no deformación unitaria; LOO no es IC ni validación predictiva; no implica causalidad
Dissipated_cycle_6,Residual_fraction_cycle5,20,-0.3429384427719135,-0.28765092862159297,-0.2069031026651974,0.0,9.999999999999998,-0.055287514150320516,-0.44334041614945585,-0.23117709211231272,0.11176135065960077,100.0,4.0,20,-0.43936798961012735,-0.17750466780249147,0.15171706098853438,100.0,19.0,20,"rango LOO rho [-0.439, -0.178]; cambio máximo 0.152",Sin identidad directa predeclarada; evaluar dependencia por arquitectura y protocolo,"Asociación negativa en rangos; diferencia r−rho=-0.055; valorar junto con soporte, empates y sensibilidad",Posensayo; unidad corroborada con tesis PDF pp.117/121 (docs/trazabilidad_datos.md); ausencia de energía no demuestra ausencia de evento/ciclo; Amplitud nominal del nombre de columna; no deformación unitaria; LOO no es IC ni validación predictiva; no implica causalidad
Dissipated_cycle_6,Residual_fraction_cycle6,20,-0.42255469319574224,-0.30097826428508534,-0.20106101540302043,0.0,9.999999999999998,-0.1215764289106569,-0.5124536256045571,-0.33036904928374955,0.09218564391199269,100.0,4.0,20,-0.45302914738497047,-0.20368752363045184,0.15205088309988513,100.0,19.0,20,"rango LOO rho [-0.453, -0.204]; cambio máximo 0.152",Sin identidad directa predeclarada; evaluar dependencia por arquitectura y protocolo,"Asociación negativa en rangos; diferencia r−rho=-0.122; valorar junto con soporte, empates y sensibilidad",Posensayo; unidad corroborada con tesis PDF pp.117/121 (docs/trazabilidad_datos.md); ausencia de energía no demuestra ausencia de evento/ciclo; Amplitud nominal del nombre de columna; no deformación unitaria; LOO no es IC ni validación predictiva; no implica causalidad
Dissipated_cycle_6,Recovery_complement_cycle6,20,0.42255469319574224,0.30097826428508534,0.20106101540302043,0.0,9.999999999999998,0.1215764289106569,0.3303690492837496,0.5124536256045573,0.09218564391199263,100.0,4.0,20,0.20368752363045184,0.45302914738497047,0.15205088309988513,100.0,19.0,20,"rango LOO rho [0.204, 0.453]; cambio máximo 0.152",Sin identidad directa predeclarada; evaluar dependencia por arquitectura y protocolo,"Asociación positiva en rangos; diferencia r−rho=0.122; valorar junto con soporte, empates y sensibilidad",Posensayo; unidad corroborada con tesis PDF pp.117/121 (docs/trazabilidad_datos.md); ausencia de energía no demuestra ausencia de evento/ciclo; Proxy complemento nominal; requiere protocolo para interpretar recuperación elástica; LOO no es IC ni validación predictiva; no implica causalidad
Dissipated_cycle_7,Fracture_event_1,7,-0.13520205081137,-0.17857142857142855,-0.14285714285714288,0.0,0.0,0.04336937776005856,-0.45715177528789885,0.172373640931454,0.32194972447652886,71.42857142857143,26.0,7,-0.4857142857142857,0.08571428571428572,0.30714285714285716,71.42857142857143,26.0,7,"rango LOO rho [-0.486, 0.086]; cambio máximo 0.307",Sin identidad directa predeclarada; evaluar dependencia por arquitectura y protocolo,"Asociación negativa en rangos; diferencia r−rho=0.043; valorar junto con soporte, empates y sensibilidad",Posensayo; unidad corroborada con tesis PDF pp.117/121 (docs/trazabilidad_datos.md); ausencia de energía no demuestra ausencia de evento/ciclo; Posensayo; unidad corroborada con tesis PDF pp.117/121 (docs/trazabilidad_datos.md); ausencia de energía no demuestra ausencia de evento/ciclo; LOO no es IC ni validación predictiva; no implica causalidad
Dissipated_cycle_7,Fracture_event_2,6,0.14911272658341715,0.14285714285714285,0.06666666666666665,0.0,0.0,0.0062555837262743,-0.17649801975142862,0.5277069241613666,0.37859419757794943,66.66666666666666,20.0,6,-0.29999999999999993,0.5999999999999999,0.457142857142857,83.33333333333334,20.0,6,"rango LOO rho [-0.300, 0.600]; cambio máximo 0.457",Sin identidad directa predeclarada; evaluar dependencia por arquitectura y protocolo,"Asociación positiva en rangos; diferencia r−rho=0.006; valorar junto con soporte, empates y sensibilidad",Posensayo; unidad corroborada con tesis PDF pp.117/121 (docs/trazabilidad_datos.md); ausencia de energía no demuestra ausencia de evento/ciclo; Posensayo; unidad corroborada con tesis PDF pp.117/121 (docs/trazabilidad_datos.md); ausencia de energía no demuestra ausencia de evento/ciclo; LOO no es IC ni validación predictiva; no implica causalidad
Dissipated_cycle_7,Fracture_event_3,4,0.9840430038191984,0.7999999999999998,0.6666666666666669,0.0,0.0,0.18404300381919858,0.976481696986483,0.9997753106235764,0.015732306804377982,100.0,20.0,4,0.4999999999999999,0.9999999999999998,0.29999999999999993,100.0,20.0,4,"rango LOO rho [0.500, 1.000]; cambio máximo 0.300",Sin identidad directa predeclarada; evaluar dependencia por arquitectura y protocolo,"Asociación positiva en rangos; diferencia r−rho=0.184; valorar junto con soporte, empates y sensibilidad",Posensayo; unidad corroborada con tesis PDF pp.117/121 (docs/trazabilidad_datos.md); ausencia de energía no demuestra ausencia de evento/ciclo; Posensayo; unidad corroborada con tesis PDF pp.117/121 (docs/trazabilidad_datos.md); ausencia de energía no demuestra ausencia de evento/ciclo; LOO no es IC ni validación predictiva; no implica causalidad
Dissipated_cycle_7,Fracture_event_4,2,,,,0.0,0.0,,,,,,,0,,,,,,0,No identificable: soporte insuficiente o variable constante,Sin identidad directa predeclarada; evaluar dependencia por arquitectura y protocolo,Asociación no identificable con la variación y disponibilidad observadas,Posensayo; unidad corroborada con tesis PDF pp.117/121 (docs/trazabilidad_datos.md); ausencia de energía no demuestra ausencia de evento/ciclo; Posensayo; unidad corroborada con tesis PDF pp.117/121 (docs/trazabilidad_datos.md); ausencia de energía no demuestra ausencia de evento/ciclo; LOO no es IC ni validación predictiva; no implica causalidad
Dissipated_cycle_7,Fracture_event_5,2,,,,0.0,0.0,,,,,,,0,,,,,,0,No identificable: soporte insuficiente o variable constante,Sin identidad directa predeclarada; evaluar dependencia por arquitectura y protocolo,Asociación no identificable con la variación y disponibilidad observadas,Posensayo; unidad corroborada con tesis PDF pp.117/121 (docs/trazabilidad_datos.md); ausencia de energía no demuestra ausencia de evento/ciclo; Posensayo; unidad corroborada con tesis PDF pp.117/121 (docs/trazabilidad_datos.md); ausencia de energía no demuestra ausencia de evento/ciclo; LOO no es IC ni validación predictiva; no implica causalidad
Dissipated_cycle_7,Fracture_event_6,1,,,,0.0,0.0,,,,,,,0,,,,,,0,No identificable: soporte insuficiente o variable constante,Sin identidad directa predeclarada; evaluar dependencia por arquitectura y protocolo,Asociación no identificable con la variación y disponibilidad observadas,Posensayo; unidad corroborada con tesis PDF pp.117/121 (docs/trazabilidad_datos.md); ausencia de energía no demuestra ausencia de evento/ciclo; Posensayo; unidad corroborada con tesis PDF pp.117/121 (docs/trazabilidad_datos.md); ausencia de energía no demuestra ausencia de evento/ciclo; LOO no es IC ni validación predictiva; no implica causalidad
Dissipated_cycle_7,Fracture_event_7,0,,,,,,,,,,,,0,,,,,,0,No identificable: soporte insuficiente o variable constante,Sin identidad directa predeclarada; evaluar dependencia por arquitectura y protocolo,Asociación no identificable con la variación y disponibilidad observadas,Posensayo; unidad corroborada con tesis PDF pp.117/121 (docs/trazabilidad_datos.md); ausencia de energía no demuestra ausencia de evento/ciclo; Posensayo; unidad corroborada con tesis PDF pp.117/121 (docs/trazabilidad_datos.md); ausencia de energía no demuestra ausencia de evento/ciclo; LOO no es IC ni validación predictiva; no implica causalidad
Dissipated_cycle_7,Fracture_event_8,0,,,,,,,,,,,,0,,,,,,0,No identificable: soporte insuficiente o variable constante,Sin identidad directa predeclarada; evaluar dependencia por arquitectura y protocolo,Asociación no identificable con la variación y disponibilidad observadas,Posensayo; unidad corroborada con tesis PDF pp.117/121 (docs/trazabilidad_datos.md); ausencia de energía no demuestra ausencia de evento/ciclo; Posensayo; unidad corroborada con tesis PDF pp.117/121 (docs/trazabilidad_datos.md); ausencia de energía no demuestra ausencia de evento/ciclo; LOO no es IC ni validación predictiva; no implica causalidad
Dissipated_cycle_7,Fracture_event_9,0,,,,,,,,,,,,0,,,,,,0,No identificable: soporte insuficiente o variable constante,Sin identidad directa predeclarada; evaluar dependencia por arquitectura y protocolo,Asociación no identificable con la variación y disponibilidad observadas,Posensayo; unidad corroborada con tesis PDF pp.117/121 (docs/trazabilidad_datos.md); ausencia de energía no demuestra ausencia de evento/ciclo; Posensayo; unidad corroborada con tesis PDF pp.117/121 (docs/trazabilidad_datos.md); ausencia de energía no demuestra ausencia de evento/ciclo; LOO no es IC ni validación predictiva; no implica causalidad
Dissipated_cycle_7,Fracture_event_10,0,,,,,,,,,,,,0,,,,,,0,No identificable: soporte insuficiente o variable constante,Sin identidad directa predeclarada; evaluar dependencia por arquitectura y protocolo,Asociación no identificable con la variación y disponibilidad observadas,Posensayo; unidad corroborada con tesis PDF pp.117/121 (docs/trazabilidad_datos.md); ausencia de energía no demuestra ausencia de evento/ciclo; Posensayo; unidad corroborada con tesis PDF pp.117/121 (docs/trazabilidad_datos.md); ausencia de energía no demuestra ausencia de evento/ciclo; LOO no es IC ni validación predictiva; no implica causalidad
Dissipated_cycle_7,Fracture_event_11,0,,,,,,,,,,,,0,,,,,,0,No identificable: soporte insuficiente o variable constante,Sin identidad directa predeclarada; evaluar dependencia por arquitectura y protocolo,Asociación no identificable con la variación y disponibilidad observadas,Posensayo; unidad corroborada con tesis PDF pp.117/121 (docs/trazabilidad_datos.md); ausencia de energía no demuestra ausencia de evento/ciclo; Posensayo; unidad corroborada con tesis PDF pp.117/121 (docs/trazabilidad_datos.md); ausencia de energía no demuestra ausencia de evento/ciclo; LOO no es IC ni validación predictiva; no implica causalidad
Dissipated_cycle_7,Fracture_event_12,0,,,,,,,,,,,,0,,,,,,0,No identificable: soporte insuficiente o variable constante,Sin identidad directa predeclarada; evaluar dependencia por arquitectura y protocolo,Asociación no identificable con la variación y disponibilidad observadas,Posensayo; unidad corroborada con tesis PDF pp.117/121 (docs/trazabilidad_datos.md); ausencia de energía no demuestra ausencia de evento/ciclo; Posensayo; unidad corroborada con tesis PDF pp.117/121 (docs/trazabilidad_datos.md); ausencia de energía no demuestra ausencia de evento/ciclo; LOO no es IC ni validación predictiva; no implica causalidad
Dissipated_cycle_7,Fracture_event_13,0,,,,,,,,,,,,0,,,,,,0,No identificable: soporte insuficiente o variable constante,Sin identidad directa predeclarada; evaluar dependencia por arquitectura y protocolo,Asociación no identificable con la variación y disponibilidad observadas,Posensayo; unidad corroborada con tesis PDF pp.117/121 (docs/trazabilidad_datos.md); ausencia de energía no demuestra ausencia de evento/ciclo; Posensayo; unidad corroborada con tesis PDF pp.117/121 (docs/trazabilidad_datos.md); ausencia de energía no demuestra ausencia de evento/ciclo; LOO no es IC ni validación predictiva; no implica causalidad
Dissipated_cycle_7,Load_ratio_first_over_ultimate,7,0.2365439691378319,0.6071428571428571,0.5238095238095238,0.0,0.0,-0.37059888800502516,0.026755625291155355,0.850037324290187,0.613493355152355,100.0,26.0,7,0.42857142857142855,0.9428571428571428,0.33571428571428574,100.0,26.0,7,"rango LOO rho [0.429, 0.943]; cambio máximo 0.336",Sin identidad directa predeclarada; evaluar dependencia por arquitectura y protocolo,"Asociación positiva en rangos; diferencia r−rho=-0.371; valorar junto con soporte, empates y sensibilidad",Posensayo; unidad corroborada con tesis PDF pp.117/121 (docs/trazabilidad_datos.md); ausencia de energía no demuestra ausencia de evento/ciclo; Cociente primera/rotura final; no factor de seguridad ni reserva de carga; LOO no es IC ni validación predictiva; no implica causalidad
Dissipated_cycle_7,Load_per_specimen_volume,7,-0.23435533704600098,-0.3571428571428571,-0.23809523809523814,0.0,0.0,0.12278752009685612,-0.4281236433368541,0.03550678446278019,0.2698621215087812,85.71428571428571,27.0,7,-0.5428571428571428,0.02857142857142857,0.3857142857142857,71.42857142857143,25.0,7,"rango LOO rho [-0.543, 0.029]; cambio máximo 0.386",Sin identidad directa predeclarada; evaluar dependencia por arquitectura y protocolo,"Asociación negativa en rangos; diferencia r−rho=0.123; valorar junto con soporte, empates y sensibilidad",Posensayo; unidad corroborada con tesis PDF pp.117/121 (docs/trazabilidad_datos.md); ausencia de energía no demuestra ausencia de evento/ciclo; Índice descriptivo de carga por volumen; no esfuerzo ni resistencia material; LOO no es IC ni validación predictiva; no implica causalidad
Dissipated_cycle_7,Load_per_pivot,7,-0.2807049894676027,-0.4285714285714285,-0.33333333333333337,0.0,0.0,0.1478664391038258,-0.4535022874542277,0.015746874101376592,0.2964518635689793,85.71428571428571,27.0,7,-0.6,-0.08571428571428572,0.34285714285714275,100.0,25.0,7,"rango LOO rho [-0.600, -0.086]; cambio máximo 0.343",Sin identidad directa predeclarada; evaluar dependencia por arquitectura y protocolo,"Asociación negativa en rangos; diferencia r−rho=0.148; valorar junto con soporte, empates y sensibilidad",Posensayo; unidad corroborada con tesis PDF pp.117/121 (docs/trazabilidad_datos.md); ausencia de energía no demuestra ausencia de evento/ciclo; No presupone reparto uniforme de cargas entre pivotes; LOO no es IC ni validación predictiva; no implica causalidad
Dissipated_cycle_7,Load_per_cell_Y,7,-0.2807049894676037,-0.4285714285714285,-0.33333333333333337,0.0,0.0,0.1478664391038248,-0.4535022874542281,0.015746874101375444,0.2964518635689791,85.71428571428571,27.0,7,-0.6,-0.08571428571428572,0.34285714285714275,100.0,25.0,7,"rango LOO rho [-0.600, -0.086]; cambio máximo 0.343",Sin identidad directa predeclarada; evaluar dependencia por arquitectura y protocolo,"Asociación negativa en rangos; diferencia r−rho=0.148; valorar junto con soporte, empates y sensibilidad",Posensayo; unidad corroborada con tesis PDF pp.117/121 (docs/trazabilidad_datos.md); ausencia de energía no demuestra ausencia de evento/ciclo; Normalización por conteo en Y; no fuerza medida en cada celda; LOO no es IC ni validación predictiva; no implica causalidad
Dissipated_cycle_7,Fracture_observed_sum,7,-0.41092133630618666,-0.14285714285714285,-0.04761904761904762,0.0,0.0,-0.2680641934490438,-0.6520279501249822,-0.025842795634802473,0.3850785406713842,100.0,27.0,7,-0.4857142857142857,0.37142857142857144,0.5142857142857142,71.42857142857143,27.0,7,"rango LOO rho [-0.486, 0.371]; cambio máximo 0.514",Sin identidad directa predeclarada; evaluar dependencia por arquitectura y protocolo,"Asociación negativa en rangos; diferencia r−rho=-0.268; valorar junto con soporte, empates y sensibilidad",Posensayo; unidad corroborada con tesis PDF pp.117/121 (docs/trazabilidad_datos.md); ausencia de energía no demuestra ausencia de evento/ciclo; Suma observada de longitud variable; no energía total del ensayo; LOO no es IC ni validación predictiva; no implica causalidad
Dissipated_cycle_7,Fracture_registered_events,7,-0.5452149062606232,-0.363696483726654,-0.25031308716087947,0.0,28.57142857142857,-0.18151842253396921,-0.8400907379436661,-0.3597465675369244,0.2948758316830429,100.0,21.0,7,-0.753702346348183,0.029424494316824982,0.39312097804347895,85.71428571428571,27.0,7,"rango LOO rho [-0.754, 0.029]; cambio máximo 0.393",Sin identidad directa predeclarada; evaluar dependencia por arquitectura y protocolo,"Asociación negativa en rangos; diferencia r−rho=-0.182; valorar junto con soporte, empates y sensibilidad","Posensayo; unidad corroborada con tesis PDF pp.117/121 (docs/trazabilidad_datos.md); ausencia de energía no demuestra ausencia de evento/ciclo; Disponibilidad de registro, no conteo verificado de todas las fracturas; LOO no es IC ni validación predictiva; no implica causalidad"
Dissipated_cycle_7,Fracture_initial_share,7,0.44170379397470205,0.21428571428571425,0.14285714285714288,0.0,0.0,0.2274180796889878,0.03790403710889415,0.6985581175719888,0.4037997568658079,100.0,27.0,7,-0.2571428571428571,0.6,0.47142857142857136,85.71428571428571,27.0,7,"rango LOO rho [-0.257, 0.600]; cambio máximo 0.471",Sin identidad directa predeclarada; evaluar dependencia por arquitectura y protocolo,"Asociación positiva en rangos; diferencia r−rho=0.227; valorar junto con soporte, empates y sensibilidad",Posensayo; unidad corroborada con tesis PDF pp.117/121 (docs/trazabilidad_datos.md); ausencia de energía no demuestra ausencia de evento/ciclo; Comparte numerador y denominador con otras respuestas; sensible a cobertura de eventos; LOO no es IC ni validación predictiva; no implica causalidad
Dissipated_cycle_7,Residual_fraction_cycle1,7,-0.3426629992788906,-0.2857142857142857,-0.23809523809523814,0.0,0.0,-0.0569487135646049,-0.7933238483655725,-0.07609755943891783,0.45066084908668186,100.0,21.0,7,-0.7714285714285715,0.02857142857142857,0.48571428571428577,85.71428571428571,21.0,7,"rango LOO rho [-0.771, 0.029]; cambio máximo 0.486",Sin identidad directa predeclarada; evaluar dependencia por arquitectura y protocolo,"Asociación negativa en rangos; diferencia r−rho=-0.057; valorar junto con soporte, empates y sensibilidad",Posensayo; unidad corroborada con tesis PDF pp.117/121 (docs/trazabilidad_datos.md); ausencia de energía no demuestra ausencia de evento/ciclo; Amplitud nominal del nombre de columna; no deformación unitaria; LOO no es IC ni validación predictiva; no implica causalidad
Dissipated_cycle_7,Residual_fraction_cycle2,7,-0.6263597312311312,-0.3928571428571428,-0.23809523809523814,0.0,0.0,-0.2335025883739884,-0.745414568975799,-0.4614522334182635,0.16490749781286768,100.0,25.0,7,-0.5428571428571428,-0.08571428571428572,0.30714285714285705,100.0,25.0,7,"rango LOO rho [-0.543, -0.086]; cambio máximo 0.307",Sin identidad directa predeclarada; evaluar dependencia por arquitectura y protocolo,"Asociación negativa en rangos; diferencia r−rho=-0.234; valorar junto con soporte, empates y sensibilidad",Posensayo; unidad corroborada con tesis PDF pp.117/121 (docs/trazabilidad_datos.md); ausencia de energía no demuestra ausencia de evento/ciclo; Amplitud nominal del nombre de columna; no deformación unitaria; LOO no es IC ni validación predictiva; no implica causalidad
Dissipated_cycle_7,Residual_fraction_cycle3,7,-0.5559720846954271,-0.2857142857142857,-0.04761904761904762,0.0,0.0,-0.27025779898114144,-0.7384129932676584,-0.35823065765009904,0.1977414270453281,100.0,25.0,7,-0.42857142857142855,0.08571428571428572,0.37142857142857144,71.42857142857143,25.0,7,"rango LOO rho [-0.429, 0.086]; cambio máximo 0.371",Sin identidad directa predeclarada; evaluar dependencia por arquitectura y protocolo,"Asociación negativa en rangos; diferencia r−rho=-0.270; valorar junto con soporte, empates y sensibilidad",Posensayo; unidad corroborada con tesis PDF pp.117/121 (docs/trazabilidad_datos.md); ausencia de energía no demuestra ausencia de evento/ciclo; Amplitud nominal del nombre de columna; no deformación unitaria; LOO no es IC ni validación predictiva; no implica causalidad
Dissipated_cycle_7,Residual_fraction_cycle4,7,-0.5287045524472777,-0.3214285714285714,-0.14285714285714288,0.0,0.0,-0.20727598101870626,-0.8074163963261228,-0.32744829169198963,0.2787118438788452,100.0,20.0,7,-0.4857142857142857,0.02857142857142857,0.35,71.42857142857143,25.0,7,"rango LOO rho [-0.486, 0.029]; cambio máximo 0.350",Sin identidad directa predeclarada; evaluar dependencia por arquitectura y protocolo,"Asociación negativa en rangos; diferencia r−rho=-0.207; valorar junto con soporte, empates y sensibilidad",Posensayo; unidad corroborada con tesis PDF pp.117/121 (docs/trazabilidad_datos.md); ausencia de energía no demuestra ausencia de evento/ciclo; Amplitud nominal del nombre de columna; no deformación unitaria; LOO no es IC ni validación predictiva; no implica causalidad
Dissipated_cycle_7,Residual_fraction_cycle5,7,-0.49911271281993697,-0.3928571428571428,-0.23809523809523814,0.0,0.0,-0.10625556996279417,-0.7963769007656227,-0.17648177939819382,0.32263093342174315,100.0,27.0,7,-0.6,-0.02857142857142857,0.3642857142857142,100.0,25.0,7,"rango LOO rho [-0.600, -0.029]; cambio máximo 0.364",Sin identidad directa predeclarada; evaluar dependencia por arquitectura y protocolo,"Asociación negativa en rangos; diferencia r−rho=-0.106; valorar junto con soporte, empates y sensibilidad",Posensayo; unidad corroborada con tesis PDF pp.117/121 (docs/trazabilidad_datos.md); ausencia de energía no demuestra ausencia de evento/ciclo; Amplitud nominal del nombre de columna; no deformación unitaria; LOO no es IC ni validación predictiva; no implica causalidad
Dissipated_cycle_7,Residual_fraction_cycle6,7,-0.5246638458615588,-0.3928571428571428,-0.23809523809523814,0.0,0.0,-0.131806703004416,-0.7594529205428295,-0.2802699413140492,0.2443939045475096,100.0,27.0,7,-0.6,-0.02857142857142857,0.3642857142857142,100.0,25.0,7,"rango LOO rho [-0.600, -0.029]; cambio máximo 0.364",Sin identidad directa predeclarada; evaluar dependencia por arquitectura y protocolo,"Asociación negativa en rangos; diferencia r−rho=-0.132; valorar junto con soporte, empates y sensibilidad",Posensayo; unidad corroborada con tesis PDF pp.117/121 (docs/trazabilidad_datos.md); ausencia de energía no demuestra ausencia de evento/ciclo; Amplitud nominal del nombre de columna; no deformación unitaria; LOO no es IC ni validación predictiva; no implica causalidad
Dissipated_cycle_7,Recovery_complement_cycle6,7,0.5246638458615588,0.3928571428571428,0.23809523809523814,0.0,0.0,0.131806703004416,0.28026994131404914,0.7594529205428294,0.24439390454750964,100.0,27.0,7,0.02857142857142857,0.6,0.3642857142857142,100.0,25.0,7,"rango LOO rho [0.029, 0.600]; cambio máximo 0.364",Sin identidad directa predeclarada; evaluar dependencia por arquitectura y protocolo,"Asociación positiva en rangos; diferencia r−rho=0.132; valorar junto con soporte, empates y sensibilidad",Posensayo; unidad corroborada con tesis PDF pp.117/121 (docs/trazabilidad_datos.md); ausencia de energía no demuestra ausencia de evento/ciclo; Proxy complemento nominal; requiere protocolo para interpretar recuperación elástica; LOO no es IC ni validación predictiva; no implica causalidad
Fracture_event_1,Fracture_event_2,24,0.5888346592251809,0.6026086956521739,0.463768115942029,0.0,0.0,-0.013774036426993042,0.5309152180760452,0.6627176654773153,0.0738830062521344,100.0,19.0,24,0.5484189723320159,0.6798418972332015,0.07723320158102764,100.0,20.0,24,"rango LOO rho [0.548, 0.680]; cambio máximo 0.077",Sin identidad directa predeclarada; evaluar dependencia por arquitectura y protocolo,"Asociación positiva en rangos; diferencia r−rho=-0.014; valorar junto con soporte, empates y sensibilidad",Posensayo; unidad corroborada con tesis PDF pp.117/121 (docs/trazabilidad_datos.md); ausencia de energía no demuestra ausencia de evento/ciclo; Posensayo; unidad corroborada con tesis PDF pp.117/121 (docs/trazabilidad_datos.md); ausencia de energía no demuestra ausencia de evento/ciclo; LOO no es IC ni validación predictiva; no implica causalidad
Fracture_event_1,Fracture_event_3,22,0.16232364423241213,0.2795031055900621,0.20346320346320346,0.0,0.0,-0.11717946135764995,0.09191045521847312,0.2723919959589436,0.11006835172653145,100.0,24.0,22,0.18441558441558442,0.42077922077922075,0.14127611518915867,100.0,24.0,22,"rango LOO rho [0.184, 0.421]; cambio máximo 0.141",Sin identidad directa predeclarada; evaluar dependencia por arquitectura y protocolo,"Asociación positiva en rangos; diferencia r−rho=-0.117; valorar junto con soporte, empates y sensibilidad",Posensayo; unidad corroborada con tesis PDF pp.117/121 (docs/trazabilidad_datos.md); ausencia de energía no demuestra ausencia de evento/ciclo; Posensayo; unidad corroborada con tesis PDF pp.117/121 (docs/trazabilidad_datos.md); ausencia de energía no demuestra ausencia de evento/ciclo; LOO no es IC ni validación predictiva; no implica causalidad
Fracture_event_1,Fracture_event_4,19,0.08762824185117499,0.5140350877192982,0.38011695906432746,0.0,0.0,-0.42640684586812316,-0.01028022806365357,0.44061171462389354,0.3529834727727186,89.47368421052632,19.0,19,0.46749226006191946,0.7585139318885448,0.2444788441692466,100.0,19.0,19,"rango LOO rho [0.467, 0.759]; cambio máximo 0.244",Sin identidad directa predeclarada; evaluar dependencia por arquitectura y protocolo,"Asociación positiva en rangos; diferencia r−rho=-0.426; valorar junto con soporte, empates y sensibilidad",Posensayo; unidad corroborada con tesis PDF pp.117/121 (docs/trazabilidad_datos.md); ausencia de energía no demuestra ausencia de evento/ciclo; Posensayo; unidad corroborada con tesis PDF pp.117/121 (docs/trazabilidad_datos.md); ausencia de energía no demuestra ausencia de evento/ciclo; LOO no es IC ni validación predictiva; no implica causalidad
Fracture_event_1,Fracture_event_5,17,0.26954932894960293,0.23039215686274514,0.14705882352941174,0.0,0.0,0.03915717208685779,0.0005134055212147374,0.5173739649969273,0.26903592342838817,100.0,24.0,17,0.08529411764705883,0.4323529411764706,0.20196078431372547,100.0,19.0,17,"rango LOO rho [0.085, 0.432]; cambio máximo 0.202",Sin identidad directa predeclarada; evaluar dependencia por arquitectura y protocolo,"Asociación positiva en rangos; diferencia r−rho=0.039; valorar junto con soporte, empates y sensibilidad",Posensayo; unidad corroborada con tesis PDF pp.117/121 (docs/trazabilidad_datos.md); ausencia de energía no demuestra ausencia de evento/ciclo; Posensayo; unidad corroborada con tesis PDF pp.117/121 (docs/trazabilidad_datos.md); ausencia de energía no demuestra ausencia de evento/ciclo; LOO no es IC ni validación predictiva; no implica causalidad
Fracture_event_1,Fracture_event_6,7,-0.32934065811188806,-0.3214285714285714,-0.23809523809523814,0.0,0.0,-0.007912086683316666,-0.5255856787517702,0.08438005050582253,0.4137207086177106,85.71428571428571,26.0,7,-0.7714285714285715,0.08571428571428572,0.45000000000000007,85.71428571428571,1.0,7,"rango LOO rho [-0.771, 0.086]; cambio máximo 0.450",Sin identidad directa predeclarada; evaluar dependencia por arquitectura y protocolo,"Asociación negativa en rangos; diferencia r−rho=-0.008; valorar junto con soporte, empates y sensibilidad",Posensayo; unidad corroborada con tesis PDF pp.117/121 (docs/trazabilidad_datos.md); ausencia de energía no demuestra ausencia de evento/ciclo; Posensayo; unidad corroborada con tesis PDF pp.117/121 (docs/trazabilidad_datos.md); ausencia de energía no demuestra ausencia de evento/ciclo; LOO no es IC ni validación predictiva; no implica causalidad
Fracture_event_1,Fracture_event_7,6,-0.24331229914990044,-0.2571428571428571,-0.2,0.0,0.0,0.013830557992956682,-0.6252980618278983,-0.01448124065158442,0.38198576267799783,100.0,9.0,6,-0.5999999999999999,0.09999999999999998,0.3571428571428571,83.33333333333334,1.0,6,"rango LOO rho [-0.600, 0.100]; cambio máximo 0.357",Sin identidad directa predeclarada; evaluar dependencia por arquitectura y protocolo,"Asociación negativa en rangos; diferencia r−rho=0.014; valorar junto con soporte, empates y sensibilidad",Posensayo; unidad corroborada con tesis PDF pp.117/121 (docs/trazabilidad_datos.md); ausencia de energía no demuestra ausencia de evento/ciclo; Posensayo; unidad corroborada con tesis PDF pp.117/121 (docs/trazabilidad_datos.md); ausencia de energía no demuestra ausencia de evento/ciclo; LOO no es IC ni validación predictiva; no implica causalidad
Fracture_event_1,Fracture_event_8,4,0.3541555324583101,0.0,0.0,0.0,0.0,0.3541555324583101,-0.35306121352602304,0.6068428852862663,0.7072167459843332,75.0,4.0,4,-0.4999999999999999,0.4999999999999999,0.4999999999999999,,1.0,4,"rango LOO rho [-0.500, 0.500]; cambio máximo 0.500",Sin identidad directa predeclarada; evaluar dependencia por arquitectura y protocolo,"Asociación nula en rangos; diferencia r−rho=0.354; valorar junto con soporte, empates y sensibilidad",Posensayo; unidad corroborada con tesis PDF pp.117/121 (docs/trazabilidad_datos.md); ausencia de energía no demuestra ausencia de evento/ciclo; Posensayo; unidad corroborada con tesis PDF pp.117/121 (docs/trazabilidad_datos.md); ausencia de energía no demuestra ausencia de evento/ciclo; LOO no es IC ni validación predictiva; no implica causalidad
Fracture_event_1,Fracture_event_9,2,,,,0.0,0.0,,,,,,,0,,,,,,0,No identificable: soporte insuficiente o variable constante,Sin identidad directa predeclarada; evaluar dependencia por arquitectura y protocolo,Asociación no identificable con la variación y disponibilidad observadas,Posensayo; unidad corroborada con tesis PDF pp.117/121 (docs/trazabilidad_datos.md); ausencia de energía no demuestra ausencia de evento/ciclo; Posensayo; unidad corroborada con tesis PDF pp.117/121 (docs/trazabilidad_datos.md); ausencia de energía no demuestra ausencia de evento/ciclo; LOO no es IC ni validación predictiva; no implica causalidad
Fracture_event_1,Fracture_event_10,1,,,,0.0,0.0,,,,,,,0,,,,,,0,No identificable: soporte insuficiente o variable constante,Sin identidad directa predeclarada; evaluar dependencia por arquitectura y protocolo,Asociación no identificable con la variación y disponibilidad observadas,Posensayo; unidad corroborada con tesis PDF pp.117/121 (docs/trazabilidad_datos.md); ausencia de energía no demuestra ausencia de evento/ciclo; Posensayo; unidad corroborada con tesis PDF pp.117/121 (docs/trazabilidad_datos.md); ausencia de energía no demuestra ausencia de evento/ciclo; LOO no es IC ni validación predictiva; no implica causalidad
Fracture_event_1,Fracture_event_11,1,,,,0.0,0.0,,,,,,,0,,,,,,0,No identificable: soporte insuficiente o variable constante,Sin identidad directa predeclarada; evaluar dependencia por arquitectura y protocolo,Asociación no identificable con la variación y disponibilidad observadas,Posensayo; unidad corroborada con tesis PDF pp.117/121 (docs/trazabilidad_datos.md); ausencia de energía no demuestra ausencia de evento/ciclo; Posensayo; unidad corroborada con tesis PDF pp.117/121 (docs/trazabilidad_datos.md); ausencia de energía no demuestra ausencia de evento/ciclo; LOO no es IC ni validación predictiva; no implica causalidad
Fracture_event_1,Fracture_event_12,1,,,,0.0,0.0,,,,,,,0,,,,,,0,No identificable: soporte insuficiente o variable constante,Sin identidad directa predeclarada; evaluar dependencia por arquitectura y protocolo,Asociación no identificable con la variación y disponibilidad observadas,Posensayo; unidad corroborada con tesis PDF pp.117/121 (docs/trazabilidad_datos.md); ausencia de energía no demuestra ausencia de evento/ciclo; Posensayo; unidad corroborada con tesis PDF pp.117/121 (docs/trazabilidad_datos.md); ausencia de energía no demuestra ausencia de evento/ciclo; LOO no es IC ni validación predictiva; no implica causalidad
Fracture_event_1,Fracture_event_13,1,,,,0.0,0.0,,,,,,,0,,,,,,0,No identificable: soporte insuficiente o variable constante,Sin identidad directa predeclarada; evaluar dependencia por arquitectura y protocolo,Asociación no identificable con la variación y disponibilidad observadas,Posensayo; unidad corroborada con tesis PDF pp.117/121 (docs/trazabilidad_datos.md); ausencia de energía no demuestra ausencia de evento/ciclo; Posensayo; unidad corroborada con tesis PDF pp.117/121 (docs/trazabilidad_datos.md); ausencia de energía no demuestra ausencia de evento/ciclo; LOO no es IC ni validación predictiva; no implica causalidad
Fracture_event_1,Load_ratio_first_over_ultimate,26,0.6020539817697,0.49128205128205127,0.3230769230769231,0.0,0.0,0.11077193048764877,0.5577322347543675,0.6686663563810199,0.06661237461131986,100.0,22.0,26,0.45076923076923076,0.5684615384615385,0.0771794871794872,100.0,22.0,26,"rango LOO rho [0.451, 0.568]; cambio máximo 0.077",Sin identidad directa predeclarada; evaluar dependencia por arquitectura y protocolo,"Asociación positiva en rangos; diferencia r−rho=0.111; valorar junto con soporte, empates y sensibilidad",Posensayo; unidad corroborada con tesis PDF pp.117/121 (docs/trazabilidad_datos.md); ausencia de energía no demuestra ausencia de evento/ciclo; Cociente primera/rotura final; no factor de seguridad ni reserva de carga; LOO no es IC ni validación predictiva; no implica causalidad
Fracture_event_1,Load_per_specimen_volume,26,0.9848389132064861,0.9808547008547008,0.9076923076923077,0.0,0.0,0.003984212351785255,0.9835332865871588,0.9960384018046258,0.011199488598139684,100.0,5.0,26,0.9784615384615385,0.9853846153846154,0.0045299145299145804,100.0,4.0,26,"rango LOO rho [0.978, 0.985]; cambio máximo 0.005",Sin identidad directa predeclarada; evaluar dependencia por arquitectura y protocolo,"Asociación positiva en rangos; diferencia r−rho=0.004; valorar junto con soporte, empates y sensibilidad",Posensayo; unidad corroborada con tesis PDF pp.117/121 (docs/trazabilidad_datos.md); ausencia de energía no demuestra ausencia de evento/ciclo; Índice descriptivo de carga por volumen; no esfuerzo ni resistencia material; LOO no es IC ni validación predictiva; no implica causalidad
Fracture_event_1,Load_per_pivot,26,0.8666137459921665,0.8543589743589743,0.7230769230769231,0.0,0.0,0.012254771633192107,0.8540071518588749,0.9062307372678492,0.039616991275682745,100.0,3.0,26,0.8361538461538461,0.8853846153846154,0.031025641025641093,100.0,8.0,26,"rango LOO rho [0.836, 0.885]; cambio máximo 0.031",Sin identidad directa predeclarada; evaluar dependencia por arquitectura y protocolo,"Asociación positiva en rangos; diferencia r−rho=0.012; valorar junto con soporte, empates y sensibilidad",Posensayo; unidad corroborada con tesis PDF pp.117/121 (docs/trazabilidad_datos.md); ausencia de energía no demuestra ausencia de evento/ciclo; No presupone reparto uniforme de cargas entre pivotes; LOO no es IC ni validación predictiva; no implica causalidad
Fracture_event_1,Load_per_cell_Y,26,0.9743844047827447,0.9514529914529914,0.8461538461538463,0.0,0.0,0.022931413329753236,0.9720746033526145,0.9830771309426359,0.00869272615989125,100.0,5.0,26,0.9453846153846154,0.9684615384615385,0.017008547008547037,100.0,3.0,26,"rango LOO rho [0.945, 0.968]; cambio máximo 0.017",Sin identidad directa predeclarada; evaluar dependencia por arquitectura y protocolo,"Asociación positiva en rangos; diferencia r−rho=0.023; valorar junto con soporte, empates y sensibilidad",Posensayo; unidad corroborada con tesis PDF pp.117/121 (docs/trazabilidad_datos.md); ausencia de energía no demuestra ausencia de evento/ciclo; Normalización por conteo en Y; no fuerza medida en cada celda; LOO no es IC ni validación predictiva; no implica causalidad
Fracture_event_1,Fracture_observed_sum,26,0.8601992764380849,0.9111111111111111,0.7723076923076924,0.0,0.0,-0.05091183467302618,0.8384608874686353,0.8838442185287759,0.023644942090691012,100.0,10.0,26,0.9,0.9453846153846154,0.034273504273504285,100.0,22.0,26,"rango LOO rho [0.900, 0.945]; cambio máximo 0.034","Dependencia de construcción: evento, suma o fracción comparten energías registradas","Asociación positiva en rangos; diferencia r−rho=-0.051; valorar junto con soporte, empates y sensibilidad",Posensayo; unidad corroborada con tesis PDF pp.117/121 (docs/trazabilidad_datos.md); ausencia de energía no demuestra ausencia de evento/ciclo; Suma observada de longitud variable; no energía total del ensayo; LOO no es IC ni validación predictiva; no implica causalidad
Fracture_event_1,Fracture_registered_events,26,-0.5068818766178559,-0.5210341674884136,-0.4036036763977875,0.0,61.53846153846154,0.014152290870557693,-0.6168561032020837,-0.4575285986088997,0.10997422658422784,100.0,5.0,26,-0.6315045665269692,-0.46178139043257244,0.1104703990385556,100.0,5.0,26,"rango LOO rho [-0.632, -0.462]; cambio máximo 0.110",Sin identidad directa predeclarada; evaluar dependencia por arquitectura y protocolo,"Asociación negativa en rangos; diferencia r−rho=0.014; valorar junto con soporte, empates y sensibilidad","Posensayo; unidad corroborada con tesis PDF pp.117/121 (docs/trazabilidad_datos.md); ausencia de energía no demuestra ausencia de evento/ciclo; Disponibilidad de registro, no conteo verificado de todas las fracturas; LOO no es IC ni validación predictiva; no implica causalidad"
Fracture_event_1,Fracture_initial_share,26,0.8079443076640483,0.6353222865977661,0.4622501635210243,0.0,3.8461538461538436,0.17262202106628222,0.792199167762163,0.8390409332996116,0.031096625635563258,100.0,24.0,26,0.5923076923076923,0.6943643136715988,0.05904202707383266,100.0,10.0,26,"rango LOO rho [0.592, 0.694]; cambio máximo 0.059","Dependencia de construcción: evento, suma o fracción comparten energías registradas","Asociación positiva en rangos; diferencia r−rho=0.173; valorar junto con soporte, empates y sensibilidad",Posensayo; unidad corroborada con tesis PDF pp.117/121 (docs/trazabilidad_datos.md); ausencia de energía no demuestra ausencia de evento/ciclo; Comparte numerador y denominador con otras respuestas; sensible a cobertura de eventos; LOO no es IC ni validación predictiva; no implica causalidad
Fracture_event_1,Residual_fraction_cycle1,26,-0.5575739583802973,-0.587008547008547,-0.38461538461538464,0.0,0.0,0.02943458862824966,-0.5961363506667965,-0.5188444377606558,0.03872952061964152,100.0,21.0,26,-0.6561538461538462,-0.5453846153846154,0.06914529914529921,100.0,6.0,26,"rango LOO rho [-0.656, -0.545]; cambio máximo 0.069",Sin identidad directa predeclarada; evaluar dependencia por arquitectura y protocolo,"Asociación negativa en rangos; diferencia r−rho=0.029; valorar junto con soporte, empates y sensibilidad",Posensayo; unidad corroborada con tesis PDF pp.117/121 (docs/trazabilidad_datos.md); ausencia de energía no demuestra ausencia de evento/ciclo; Amplitud nominal del nombre de columna; no deformación unitaria; LOO no es IC ni validación predictiva; no implica causalidad
Fracture_event_1,Residual_fraction_cycle2,26,-0.6179352992141306,-0.6786324786324787,-0.48307692307692307,0.0,0.0,0.06069717941834807,-0.6620984337210165,-0.5914196864549488,0.044163134506885915,100.0,26.0,26,-0.7630769230769231,-0.6438461538461538,0.08444444444444443,100.0,7.0,26,"rango LOO rho [-0.763, -0.644]; cambio máximo 0.084",Sin identidad directa predeclarada; evaluar dependencia por arquitectura y protocolo,"Asociación negativa en rangos; diferencia r−rho=0.061; valorar junto con soporte, empates y sensibilidad",Posensayo; unidad corroborada con tesis PDF pp.117/121 (docs/trazabilidad_datos.md); ausencia de energía no demuestra ausencia de evento/ciclo; Amplitud nominal del nombre de columna; no deformación unitaria; LOO no es IC ni validación predictiva; no implica causalidad
Fracture_event_1,Residual_fraction_cycle3,26,-0.4233345081350133,-0.3264957264957265,-0.21846153846153846,0.0,0.0,-0.09683878163928678,-0.46776913456148717,-0.3605366800093803,0.062797828125633,100.0,25.0,26,-0.39615384615384613,-0.25076923076923074,0.07572649572649576,100.0,1.0,26,"rango LOO rho [-0.396, -0.251]; cambio máximo 0.076",Sin identidad directa predeclarada; evaluar dependencia por arquitectura y protocolo,"Asociación negativa en rangos; diferencia r−rho=-0.097; valorar junto con soporte, empates y sensibilidad",Posensayo; unidad corroborada con tesis PDF pp.117/121 (docs/trazabilidad_datos.md); ausencia de energía no demuestra ausencia de evento/ciclo; Amplitud nominal del nombre de columna; no deformación unitaria; LOO no es IC ni validación predictiva; no implica causalidad
Fracture_event_1,Residual_fraction_cycle4,26,-0.16625965809411103,-0.1794871794871795,-0.15692307692307692,0.0,0.0,0.013227521393068459,-0.24672955677267033,-0.0752606626236774,0.09099899547043364,100.0,25.0,26,-0.2592307692307692,-0.09461538461538462,0.08487179487179487,100.0,1.0,26,"rango LOO rho [-0.259, -0.095]; cambio máximo 0.085",Sin identidad directa predeclarada; evaluar dependencia por arquitectura y protocolo,"Asociación negativa en rangos; diferencia r−rho=0.013; valorar junto con soporte, empates y sensibilidad",Posensayo; unidad corroborada con tesis PDF pp.117/121 (docs/trazabilidad_datos.md); ausencia de energía no demuestra ausencia de evento/ciclo; Amplitud nominal del nombre de columna; no deformación unitaria; LOO no es IC ni validación predictiva; no implica causalidad
Fracture_event_1,Residual_fraction_cycle5,26,0.07432171879864852,0.14881974061810624,0.08037180680557422,0.0,7.692307692307687,-0.07449802181945772,0.005835338679051169,0.18053780961166438,0.10621609081301586,100.0,27.0,26,0.0669746156884539,0.22093924945501459,0.08184512492965233,100.0,20.0,26,"rango LOO rho [0.067, 0.221]; cambio máximo 0.082",Sin identidad directa predeclarada; evaluar dependencia por arquitectura y protocolo,"Asociación positiva en rangos; diferencia r−rho=-0.074; valorar junto con soporte, empates y sensibilidad",Posensayo; unidad corroborada con tesis PDF pp.117/121 (docs/trazabilidad_datos.md); ausencia de energía no demuestra ausencia de evento/ciclo; Amplitud nominal del nombre de columna; no deformación unitaria; LOO no es IC ni validación predictiva; no implica causalidad
Fracture_event_1,Residual_fraction_cycle6,20,0.06598752040133701,0.09405570758908917,0.04232863482168851,0.0,9.999999999999998,-0.028068187187752155,-0.09426609327330038,0.15703175182622695,0.1602536136746374,90.0,4.0,20,-0.03687446548482318,0.19490788899120823,0.13093017307391236,90.0,20.0,20,"rango LOO rho [-0.037, 0.195]; cambio máximo 0.131",Sin identidad directa predeclarada; evaluar dependencia por arquitectura y protocolo,"Asociación positiva en rangos; diferencia r−rho=-0.028; valorar junto con soporte, empates y sensibilidad",Posensayo; unidad corroborada con tesis PDF pp.117/121 (docs/trazabilidad_datos.md); ausencia de energía no demuestra ausencia de evento/ciclo; Amplitud nominal del nombre de columna; no deformación unitaria; LOO no es IC ni validación predictiva; no implica causalidad
Fracture_event_1,Recovery_complement_cycle6,20,-0.06598752040133704,-0.09405570758908917,-0.04232863482168851,0.0,9.999999999999998,0.028068187187752128,-0.15703175182622697,0.0942660932733004,0.16025361367463745,90.0,4.0,20,-0.19490788899120823,0.03687446548482318,0.13093017307391236,90.0,20.0,20,"rango LOO rho [-0.195, 0.037]; cambio máximo 0.131",Sin identidad directa predeclarada; evaluar dependencia por arquitectura y protocolo,"Asociación negativa en rangos; diferencia r−rho=0.028; valorar junto con soporte, empates y sensibilidad",Posensayo; unidad corroborada con tesis PDF pp.117/121 (docs/trazabilidad_datos.md); ausencia de energía no demuestra ausencia de evento/ciclo; Proxy complemento nominal; requiere protocolo para interpretar recuperación elástica; LOO no es IC ni validación predictiva; no implica causalidad
Fracture_event_2,Fracture_event_3,22,0.15784459405614423,0.17334839073969507,0.11688311688311688,0.0,0.0,-0.015503796683550841,0.07346117249330493,0.3879381892563777,0.23009359520023345,100.0,10.0,22,0.08311688311688312,0.2896103896103896,0.11626199887069452,100.0,24.0,22,"rango LOO rho [0.083, 0.290]; cambio máximo 0.116",Sin identidad directa predeclarada; evaluar dependencia por arquitectura y protocolo,"Asociación positiva en rangos; diferencia r−rho=-0.016; valorar junto con soporte, empates y sensibilidad",Posensayo; unidad corroborada con tesis PDF pp.117/121 (docs/trazabilidad_datos.md); ausencia de energía no demuestra ausencia de evento/ciclo; Posensayo; unidad corroborada con tesis PDF pp.117/121 (docs/trazabilidad_datos.md); ausencia de energía no demuestra ausencia de evento/ciclo; LOO no es IC ni validación predictiva; no implica causalidad
Fracture_event_2,Fracture_event_4,19,0.40186881152435655,0.4017543859649122,0.25146198830409355,0.0,0.0,0.00011442555944435329,0.31878054109691356,0.539592102937232,0.13772329141287548,100.0,10.0,19,0.3230134158926728,0.5397316821465428,0.13797729618163057,100.0,10.0,19,"rango LOO rho [0.323, 0.540]; cambio máximo 0.138",Sin identidad directa predeclarada; evaluar dependencia por arquitectura y protocolo,"Asociación positiva en rangos; diferencia r−rho=0.000; valorar junto con soporte, empates y sensibilidad",Posensayo; unidad corroborada con tesis PDF pp.117/121 (docs/trazabilidad_datos.md); ausencia de energía no demuestra ausencia de evento/ciclo; Posensayo; unidad corroborada con tesis PDF pp.117/121 (docs/trazabilidad_datos.md); ausencia de energía no demuestra ausencia de evento/ciclo; LOO no es IC ni validación predictiva; no implica causalidad
Fracture_event_2,Fracture_event_5,17,0.05926533156225868,-0.05147058823529412,-0.0588235294117647,0.0,0.0,0.1107359197975528,-0.2649712170568157,0.2923160046756739,0.32423654861907436,88.23529411764706,24.0,17,-0.2235294117647059,0.08529411764705883,0.17205882352941176,76.47058823529412,24.0,17,"rango LOO rho [-0.224, 0.085]; cambio máximo 0.172",Sin identidad directa predeclarada; evaluar dependencia por arquitectura y protocolo,"Asociación negativa en rangos; diferencia r−rho=0.111; valorar junto con soporte, empates y sensibilidad",Posensayo; unidad corroborada con tesis PDF pp.117/121 (docs/trazabilidad_datos.md); ausencia de energía no demuestra ausencia de evento/ciclo; Posensayo; unidad corroborada con tesis PDF pp.117/121 (docs/trazabilidad_datos.md); ausencia de energía no demuestra ausencia de evento/ciclo; LOO no es IC ni validación predictiva; no implica causalidad
Fracture_event_2,Fracture_event_6,7,0.1125332800677508,0.0,-0.04761904761904762,0.0,0.0,0.1125332800677508,-0.4644420267851795,0.3742185896174651,0.5769753068529303,71.42857142857143,4.0,7,-0.37142857142857144,0.3142857142857143,0.37142857142857144,,4.0,7,"rango LOO rho [-0.371, 0.314]; cambio máximo 0.371",Sin identidad directa predeclarada; evaluar dependencia por arquitectura y protocolo,"Asociación nula en rangos; diferencia r−rho=0.113; valorar junto con soporte, empates y sensibilidad",Posensayo; unidad corroborada con tesis PDF pp.117/121 (docs/trazabilidad_datos.md); ausencia de energía no demuestra ausencia de evento/ciclo; Posensayo; unidad corroborada con tesis PDF pp.117/121 (docs/trazabilidad_datos.md); ausencia de energía no demuestra ausencia de evento/ciclo; LOO no es IC ni validación predictiva; no implica causalidad
Fracture_event_2,Fracture_event_7,6,-0.30394554147317193,-0.14285714285714285,-0.06666666666666665,0.0,0.0,-0.16108839861602908,-0.6817623507488466,-0.09722223887300314,0.3778168092756747,100.0,9.0,6,-0.5999999999999999,0.19999999999999996,0.457142857142857,50.0,9.0,6,"rango LOO rho [-0.600, 0.200]; cambio máximo 0.457",Sin identidad directa predeclarada; evaluar dependencia por arquitectura y protocolo,"Asociación negativa en rangos; diferencia r−rho=-0.161; valorar junto con soporte, empates y sensibilidad",Posensayo; unidad corroborada con tesis PDF pp.117/121 (docs/trazabilidad_datos.md); ausencia de energía no demuestra ausencia de evento/ciclo; Posensayo; unidad corroborada con tesis PDF pp.117/121 (docs/trazabilidad_datos.md); ausencia de energía no demuestra ausencia de evento/ciclo; LOO no es IC ni validación predictiva; no implica causalidad
Fracture_event_2,Fracture_event_8,4,0.43504951723737534,0.0,0.0,0.0,0.0,0.43504951723737534,0.10206119255495716,0.8982198357792416,0.46317031854186624,100.0,13.0,4,-0.4999999999999999,0.4999999999999999,0.4999999999999999,,1.0,4,"rango LOO rho [-0.500, 0.500]; cambio máximo 0.500",Sin identidad directa predeclarada; evaluar dependencia por arquitectura y protocolo,"Asociación nula en rangos; diferencia r−rho=0.435; valorar junto con soporte, empates y sensibilidad",Posensayo; unidad corroborada con tesis PDF pp.117/121 (docs/trazabilidad_datos.md); ausencia de energía no demuestra ausencia de evento/ciclo; Posensayo; unidad corroborada con tesis PDF pp.117/121 (docs/trazabilidad_datos.md); ausencia de energía no demuestra ausencia de evento/ciclo; LOO no es IC ni validación predictiva; no implica causalidad
Fracture_event_2,Fracture_event_9,2,,,,0.0,0.0,,,,,,,0,,,,,,0,No identificable: soporte insuficiente o variable constante,Sin identidad directa predeclarada; evaluar dependencia por arquitectura y protocolo,Asociación no identificable con la variación y disponibilidad observadas,Posensayo; unidad corroborada con tesis PDF pp.117/121 (docs/trazabilidad_datos.md); ausencia de energía no demuestra ausencia de evento/ciclo; Posensayo; unidad corroborada con tesis PDF pp.117/121 (docs/trazabilidad_datos.md); ausencia de energía no demuestra ausencia de evento/ciclo; LOO no es IC ni validación predictiva; no implica causalidad
Fracture_event_2,Fracture_event_10,1,,,,0.0,0.0,,,,,,,0,,,,,,0,No identificable: soporte insuficiente o variable constante,Sin identidad directa predeclarada; evaluar dependencia por arquitectura y protocolo,Asociación no identificable con la variación y disponibilidad observadas,Posensayo; unidad corroborada con tesis PDF pp.117/121 (docs/trazabilidad_datos.md); ausencia de energía no demuestra ausencia de evento/ciclo; Posensayo; unidad corroborada con tesis PDF pp.117/121 (docs/trazabilidad_datos.md); ausencia de energía no demuestra ausencia de evento/ciclo; LOO no es IC ni validación predictiva; no implica causalidad
Fracture_event_2,Fracture_event_11,1,,,,0.0,0.0,,,,,,,0,,,,,,0,No identificable: soporte insuficiente o variable constante,Sin identidad directa predeclarada; evaluar dependencia por arquitectura y protocolo,Asociación no identificable con la variación y disponibilidad observadas,Posensayo; unidad corroborada con tesis PDF pp.117/121 (docs/trazabilidad_datos.md); ausencia de energía no demuestra ausencia de evento/ciclo; Posensayo; unidad corroborada con tesis PDF pp.117/121 (docs/trazabilidad_datos.md); ausencia de energía no demuestra ausencia de evento/ciclo; LOO no es IC ni validación predictiva; no implica causalidad
Fracture_event_2,Fracture_event_12,1,,,,0.0,0.0,,,,,,,0,,,,,,0,No identificable: soporte insuficiente o variable constante,Sin identidad directa predeclarada; evaluar dependencia por arquitectura y protocolo,Asociación no identificable con la variación y disponibilidad observadas,Posensayo; unidad corroborada con tesis PDF pp.117/121 (docs/trazabilidad_datos.md); ausencia de energía no demuestra ausencia de evento/ciclo; Posensayo; unidad corroborada con tesis PDF pp.117/121 (docs/trazabilidad_datos.md); ausencia de energía no demuestra ausencia de evento/ciclo; LOO no es IC ni validación predictiva; no implica causalidad
Fracture_event_2,Fracture_event_13,1,,,,0.0,0.0,,,,,,,0,,,,,,0,No identificable: soporte insuficiente o variable constante,Sin identidad directa predeclarada; evaluar dependencia por arquitectura y protocolo,Asociación no identificable con la variación y disponibilidad observadas,Posensayo; unidad corroborada con tesis PDF pp.117/121 (docs/trazabilidad_datos.md); ausencia de energía no demuestra ausencia de evento/ciclo; Posensayo; unidad corroborada con tesis PDF pp.117/121 (docs/trazabilidad_datos.md); ausencia de energía no demuestra ausencia de evento/ciclo; LOO no es IC ni validación predictiva; no implica causalidad
Fracture_event_2,Load_ratio_first_over_ultimate,24,0.2023444407935959,0.36434782608695654,0.2536231884057971,0.0,0.0,-0.16200338529336064,0.09837770899424732,0.3099634962385257,0.1076190554449298,100.0,19.0,24,0.2984189723320158,0.44565217391304346,0.08130434782608692,100.0,14.0,24,"rango LOO rho [0.298, 0.446]; cambio máximo 0.081",Sin identidad directa predeclarada; evaluar dependencia por arquitectura y protocolo,"Asociación positiva en rangos; diferencia r−rho=-0.162; valorar junto con soporte, empates y sensibilidad",Posensayo; unidad corroborada con tesis PDF pp.117/121 (docs/trazabilidad_datos.md); ausencia de energía no demuestra ausencia de evento/ciclo; Cociente primera/rotura final; no factor de seguridad ni reserva de carga; LOO no es IC ni validación predictiva; no implica causalidad
Fracture_event_2,Load_per_specimen_volume,24,0.566774059497268,0.5382608695652173,0.40579710144927533,0.0,0.0,0.028513189932050653,0.5007951973679495,0.642142137502469,0.07536807800520096,100.0,19.0,24,0.475296442687747,0.6086956521739131,0.07043478260869573,100.0,19.0,24,"rango LOO rho [0.475, 0.609]; cambio máximo 0.070",Sin identidad directa predeclarada; evaluar dependencia por arquitectura y protocolo,"Asociación positiva en rangos; diferencia r−rho=0.029; valorar junto con soporte, empates y sensibilidad",Posensayo; unidad corroborada con tesis PDF pp.117/121 (docs/trazabilidad_datos.md); ausencia de energía no demuestra ausencia de evento/ciclo; Índice descriptivo de carga por volumen; no esfuerzo ni resistencia material; LOO no es IC ni validación predictiva; no implica causalidad
Fracture_event_2,Load_per_pivot,24,0.5148961283220435,0.42869565217391303,0.3043478260869565,0.0,0.0,0.08620047614813042,0.44937800038924497,0.5773604635448224,0.06551812793279849,100.0,23.0,24,0.35079051383399207,0.5177865612648221,0.08909090909090911,100.0,13.0,24,"rango LOO rho [0.351, 0.518]; cambio máximo 0.089",Sin identidad directa predeclarada; evaluar dependencia por arquitectura y protocolo,"Asociación positiva en rangos; diferencia r−rho=0.086; valorar junto con soporte, empates y sensibilidad",Posensayo; unidad corroborada con tesis PDF pp.117/121 (docs/trazabilidad_datos.md); ausencia de energía no demuestra ausencia de evento/ciclo; No presupone reparto uniforme de cargas entre pivotes; LOO no es IC ni validación predictiva; no implica causalidad
Fracture_event_2,Load_per_cell_Y,24,0.5701616989666616,0.5234782608695652,0.37681159420289856,0.0,0.0,0.04668343809709641,0.5064489286937576,0.6458532578706835,0.0756915589040219,100.0,19.0,24,0.45849802371541504,0.5928853754940712,0.069407114624506,100.0,19.0,24,"rango LOO rho [0.458, 0.593]; cambio máximo 0.069",Sin identidad directa predeclarada; evaluar dependencia por arquitectura y protocolo,"Asociación positiva en rangos; diferencia r−rho=0.047; valorar junto con soporte, empates y sensibilidad",Posensayo; unidad corroborada con tesis PDF pp.117/121 (docs/trazabilidad_datos.md); ausencia de energía no demuestra ausencia de evento/ciclo; Normalización por conteo en Y; no fuerza medida en cada celda; LOO no es IC ni validación predictiva; no implica causalidad
Fracture_event_2,Fracture_observed_sum,24,0.6429738238524887,0.5826086956521739,0.4420289855072464,0.0,0.0,0.06036512820031481,0.5863617010392178,0.7246676278327568,0.08169380398026815,100.0,10.0,24,0.525691699604743,0.6511857707509882,0.06857707509881428,100.0,10.0,24,"rango LOO rho [0.526, 0.651]; cambio máximo 0.069","Dependencia de construcción: evento, suma o fracción comparten energías registradas","Asociación positiva en rangos; diferencia r−rho=0.060; valorar junto con soporte, empates y sensibilidad",Posensayo; unidad corroborada con tesis PDF pp.117/121 (docs/trazabilidad_datos.md); ausencia de energía no demuestra ausencia de evento/ciclo; Suma observada de longitud variable; no energía total del ensayo; LOO no es IC ni validación predictiva; no implica causalidad
Fracture_event_2,Fracture_registered_events,24,-0.3227283886953465,-0.3029194361339644,-0.24130854453292008,0.0,62.5,-0.019808952561382098,-0.4207307020056166,-0.23875497463008252,0.0980023133102701,100.0,5.0,24,-0.42950003870330217,-0.2055688596903902,0.12658060256933779,100.0,5.0,24,"rango LOO rho [-0.430, -0.206]; cambio máximo 0.127",Sin identidad directa predeclarada; evaluar dependencia por arquitectura y protocolo,"Asociación negativa en rangos; diferencia r−rho=-0.020; valorar junto con soporte, empates y sensibilidad","Posensayo; unidad corroborada con tesis PDF pp.117/121 (docs/trazabilidad_datos.md); ausencia de energía no demuestra ausencia de evento/ciclo; Disponibilidad de registro, no conteo verificado de todas las fracturas; LOO no es IC ni validación predictiva; no implica causalidad"
Fracture_event_2,Fracture_initial_share,24,0.33392409532850686,0.30434782608695654,0.21014492753623187,0.0,0.0,0.029576269241550324,0.23390371759503184,0.41746964580000784,0.10002037773347502,100.0,23.0,24,0.22924901185770752,0.3715415019762846,0.07509881422924902,100.0,23.0,24,"rango LOO rho [0.229, 0.372]; cambio máximo 0.075","Dependencia de construcción: evento, suma o fracción comparten energías registradas","Asociación positiva en rangos; diferencia r−rho=0.030; valorar junto con soporte, empates y sensibilidad",Posensayo; unidad corroborada con tesis PDF pp.117/121 (docs/trazabilidad_datos.md); ausencia de energía no demuestra ausencia de evento/ciclo; Comparte numerador y denominador con otras respuestas; sensible a cobertura de eventos; LOO no es IC ni validación predictiva; no implica causalidad
Fracture_event_2,Residual_fraction_cycle1,24,-0.37084508095894225,-0.27304347826086955,-0.18840579710144928,0.0,0.0,-0.0978016026980727,-0.4393715586363353,-0.27119739166966766,0.09964768928927459,100.0,25.0,24,-0.3557312252964427,-0.18379446640316205,0.0892490118577075,100.0,25.0,24,"rango LOO rho [-0.356, -0.184]; cambio máximo 0.089",Sin identidad directa predeclarada; evaluar dependencia por arquitectura y protocolo,"Asociación negativa en rangos; diferencia r−rho=-0.098; valorar junto con soporte, empates y sensibilidad",Posensayo; unidad corroborada con tesis PDF pp.117/121 (docs/trazabilidad_datos.md); ausencia de energía no demuestra ausencia de evento/ciclo; Amplitud nominal del nombre de columna; no deformación unitaria; LOO no es IC ni validación predictiva; no implica causalidad
Fracture_event_2,Residual_fraction_cycle2,24,-0.5710212847745558,-0.5260869565217391,-0.36231884057971014,0.0,0.0,-0.044934328252816735,-0.6172206966078732,-0.4879530019771989,0.08306828279735695,100.0,25.0,24,-0.5899209486166008,-0.466403162055336,0.06383399209486174,100.0,7.0,24,"rango LOO rho [-0.590, -0.466]; cambio máximo 0.064",Sin identidad directa predeclarada; evaluar dependencia por arquitectura y protocolo,"Asociación negativa en rangos; diferencia r−rho=-0.045; valorar junto con soporte, empates y sensibilidad",Posensayo; unidad corroborada con tesis PDF pp.117/121 (docs/trazabilidad_datos.md); ausencia de energía no demuestra ausencia de evento/ciclo; Amplitud nominal del nombre de columna; no deformación unitaria; LOO no es IC ni validación predictiva; no implica causalidad
Fracture_event_2,Residual_fraction_cycle3,24,-0.4918281823168569,-0.3991304347826087,-0.2826086956521739,0.0,0.0,-0.0926977475342482,-0.559560347142122,-0.37705501726038587,0.114773165056471,100.0,25.0,24,-0.4743083003952569,-0.33300395256917,0.07517786561264822,100.0,23.0,24,"rango LOO rho [-0.474, -0.333]; cambio máximo 0.075",Sin identidad directa predeclarada; evaluar dependencia por arquitectura y protocolo,"Asociación negativa en rangos; diferencia r−rho=-0.093; valorar junto con soporte, empates y sensibilidad",Posensayo; unidad corroborada con tesis PDF pp.117/121 (docs/trazabilidad_datos.md); ausencia de energía no demuestra ausencia de evento/ciclo; Amplitud nominal del nombre de columna; no deformación unitaria; LOO no es IC ni validación predictiva; no implica causalidad
Fracture_event_2,Residual_fraction_cycle4,24,-0.337730849942097,-0.42086956521739133,-0.2826086956521739,0.0,0.0,0.08313871527529432,-0.47418227377554556,-0.2119247292073293,0.13645142383344855,100.0,7.0,24,-0.5108695652173914,-0.35079051383399207,0.09000000000000002,100.0,5.0,24,"rango LOO rho [-0.511, -0.351]; cambio máximo 0.090",Sin identidad directa predeclarada; evaluar dependencia por arquitectura y protocolo,"Asociación negativa en rangos; diferencia r−rho=0.083; valorar junto con soporte, empates y sensibilidad",Posensayo; unidad corroborada con tesis PDF pp.117/121 (docs/trazabilidad_datos.md); ausencia de energía no demuestra ausencia de evento/ciclo; Amplitud nominal del nombre de columna; no deformación unitaria; LOO no es IC ni validación predictiva; no implica causalidad
Fracture_event_2,Residual_fraction_cycle5,24,-0.1255317575844417,-0.11306806094644033,-0.0471870105616408,0.0,4.1666666666666625,-0.012463696638001384,-0.23642079180736145,-0.033808401032892524,0.11088903422291974,100.0,7.0,24,-0.18779343296307416,-0.03904126632653384,0.07472537201663383,100.0,7.0,24,"rango LOO rho [-0.188, -0.039]; cambio máximo 0.075",Sin identidad directa predeclarada; evaluar dependencia por arquitectura y protocolo,"Asociación negativa en rangos; diferencia r−rho=-0.012; valorar junto con soporte, empates y sensibilidad",Posensayo; unidad corroborada con tesis PDF pp.117/121 (docs/trazabilidad_datos.md); ausencia de energía no demuestra ausencia de evento/ciclo; Amplitud nominal del nombre de columna; no deformación unitaria; LOO no es IC ni validación predictiva; no implica causalidad
Fracture_event_2,Residual_fraction_cycle6,18,-0.21252132683602362,-0.22922047453223757,-0.15737789507292677,0.0,5.555555555555558,0.016699147696213945,-0.321832613866808,-0.09119709684334906,0.12132422999267456,100.0,25.0,18,-0.3654200564214142,-0.1336603562078327,0.1361995818891766,100.0,10.0,18,"rango LOO rho [-0.365, -0.134]; cambio máximo 0.136",Sin identidad directa predeclarada; evaluar dependencia por arquitectura y protocolo,"Asociación negativa en rangos; diferencia r−rho=0.017; valorar junto con soporte, empates y sensibilidad",Posensayo; unidad corroborada con tesis PDF pp.117/121 (docs/trazabilidad_datos.md); ausencia de energía no demuestra ausencia de evento/ciclo; Amplitud nominal del nombre de columna; no deformación unitaria; LOO no es IC ni validación predictiva; no implica causalidad
Fracture_event_2,Recovery_complement_cycle6,18,0.21252132683602365,0.22922047453223757,0.15737789507292677,0.0,5.555555555555558,-0.016699147696213917,0.09119709684334906,0.32183261386680795,0.12132422999267459,100.0,25.0,18,0.1336603562078327,0.3654200564214142,0.1361995818891766,100.0,10.0,18,"rango LOO rho [0.134, 0.365]; cambio máximo 0.136",Sin identidad directa predeclarada; evaluar dependencia por arquitectura y protocolo,"Asociación positiva en rangos; diferencia r−rho=-0.017; valorar junto con soporte, empates y sensibilidad",Posensayo; unidad corroborada con tesis PDF pp.117/121 (docs/trazabilidad_datos.md); ausencia de energía no demuestra ausencia de evento/ciclo; Proxy complemento nominal; requiere protocolo para interpretar recuperación elástica; LOO no es IC ni validación predictiva; no implica causalidad
Fracture_event_3,Fracture_event_4,19,0.5813502085891848,0.30877192982456136,0.18128654970760236,0.0,0.0,0.2725782787646235,0.44217093610141955,0.6562172407715542,0.1391792724877653,100.0,12.0,19,0.18885448916408668,0.41176470588235287,0.11991744066047469,100.0,10.0,19,"rango LOO rho [0.189, 0.412]; cambio máximo 0.120",Sin identidad directa predeclarada; evaluar dependencia por arquitectura y protocolo,"Asociación positiva en rangos; diferencia r−rho=0.273; valorar junto con soporte, empates y sensibilidad",Posensayo; unidad corroborada con tesis PDF pp.117/121 (docs/trazabilidad_datos.md); ausencia de energía no demuestra ausencia de evento/ciclo; Posensayo; unidad corroborada con tesis PDF pp.117/121 (docs/trazabilidad_datos.md); ausencia de energía no demuestra ausencia de evento/ciclo; LOO no es IC ni validación predictiva; no implica causalidad
Fracture_event_3,Fracture_event_5,17,0.4810237864775176,0.24509803921568632,0.19117647058823525,0.0,0.0,0.23592574726183127,0.13065916902877842,0.6872273144134343,0.35036461744873915,100.0,10.0,17,0.09411764705882353,0.4117647058823529,0.1666666666666666,100.0,24.0,17,"rango LOO rho [0.094, 0.412]; cambio máximo 0.167",Sin identidad directa predeclarada; evaluar dependencia por arquitectura y protocolo,"Asociación positiva en rangos; diferencia r−rho=0.236; valorar junto con soporte, empates y sensibilidad",Posensayo; unidad corroborada con tesis PDF pp.117/121 (docs/trazabilidad_datos.md); ausencia de energía no demuestra ausencia de evento/ciclo; Posensayo; unidad corroborada con tesis PDF pp.117/121 (docs/trazabilidad_datos.md); ausencia de energía no demuestra ausencia de evento/ciclo; LOO no es IC ni validación predictiva; no implica causalidad
Fracture_event_3,Fracture_event_6,7,0.06416367646505565,0.5714285714285714,0.4285714285714286,0.0,0.0,-0.5072648949635158,-0.06377818657247855,0.7851841511958165,0.7210204747307609,71.42857142857143,13.0,7,0.37142857142857144,0.8857142857142857,0.3142857142857143,100.0,13.0,7,"rango LOO rho [0.371, 0.886]; cambio máximo 0.314",Sin identidad directa predeclarada; evaluar dependencia por arquitectura y protocolo,"Asociación positiva en rangos; diferencia r−rho=-0.507; valorar junto con soporte, empates y sensibilidad",Posensayo; unidad corroborada con tesis PDF pp.117/121 (docs/trazabilidad_datos.md); ausencia de energía no demuestra ausencia de evento/ciclo; Posensayo; unidad corroborada con tesis PDF pp.117/121 (docs/trazabilidad_datos.md); ausencia de energía no demuestra ausencia de evento/ciclo; LOO no es IC ni validación predictiva; no implica causalidad
Fracture_event_3,Fracture_event_7,6,-0.19125961313724352,-0.37142857142857144,-0.2,0.0,0.0,0.18016895829132792,-0.6600036278526998,-0.02446354645110268,0.46874401471545635,100.0,13.0,6,-0.5999999999999999,-0.09999999999999998,0.27142857142857146,100.0,1.0,6,"rango LOO rho [-0.600, -0.100]; cambio máximo 0.271",Sin identidad directa predeclarada; evaluar dependencia por arquitectura y protocolo,"Asociación negativa en rangos; diferencia r−rho=0.180; valorar junto con soporte, empates y sensibilidad",Posensayo; unidad corroborada con tesis PDF pp.117/121 (docs/trazabilidad_datos.md); ausencia de energía no demuestra ausencia de evento/ciclo; Posensayo; unidad corroborada con tesis PDF pp.117/121 (docs/trazabilidad_datos.md); ausencia de energía no demuestra ausencia de evento/ciclo; LOO no es IC ni validación predictiva; no implica causalidad
Fracture_event_3,Fracture_event_8,4,-0.11383439749481729,0.0,0.0,0.0,0.0,-0.11383439749481729,-0.36188820746528244,0.6225204864308863,0.7363548839257036,50.0,13.0,4,-0.4999999999999999,0.4999999999999999,0.4999999999999999,,1.0,4,"rango LOO rho [-0.500, 0.500]; cambio máximo 0.500",Sin identidad directa predeclarada; evaluar dependencia por arquitectura y protocolo,"Asociación nula en rangos; diferencia r−rho=-0.114; valorar junto con soporte, empates y sensibilidad",Posensayo; unidad corroborada con tesis PDF pp.117/121 (docs/trazabilidad_datos.md); ausencia de energía no demuestra ausencia de evento/ciclo; Posensayo; unidad corroborada con tesis PDF pp.117/121 (docs/trazabilidad_datos.md); ausencia de energía no demuestra ausencia de evento/ciclo; LOO no es IC ni validación predictiva; no implica causalidad
Fracture_event_3,Fracture_event_9,2,,,,0.0,0.0,,,,,,,0,,,,,,0,No identificable: soporte insuficiente o variable constante,Sin identidad directa predeclarada; evaluar dependencia por arquitectura y protocolo,Asociación no identificable con la variación y disponibilidad observadas,Posensayo; unidad corroborada con tesis PDF pp.117/121 (docs/trazabilidad_datos.md); ausencia de energía no demuestra ausencia de evento/ciclo; Posensayo; unidad corroborada con tesis PDF pp.117/121 (docs/trazabilidad_datos.md); ausencia de energía no demuestra ausencia de evento/ciclo; LOO no es IC ni validación predictiva; no implica causalidad
Fracture_event_3,Fracture_event_10,1,,,,0.0,0.0,,,,,,,0,,,,,,0,No identificable: soporte insuficiente o variable constante,Sin identidad directa predeclarada; evaluar dependencia por arquitectura y protocolo,Asociación no identificable con la variación y disponibilidad observadas,Posensayo; unidad corroborada con tesis PDF pp.117/121 (docs/trazabilidad_datos.md); ausencia de energía no demuestra ausencia de evento/ciclo; Posensayo; unidad corroborada con tesis PDF pp.117/121 (docs/trazabilidad_datos.md); ausencia de energía no demuestra ausencia de evento/ciclo; LOO no es IC ni validación predictiva; no implica causalidad
Fracture_event_3,Fracture_event_11,1,,,,0.0,0.0,,,,,,,0,,,,,,0,No identificable: soporte insuficiente o variable constante,Sin identidad directa predeclarada; evaluar dependencia por arquitectura y protocolo,Asociación no identificable con la variación y disponibilidad observadas,Posensayo; unidad corroborada con tesis PDF pp.117/121 (docs/trazabilidad_datos.md); ausencia de energía no demuestra ausencia de evento/ciclo; Posensayo; unidad corroborada con tesis PDF pp.117/121 (docs/trazabilidad_datos.md); ausencia de energía no demuestra ausencia de evento/ciclo; LOO no es IC ni validación predictiva; no implica causalidad
Fracture_event_3,Fracture_event_12,1,,,,0.0,0.0,,,,,,,0,,,,,,0,No identificable: soporte insuficiente o variable constante,Sin identidad directa predeclarada; evaluar dependencia por arquitectura y protocolo,Asociación no identificable con la variación y disponibilidad observadas,Posensayo; unidad corroborada con tesis PDF pp.117/121 (docs/trazabilidad_datos.md); ausencia de energía no demuestra ausencia de evento/ciclo; Posensayo; unidad corroborada con tesis PDF pp.117/121 (docs/trazabilidad_datos.md); ausencia de energía no demuestra ausencia de evento/ciclo; LOO no es IC ni validación predictiva; no implica causalidad
Fracture_event_3,Fracture_event_13,1,,,,0.0,0.0,,,,,,,0,,,,,,0,No identificable: soporte insuficiente o variable constante,Sin identidad directa predeclarada; evaluar dependencia por arquitectura y protocolo,Asociación no identificable con la variación y disponibilidad observadas,Posensayo; unidad corroborada con tesis PDF pp.117/121 (docs/trazabilidad_datos.md); ausencia de energía no demuestra ausencia de evento/ciclo; Posensayo; unidad corroborada con tesis PDF pp.117/121 (docs/trazabilidad_datos.md); ausencia de energía no demuestra ausencia de evento/ciclo; LOO no es IC ni validación predictiva; no implica causalidad
Fracture_event_3,Load_ratio_first_over_ultimate,22,-0.10893882125342146,-0.0660643704121965,-0.07359307359307359,0.0,0.0,-0.04287445084122496,-0.20435182725296072,0.03387565727032765,0.14281447852374912,90.9090909090909,26.0,22,-0.14675324675324675,0.07402597402597402,0.14009034443817053,86.36363636363636,10.0,22,"rango LOO rho [-0.147, 0.074]; cambio máximo 0.140",Sin identidad directa predeclarada; evaluar dependencia por arquitectura y protocolo,"Asociación negativa en rangos; diferencia r−rho=-0.043; valorar junto con soporte, empates y sensibilidad",Posensayo; unidad corroborada con tesis PDF pp.117/121 (docs/trazabilidad_datos.md); ausencia de energía no demuestra ausencia de evento/ciclo; Cociente primera/rotura final; no factor de seguridad ni reserva de carga; LOO no es IC ni validación predictiva; no implica causalidad
Fracture_event_3,Load_per_specimen_volume,22,0.15185653750020592,0.2738565782044043,0.1948051948051948,0.0,0.0,-0.12200004070419837,0.08050538144759435,0.2582143652990034,0.10635782779879746,100.0,24.0,22,0.16493506493506493,0.4025974025974026,0.12874082439299833,100.0,24.0,22,"rango LOO rho [0.165, 0.403]; cambio máximo 0.129",Sin identidad directa predeclarada; evaluar dependencia por arquitectura y protocolo,"Asociación positiva en rangos; diferencia r−rho=-0.122; valorar junto con soporte, empates y sensibilidad",Posensayo; unidad corroborada con tesis PDF pp.117/121 (docs/trazabilidad_datos.md); ausencia de energía no demuestra ausencia de evento/ciclo; Índice descriptivo de carga por volumen; no esfuerzo ni resistencia material; LOO no es IC ni validación predictiva; no implica causalidad
Fracture_event_3,Load_per_pivot,22,0.06123980249692989,0.02766798418972332,-0.004329004329004329,0.0,0.0,0.03357181830720657,-0.03264796954113089,0.14025019513964904,0.09388777203806078,90.9090909090909,1.0,22,-0.11818181818181818,0.11948051948051948,0.1458498023715415,81.81818181818183,1.0,22,"rango LOO rho [-0.118, 0.119]; cambio máximo 0.146",Sin identidad directa predeclarada; evaluar dependencia por arquitectura y protocolo,"Asociación positiva en rangos; diferencia r−rho=0.034; valorar junto con soporte, empates y sensibilidad",Posensayo; unidad corroborada con tesis PDF pp.117/121 (docs/trazabilidad_datos.md); ausencia de energía no demuestra ausencia de evento/ciclo; No presupone reparto uniforme de cargas entre pivotes; LOO no es IC ni validación predictiva; no implica causalidad
Fracture_event_3,Load_per_cell_Y,22,0.14378363274977643,0.17786561264822134,0.11688311688311688,0.0,0.0,-0.034081979898444914,0.07167970195696624,0.24648386952613638,0.10270023677635995,100.0,24.0,22,0.05454545454545454,0.2922077922077922,0.12332015810276681,100.0,1.0,22,"rango LOO rho [0.055, 0.292]; cambio máximo 0.123",Sin identidad directa predeclarada; evaluar dependencia por arquitectura y protocolo,"Asociación positiva en rangos; diferencia r−rho=-0.034; valorar junto con soporte, empates y sensibilidad",Posensayo; unidad corroborada con tesis PDF pp.117/121 (docs/trazabilidad_datos.md); ausencia de energía no demuestra ausencia de evento/ciclo; Normalización por conteo en Y; no fuerza medida en cada celda; LOO no es IC ni validación predictiva; no implica causalidad
Fracture_event_3,Fracture_observed_sum,22,0.3870197447548526,0.2738565782044043,0.2207792207792208,0.0,0.0,0.11316316655044834,0.32566593617262224,0.5520845824842746,0.165064837729422,100.0,24.0,22,0.17792207792207793,0.43506493506493504,0.16120835686053075,100.0,24.0,22,"rango LOO rho [0.178, 0.435]; cambio máximo 0.161","Dependencia de construcción: evento, suma o fracción comparten energías registradas","Asociación positiva en rangos; diferencia r−rho=0.113; valorar junto con soporte, empates y sensibilidad",Posensayo; unidad corroborada con tesis PDF pp.117/121 (docs/trazabilidad_datos.md); ausencia de energía no demuestra ausencia de evento/ciclo; Suma observada de longitud variable; no energía total del ensayo; LOO no es IC ni validación predictiva; no implica causalidad
Fracture_event_3,Fracture_registered_events,22,-0.3474141333815159,-0.47004882460235387,-0.3334776022573498,0.0,63.63636363636363,0.12263469122083798,-0.3876953216500772,-0.3066627154719821,0.040751417909533794,100.0,25.0,22,-0.5585457733188031,-0.4090951779918237,0.0884969487164492,100.0,13.0,22,"rango LOO rho [-0.559, -0.409]; cambio máximo 0.088",Sin identidad directa predeclarada; evaluar dependencia por arquitectura y protocolo,"Asociación negativa en rangos; diferencia r−rho=0.123; valorar junto con soporte, empates y sensibilidad","Posensayo; unidad corroborada con tesis PDF pp.117/121 (docs/trazabilidad_datos.md); ausencia de energía no demuestra ausencia de evento/ciclo; Disponibilidad de registro, no conteo verificado de todas las fracturas; LOO no es IC ni validación predictiva; no implica causalidad"
Fracture_event_3,Fracture_initial_share,22,-0.22910861655612197,-0.2761151891586674,-0.2207792207792208,0.0,0.0,0.04700657260254543,-0.35363462189958494,-0.07957412092768729,0.14953449562843468,100.0,10.0,22,-0.37792207792207794,-0.16753246753246753,0.10858272162619986,100.0,10.0,22,"rango LOO rho [-0.378, -0.168]; cambio máximo 0.109","Dependencia de construcción: evento, suma o fracción comparten energías registradas","Asociación negativa en rangos; diferencia r−rho=0.047; valorar junto con soporte, empates y sensibilidad",Posensayo; unidad corroborada con tesis PDF pp.117/121 (docs/trazabilidad_datos.md); ausencia de energía no demuestra ausencia de evento/ciclo; Comparte numerador y denominador con otras respuestas; sensible a cobertura de eventos; LOO no es IC ni validación predictiva; no implica causalidad
Fracture_event_3,Residual_fraction_cycle1,22,-0.36776966359828184,-0.295313382269904,-0.23809523809523808,0.0,0.0,-0.07245628132837784,-0.41229491603824303,-0.30544516076814526,0.062324502830136574,100.0,25.0,22,-0.37142857142857144,-0.21428571428571427,0.08102766798418973,100.0,14.0,22,"rango LOO rho [-0.371, -0.214]; cambio máximo 0.081",Sin identidad directa predeclarada; evaluar dependencia por arquitectura y protocolo,"Asociación negativa en rangos; diferencia r−rho=-0.072; valorar junto con soporte, empates y sensibilidad",Posensayo; unidad corroborada con tesis PDF pp.117/121 (docs/trazabilidad_datos.md); ausencia de energía no demuestra ausencia de evento/ciclo; Amplitud nominal del nombre de columna; no deformación unitaria; LOO no es IC ni validación predictiva; no implica causalidad
Fracture_event_3,Residual_fraction_cycle2,22,-0.29546519308363084,-0.16092603049124787,-0.1341991341991342,0.0,0.0,-0.13453916259238297,-0.37383947995198147,-0.20796536305790297,0.08749983002572786,100.0,25.0,22,-0.2701298701298701,-0.05454545454545454,0.10920383963862224,100.0,24.0,22,"rango LOO rho [-0.270, -0.055]; cambio máximo 0.109",Sin identidad directa predeclarada; evaluar dependencia por arquitectura y protocolo,"Asociación negativa en rangos; diferencia r−rho=-0.135; valorar junto con soporte, empates y sensibilidad",Posensayo; unidad corroborada con tesis PDF pp.117/121 (docs/trazabilidad_datos.md); ausencia de energía no demuestra ausencia de evento/ciclo; Amplitud nominal del nombre de columna; no deformación unitaria; LOO no es IC ni validación predictiva; no implica causalidad
Fracture_event_3,Residual_fraction_cycle3,22,-0.14151435618712113,0.05251270468661773,0.012987012987012986,0.0,0.0,-0.19402706087373886,-0.20647168285004064,0.009352354635167691,0.15086671082228884,95.45454545454545,25.0,22,-0.02987012987012987,0.19090909090909092,0.1383963862224732,81.81818181818183,1.0,22,"rango LOO rho [-0.030, 0.191]; cambio máximo 0.138",Sin identidad directa predeclarada; evaluar dependencia por arquitectura y protocolo,"Asociación positiva en rangos; diferencia r−rho=-0.194; valorar junto con soporte, empates y sensibilidad",Posensayo; unidad corroborada con tesis PDF pp.117/121 (docs/trazabilidad_datos.md); ausencia de energía no demuestra ausencia de evento/ciclo; Amplitud nominal del nombre de columna; no deformación unitaria; LOO no es IC ni validación predictiva; no implica causalidad
Fracture_event_3,Residual_fraction_cycle4,22,0.06884702881230063,0.014116318464144552,-0.004329004329004329,0.0,0.0,0.05473071034815608,-0.013540603538203171,0.20528621056221066,0.13643918174991004,95.45454545454545,25.0,22,-0.05844155844155844,0.15844155844155844,0.1443252399774139,63.63636363636363,1.0,22,"rango LOO rho [-0.058, 0.158]; cambio máximo 0.144",Sin identidad directa predeclarada; evaluar dependencia por arquitectura y protocolo,"Asociación positiva en rangos; diferencia r−rho=0.055; valorar junto con soporte, empates y sensibilidad",Posensayo; unidad corroborada con tesis PDF pp.117/121 (docs/trazabilidad_datos.md); ausencia de energía no demuestra ausencia de evento/ciclo; Amplitud nominal del nombre de columna; no deformación unitaria; LOO no es IC ni validación predictiva; no implica causalidad
Fracture_event_3,Residual_fraction_cycle5,22,0.15872170814454098,0.25014116318464147,0.16017316017316016,0.0,0.0,-0.09141945504010049,0.08752595231687413,0.2352787746759396,0.07655706653139863,100.0,25.0,22,0.18831168831168832,0.35194805194805195,0.10180688876341049,100.0,25.0,22,"rango LOO rho [0.188, 0.352]; cambio máximo 0.102",Sin identidad directa predeclarada; evaluar dependencia por arquitectura y protocolo,"Asociación positiva en rangos; diferencia r−rho=-0.091; valorar junto con soporte, empates y sensibilidad",Posensayo; unidad corroborada con tesis PDF pp.117/121 (docs/trazabilidad_datos.md); ausencia de energía no demuestra ausencia de evento/ciclo; Amplitud nominal del nombre de columna; no deformación unitaria; LOO no es IC ni validación predictiva; no implica causalidad
Fracture_event_3,Residual_fraction_cycle6,16,-0.011429221807633953,0.12058823529411765,0.13333333333333333,0.0,0.0,-0.1320174571017516,-0.2314690287111219,0.13819541307378566,0.22003980690348796,62.5,4.0,16,0.0,0.30714285714285716,0.1865546218487395,93.75,10.0,16,"rango LOO rho [0.000, 0.307]; cambio máximo 0.187",Sin identidad directa predeclarada; evaluar dependencia por arquitectura y protocolo,"Asociación positiva en rangos; diferencia r−rho=-0.132; valorar junto con soporte, empates y sensibilidad",Posensayo; unidad corroborada con tesis PDF pp.117/121 (docs/trazabilidad_datos.md); ausencia de energía no demuestra ausencia de evento/ciclo; Amplitud nominal del nombre de columna; no deformación unitaria; LOO no es IC ni validación predictiva; no implica causalidad
Fracture_event_3,Recovery_complement_cycle6,16,0.011429221807633953,-0.12058823529411765,-0.13333333333333333,0.0,0.0,0.1320174571017516,-0.13819541307378566,0.23146902871112196,0.220039806903488,62.5,4.0,16,-0.30714285714285716,0.0,0.1865546218487395,93.75,10.0,16,"rango LOO rho [-0.307, 0.000]; cambio máximo 0.187",Sin identidad directa predeclarada; evaluar dependencia por arquitectura y protocolo,"Asociación negativa en rangos; diferencia r−rho=0.132; valorar junto con soporte, empates y sensibilidad",Posensayo; unidad corroborada con tesis PDF pp.117/121 (docs/trazabilidad_datos.md); ausencia de energía no demuestra ausencia de evento/ciclo; Proxy complemento nominal; requiere protocolo para interpretar recuperación elástica; LOO no es IC ni validación predictiva; no implica causalidad
Fracture_event_4,Fracture_event_5,17,0.38183238725834706,0.465686274509804,0.338235294117647,0.0,0.0,-0.08385388725145693,0.23751982031734598,0.5030762319724462,0.14431256694100109,100.0,10.0,17,0.3588235294117647,0.611764705882353,0.146078431372549,100.0,9.0,17,"rango LOO rho [0.359, 0.612]; cambio máximo 0.146",Sin identidad directa predeclarada; evaluar dependencia por arquitectura y protocolo,"Asociación positiva en rangos; diferencia r−rho=-0.084; valorar junto con soporte, empates y sensibilidad",Posensayo; unidad corroborada con tesis PDF pp.117/121 (docs/trazabilidad_datos.md); ausencia de energía no demuestra ausencia de evento/ciclo; Posensayo; unidad corroborada con tesis PDF pp.117/121 (docs/trazabilidad_datos.md); ausencia de energía no demuestra ausencia de evento/ciclo; LOO no es IC ni validación predictiva; no implica causalidad
Fracture_event_4,Fracture_event_6,7,-0.6686778113848874,-0.6785714285714285,-0.5238095238095238,0.0,0.0,0.009893617186541137,-0.8242504233603342,-0.5996914468527965,0.1555726119754468,100.0,1.0,7,-0.8857142857142857,-0.5428571428571428,0.20714285714285718,100.0,1.0,7,"rango LOO rho [-0.886, -0.543]; cambio máximo 0.207",Sin identidad directa predeclarada; evaluar dependencia por arquitectura y protocolo,"Asociación negativa en rangos; diferencia r−rho=0.010; valorar junto con soporte, empates y sensibilidad",Posensayo; unidad corroborada con tesis PDF pp.117/121 (docs/trazabilidad_datos.md); ausencia de energía no demuestra ausencia de evento/ciclo; Posensayo; unidad corroborada con tesis PDF pp.117/121 (docs/trazabilidad_datos.md); ausencia de energía no demuestra ausencia de evento/ciclo; LOO no es IC ni validación predictiva; no implica causalidad
Fracture_event_4,Fracture_event_7,6,0.3358625169193348,0.4857142857142857,0.3333333333333333,0.0,0.0,-0.14985176879495093,0.052562061141924174,0.4499970016302748,0.2833004557774106,100.0,9.0,6,0.19999999999999996,0.5999999999999999,0.28571428571428575,100.0,4.0,6,"rango LOO rho [0.200, 0.600]; cambio máximo 0.286",Sin identidad directa predeclarada; evaluar dependencia por arquitectura y protocolo,"Asociación positiva en rangos; diferencia r−rho=-0.150; valorar junto con soporte, empates y sensibilidad",Posensayo; unidad corroborada con tesis PDF pp.117/121 (docs/trazabilidad_datos.md); ausencia de energía no demuestra ausencia de evento/ciclo; Posensayo; unidad corroborada con tesis PDF pp.117/121 (docs/trazabilidad_datos.md); ausencia de energía no demuestra ausencia de evento/ciclo; LOO no es IC ni validación predictiva; no implica causalidad
Fracture_event_4,Fracture_event_8,4,-0.5323492565785938,-0.7999999999999998,-0.6666666666666669,0.0,0.0,0.26765074342140605,-0.8410443974276766,-0.0768456104049987,0.45550364617359507,100.0,4.0,4,-0.9999999999999998,-0.4999999999999999,0.29999999999999993,100.0,1.0,4,"rango LOO rho [-1.000, -0.500]; cambio máximo 0.300",Sin identidad directa predeclarada; evaluar dependencia por arquitectura y protocolo,"Asociación negativa en rangos; diferencia r−rho=0.268; valorar junto con soporte, empates y sensibilidad",Posensayo; unidad corroborada con tesis PDF pp.117/121 (docs/trazabilidad_datos.md); ausencia de energía no demuestra ausencia de evento/ciclo; Posensayo; unidad corroborada con tesis PDF pp.117/121 (docs/trazabilidad_datos.md); ausencia de energía no demuestra ausencia de evento/ciclo; LOO no es IC ni validación predictiva; no implica causalidad
Fracture_event_4,Fracture_event_9,2,,,,0.0,0.0,,,,,,,0,,,,,,0,No identificable: soporte insuficiente o variable constante,Sin identidad directa predeclarada; evaluar dependencia por arquitectura y protocolo,Asociación no identificable con la variación y disponibilidad observadas,Posensayo; unidad corroborada con tesis PDF pp.117/121 (docs/trazabilidad_datos.md); ausencia de energía no demuestra ausencia de evento/ciclo; Posensayo; unidad corroborada con tesis PDF pp.117/121 (docs/trazabilidad_datos.md); ausencia de energía no demuestra ausencia de evento/ciclo; LOO no es IC ni validación predictiva; no implica causalidad
Fracture_event_4,Fracture_event_10,1,,,,0.0,0.0,,,,,,,0,,,,,,0,No identificable: soporte insuficiente o variable constante,Sin identidad directa predeclarada; evaluar dependencia por arquitectura y protocolo,Asociación no identificable con la variación y disponibilidad observadas,Posensayo; unidad corroborada con tesis PDF pp.117/121 (docs/trazabilidad_datos.md); ausencia de energía no demuestra ausencia de evento/ciclo; Posensayo; unidad corroborada con tesis PDF pp.117/121 (docs/trazabilidad_datos.md); ausencia de energía no demuestra ausencia de evento/ciclo; LOO no es IC ni validación predictiva; no implica causalidad
Fracture_event_4,Fracture_event_11,1,,,,0.0,0.0,,,,,,,0,,,,,,0,No identificable: soporte insuficiente o variable constante,Sin identidad directa predeclarada; evaluar dependencia por arquitectura y protocolo,Asociación no identificable con la variación y disponibilidad observadas,Posensayo; unidad corroborada con tesis PDF pp.117/121 (docs/trazabilidad_datos.md); ausencia de energía no demuestra ausencia de evento/ciclo; Posensayo; unidad corroborada con tesis PDF pp.117/121 (docs/trazabilidad_datos.md); ausencia de energía no demuestra ausencia de evento/ciclo; LOO no es IC ni validación predictiva; no implica causalidad
Fracture_event_4,Fracture_event_12,1,,,,0.0,0.0,,,,,,,0,,,,,,0,No identificable: soporte insuficiente o variable constante,Sin identidad directa predeclarada; evaluar dependencia por arquitectura y protocolo,Asociación no identificable con la variación y disponibilidad observadas,Posensayo; unidad corroborada con tesis PDF pp.117/121 (docs/trazabilidad_datos.md); ausencia de energía no demuestra ausencia de evento/ciclo; Posensayo; unidad corroborada con tesis PDF pp.117/121 (docs/trazabilidad_datos.md); ausencia de energía no demuestra ausencia de evento/ciclo; LOO no es IC ni validación predictiva; no implica causalidad
Fracture_event_4,Fracture_event_13,1,,,,0.0,0.0,,,,,,,0,,,,,,0,No identificable: soporte insuficiente o variable constante,Sin identidad directa predeclarada; evaluar dependencia por arquitectura y protocolo,Asociación no identificable con la variación y disponibilidad observadas,Posensayo; unidad corroborada con tesis PDF pp.117/121 (docs/trazabilidad_datos.md); ausencia de energía no demuestra ausencia de evento/ciclo; Posensayo; unidad corroborada con tesis PDF pp.117/121 (docs/trazabilidad_datos.md); ausencia de energía no demuestra ausencia de evento/ciclo; LOO no es IC ni validación predictiva; no implica causalidad
Fracture_event_4,Load_ratio_first_over_ultimate,19,-0.09184787734372345,0.08596491228070174,0.1111111111111111,0.0,0.0,-0.1778127896244252,-0.3489953958401716,0.2520895210967761,0.3439373984404996,94.73684210526315,19.0,19,-0.02373581011351909,0.24664602683178533,0.16068111455108358,89.47368421052632,10.0,19,"rango LOO rho [-0.024, 0.247]; cambio máximo 0.161",Sin identidad directa predeclarada; evaluar dependencia por arquitectura y protocolo,"Asociación positiva en rangos; diferencia r−rho=-0.178; valorar junto con soporte, empates y sensibilidad",Posensayo; unidad corroborada con tesis PDF pp.117/121 (docs/trazabilidad_datos.md); ausencia de energía no demuestra ausencia de evento/ciclo; Cociente primera/rotura final; no factor de seguridad ni reserva de carga; LOO no es IC ni validación predictiva; no implica causalidad
Fracture_event_4,Load_per_specimen_volume,19,0.09815493180807647,0.44385964912280695,0.34502923976608185,0.0,0.0,-0.3457047173147305,-0.006658676715403837,0.44093189860673,0.34277696679865355,94.73684210526315,19.0,19,0.3869969040247678,0.6986584107327141,0.2547987616099071,100.0,19.0,19,"rango LOO rho [0.387, 0.699]; cambio máximo 0.255",Sin identidad directa predeclarada; evaluar dependencia por arquitectura y protocolo,"Asociación positiva en rangos; diferencia r−rho=-0.346; valorar junto con soporte, empates y sensibilidad",Posensayo; unidad corroborada con tesis PDF pp.117/121 (docs/trazabilidad_datos.md); ausencia de energía no demuestra ausencia de evento/ciclo; Índice descriptivo de carga por volumen; no esfuerzo ni resistencia material; LOO no es IC ni validación predictiva; no implica causalidad
Fracture_event_4,Load_per_pivot,19,-0.034490985445742174,0.04385964912280701,0.04093567251461988,0.0,0.0,-0.07835063456854918,-0.11943496067466368,0.19621564863453586,0.23070663408027803,84.21052631578947,19.0,19,-0.05056759545923632,0.22807017543859645,0.18421052631578944,78.94736842105263,19.0,19,"rango LOO rho [-0.051, 0.228]; cambio máximo 0.184",Sin identidad directa predeclarada; evaluar dependencia por arquitectura y protocolo,"Asociación positiva en rangos; diferencia r−rho=-0.078; valorar junto con soporte, empates y sensibilidad",Posensayo; unidad corroborada con tesis PDF pp.117/121 (docs/trazabilidad_datos.md); ausencia de energía no demuestra ausencia de evento/ciclo; No presupone reparto uniforme de cargas entre pivotes; LOO no es IC ni validación predictiva; no implica causalidad
Fracture_event_4,Load_per_cell_Y,19,0.07524670274385116,0.27543859649122804,0.19298245614035084,0.0,0.0,-0.2001918937473769,-0.02544267078357627,0.402723903320584,0.32747720057673285,89.47368421052632,19.0,19,0.20743034055727552,0.500515995872033,0.22507739938080495,100.0,19.0,19,"rango LOO rho [0.207, 0.501]; cambio máximo 0.225",Sin identidad directa predeclarada; evaluar dependencia por arquitectura y protocolo,"Asociación positiva en rangos; diferencia r−rho=-0.200; valorar junto con soporte, empates y sensibilidad",Posensayo; unidad corroborada con tesis PDF pp.117/121 (docs/trazabilidad_datos.md); ausencia de energía no demuestra ausencia de evento/ciclo; Normalización por conteo en Y; no fuerza medida en cada celda; LOO no es IC ni validación predictiva; no implica causalidad
Fracture_event_4,Fracture_observed_sum,19,0.4068960566126931,0.5596491228070174,0.43859649122807015,0.0,0.0,-0.15275306619432427,0.3462905173115318,0.6066921273071125,0.1997960706944194,100.0,19.0,19,0.5067079463364292,0.7461300309597523,0.18648090815273488,100.0,19.0,19,"rango LOO rho [0.507, 0.746]; cambio máximo 0.186","Dependencia de construcción: evento, suma o fracción comparten energías registradas","Asociación positiva en rangos; diferencia r−rho=-0.153; valorar junto con soporte, empates y sensibilidad",Posensayo; unidad corroborada con tesis PDF pp.117/121 (docs/trazabilidad_datos.md); ausencia de energía no demuestra ausencia de evento/ciclo; Suma observada de longitud variable; no energía total del ensayo; LOO no es IC ni validación predictiva; no implica causalidad
Fracture_event_4,Fracture_registered_events,19,-0.1280648134964587,-0.13774709356698828,-0.08963812040994645,0.0,63.1578947368421,0.00968228007052957,-0.2069670372514751,-0.06600705123333306,0.0789022237550164,100.0,19.0,19,-0.24388741313585874,-0.02270135860317585,0.11504573496381243,100.0,4.0,19,"rango LOO rho [-0.244, -0.023]; cambio máximo 0.115",Sin identidad directa predeclarada; evaluar dependencia por arquitectura y protocolo,"Asociación negativa en rangos; diferencia r−rho=0.010; valorar junto con soporte, empates y sensibilidad","Posensayo; unidad corroborada con tesis PDF pp.117/121 (docs/trazabilidad_datos.md); ausencia de energía no demuestra ausencia de evento/ciclo; Disponibilidad de registro, no conteo verificado de todas las fracturas; LOO no es IC ni validación predictiva; no implica causalidad"
Fracture_event_4,Fracture_initial_share,19,-0.38167059069465176,-0.231578947368421,-0.1111111111111111,0.0,0.0,-0.15009164332623076,-0.5195937104198561,-0.12654592920440944,0.2551246614902423,100.0,19.0,19,-0.3209494324045407,-0.0959752321981424,0.13560371517027858,100.0,19.0,19,"rango LOO rho [-0.321, -0.096]; cambio máximo 0.136","Dependencia de construcción: evento, suma o fracción comparten energías registradas","Asociación negativa en rangos; diferencia r−rho=-0.150; valorar junto con soporte, empates y sensibilidad",Posensayo; unidad corroborada con tesis PDF pp.117/121 (docs/trazabilidad_datos.md); ausencia de energía no demuestra ausencia de evento/ciclo; Comparte numerador y denominador con otras respuestas; sensible a cobertura de eventos; LOO no es IC ni validación predictiva; no implica causalidad
Fracture_event_4,Residual_fraction_cycle1,19,-0.32768040440553065,-0.21052631578947364,-0.1695906432748538,0.0,0.0,-0.117154088616057,-0.5141768284598222,-0.12385741971665527,0.20382298468887539,100.0,9.0,19,-0.39525283797729616,-0.10629514963880288,0.1847265221878225,100.0,19.0,19,"rango LOO rho [-0.395, -0.106]; cambio máximo 0.185",Sin identidad directa predeclarada; evaluar dependencia por arquitectura y protocolo,"Asociación negativa en rangos; diferencia r−rho=-0.117; valorar junto con soporte, empates y sensibilidad",Posensayo; unidad corroborada con tesis PDF pp.117/121 (docs/trazabilidad_datos.md); ausencia de energía no demuestra ausencia de evento/ciclo; Amplitud nominal del nombre de columna; no deformación unitaria; LOO no es IC ni validación predictiva; no implica causalidad
Fracture_event_4,Residual_fraction_cycle2,19,-0.3668339442097025,-0.2649122807017543,-0.22807017543859648,0.0,0.0,-0.10192166350794818,-0.5359257259208309,-0.16980746594091953,0.19702647826878297,100.0,9.0,19,-0.4468524251805985,-0.16821465428276572,0.18194014447884416,100.0,19.0,19,"rango LOO rho [-0.447, -0.168]; cambio máximo 0.182",Sin identidad directa predeclarada; evaluar dependencia por arquitectura y protocolo,"Asociación negativa en rangos; diferencia r−rho=-0.102; valorar junto con soporte, empates y sensibilidad",Posensayo; unidad corroborada con tesis PDF pp.117/121 (docs/trazabilidad_datos.md); ausencia de energía no demuestra ausencia de evento/ciclo; Amplitud nominal del nombre de columna; no deformación unitaria; LOO no es IC ni validación predictiva; no implica causalidad
Fracture_event_4,Residual_fraction_cycle3,19,-0.22765590013236406,-0.18421052631578944,-0.12280701754385964,0.0,0.0,-0.04344537381657462,-0.31153014398632073,-0.07099335310184916,0.1566625470305149,100.0,9.0,19,-0.3065015479876161,-0.07120743034055727,0.12229102167182665,100.0,4.0,19,"rango LOO rho [-0.307, -0.071]; cambio máximo 0.122",Sin identidad directa predeclarada; evaluar dependencia por arquitectura y protocolo,"Asociación negativa en rangos; diferencia r−rho=-0.043; valorar junto con soporte, empates y sensibilidad",Posensayo; unidad corroborada con tesis PDF pp.117/121 (docs/trazabilidad_datos.md); ausencia de energía no demuestra ausencia de evento/ciclo; Amplitud nominal del nombre de columna; no deformación unitaria; LOO no es IC ni validación predictiva; no implica causalidad
Fracture_event_4,Residual_fraction_cycle4,19,0.019247428536905628,-0.29298245614035084,-0.1695906432748538,0.0,0.0,0.3122298846772565,-0.06969582382971752,0.11164414689673699,0.09239671835983136,73.68421052631578,9.0,19,-0.44066047471620223,-0.19298245614035087,0.1476780185758514,100.0,4.0,19,"rango LOO rho [-0.441, -0.193]; cambio máximo 0.148",Sin identidad directa predeclarada; evaluar dependencia por arquitectura y protocolo,"Asociación negativa en rangos; diferencia r−rho=0.312; valorar junto con soporte, empates y sensibilidad",Posensayo; unidad corroborada con tesis PDF pp.117/121 (docs/trazabilidad_datos.md); ausencia de energía no demuestra ausencia de evento/ciclo; Amplitud nominal del nombre de columna; no deformación unitaria; LOO no es IC ni validación predictiva; no implica causalidad
Fracture_event_4,Residual_fraction_cycle5,19,0.07531652710094866,-0.03859649122807017,-0.017543859649122806,0.0,0.0,0.11391301832901883,-0.04826539023959208,0.22282949773642727,0.1475129706354786,94.73684210526315,19.0,19,-0.15789473684210525,0.11661506707946336,0.15521155830753353,78.94736842105263,19.0,19,"rango LOO rho [-0.158, 0.117]; cambio máximo 0.155",Sin identidad directa predeclarada; evaluar dependencia por arquitectura y protocolo,"Asociación negativa en rangos; diferencia r−rho=0.114; valorar junto con soporte, empates y sensibilidad",Posensayo; unidad corroborada con tesis PDF pp.117/121 (docs/trazabilidad_datos.md); ausencia de energía no demuestra ausencia de evento/ciclo; Amplitud nominal del nombre de columna; no deformación unitaria; LOO no es IC ni validación predictiva; no implica causalidad
Fracture_event_4,Residual_fraction_cycle6,14,-0.07535912701469992,-0.389010989010989,-0.2967032967032967,0.0,0.0,0.3136518619962891,-0.5243095037496779,0.05775662506935773,0.44895037673497795,85.71428571428571,4.0,14,-0.6153846153846154,-0.25274725274725274,0.2263736263736264,100.0,4.0,14,"rango LOO rho [-0.615, -0.253]; cambio máximo 0.226",Sin identidad directa predeclarada; evaluar dependencia por arquitectura y protocolo,"Asociación negativa en rangos; diferencia r−rho=0.314; valorar junto con soporte, empates y sensibilidad",Posensayo; unidad corroborada con tesis PDF pp.117/121 (docs/trazabilidad_datos.md); ausencia de energía no demuestra ausencia de evento/ciclo; Amplitud nominal del nombre de columna; no deformación unitaria; LOO no es IC ni validación predictiva; no implica causalidad
Fracture_event_4,Recovery_complement_cycle6,14,0.07535912701469989,0.389010989010989,0.2967032967032967,0.0,0.0,-0.31365186199628914,-0.0577566250693577,0.5243095037496781,0.44895037673497823,85.71428571428571,4.0,14,0.25274725274725274,0.6153846153846154,0.2263736263736264,100.0,4.0,14,"rango LOO rho [0.253, 0.615]; cambio máximo 0.226",Sin identidad directa predeclarada; evaluar dependencia por arquitectura y protocolo,"Asociación positiva en rangos; diferencia r−rho=-0.314; valorar junto con soporte, empates y sensibilidad",Posensayo; unidad corroborada con tesis PDF pp.117/121 (docs/trazabilidad_datos.md); ausencia de energía no demuestra ausencia de evento/ciclo; Proxy complemento nominal; requiere protocolo para interpretar recuperación elástica; LOO no es IC ni validación predictiva; no implica causalidad
Fracture_event_5,Fracture_event_6,7,-0.04082566992899633,-0.3571428571428571,-0.33333333333333337,0.0,0.0,0.31631718721386076,-0.5402216186077602,0.44821269888740023,0.49939594867876386,71.42857142857143,9.0,7,-0.8857142857142857,-0.08571428571428572,0.5285714285714286,100.0,9.0,7,"rango LOO rho [-0.886, -0.086]; cambio máximo 0.529",Sin identidad directa predeclarada; evaluar dependencia por arquitectura y protocolo,"Asociación negativa en rangos; diferencia r−rho=0.316; valorar junto con soporte, empates y sensibilidad",Posensayo; unidad corroborada con tesis PDF pp.117/121 (docs/trazabilidad_datos.md); ausencia de energía no demuestra ausencia de evento/ciclo; Posensayo; unidad corroborada con tesis PDF pp.117/121 (docs/trazabilidad_datos.md); ausencia de energía no demuestra ausencia de evento/ciclo; LOO no es IC ni validación predictiva; no implica causalidad
Fracture_event_5,Fracture_event_7,6,-0.43517030380118293,-0.2571428571428571,-0.2,0.0,0.0,-0.17802744665832582,-0.719763110977072,-0.03842844141180884,0.3967418623893741,100.0,9.0,6,-0.6999999999999998,0.29999999999999993,0.557142857142857,83.33333333333334,7.0,6,"rango LOO rho [-0.700, 0.300]; cambio máximo 0.557",Sin identidad directa predeclarada; evaluar dependencia por arquitectura y protocolo,"Asociación negativa en rangos; diferencia r−rho=-0.178; valorar junto con soporte, empates y sensibilidad",Posensayo; unidad corroborada con tesis PDF pp.117/121 (docs/trazabilidad_datos.md); ausencia de energía no demuestra ausencia de evento/ciclo; Posensayo; unidad corroborada con tesis PDF pp.117/121 (docs/trazabilidad_datos.md); ausencia de energía no demuestra ausencia de evento/ciclo; LOO no es IC ni validación predictiva; no implica causalidad
Fracture_event_5,Fracture_event_8,4,-0.042828162188814044,0.3999999999999999,0.3333333333333334,0.0,0.0,-0.44282816218881393,-0.5323487010159886,0.8897451999726401,0.9325733621614541,50.0,4.0,4,-0.4999999999999999,0.9999999999999998,0.8999999999999998,75.0,7.0,4,"rango LOO rho [-0.500, 1.000]; cambio máximo 0.900",Sin identidad directa predeclarada; evaluar dependencia por arquitectura y protocolo,"Asociación positiva en rangos; diferencia r−rho=-0.443; valorar junto con soporte, empates y sensibilidad",Posensayo; unidad corroborada con tesis PDF pp.117/121 (docs/trazabilidad_datos.md); ausencia de energía no demuestra ausencia de evento/ciclo; Posensayo; unidad corroborada con tesis PDF pp.117/121 (docs/trazabilidad_datos.md); ausencia de energía no demuestra ausencia de evento/ciclo; LOO no es IC ni validación predictiva; no implica causalidad
Fracture_event_5,Fracture_event_9,2,,,,0.0,0.0,,,,,,,0,,,,,,0,No identificable: soporte insuficiente o variable constante,Sin identidad directa predeclarada; evaluar dependencia por arquitectura y protocolo,Asociación no identificable con la variación y disponibilidad observadas,Posensayo; unidad corroborada con tesis PDF pp.117/121 (docs/trazabilidad_datos.md); ausencia de energía no demuestra ausencia de evento/ciclo; Posensayo; unidad corroborada con tesis PDF pp.117/121 (docs/trazabilidad_datos.md); ausencia de energía no demuestra ausencia de evento/ciclo; LOO no es IC ni validación predictiva; no implica causalidad
Fracture_event_5,Fracture_event_10,1,,,,0.0,0.0,,,,,,,0,,,,,,0,No identificable: soporte insuficiente o variable constante,Sin identidad directa predeclarada; evaluar dependencia por arquitectura y protocolo,Asociación no identificable con la variación y disponibilidad observadas,Posensayo; unidad corroborada con tesis PDF pp.117/121 (docs/trazabilidad_datos.md); ausencia de energía no demuestra ausencia de evento/ciclo; Posensayo; unidad corroborada con tesis PDF pp.117/121 (docs/trazabilidad_datos.md); ausencia de energía no demuestra ausencia de evento/ciclo; LOO no es IC ni validación predictiva; no implica causalidad
Fracture_event_5,Fracture_event_11,1,,,,0.0,0.0,,,,,,,0,,,,,,0,No identificable: soporte insuficiente o variable constante,Sin identidad directa predeclarada; evaluar dependencia por arquitectura y protocolo,Asociación no identificable con la variación y disponibilidad observadas,Posensayo; unidad corroborada con tesis PDF pp.117/121 (docs/trazabilidad_datos.md); ausencia de energía no demuestra ausencia de evento/ciclo; Posensayo; unidad corroborada con tesis PDF pp.117/121 (docs/trazabilidad_datos.md); ausencia de energía no demuestra ausencia de evento/ciclo; LOO no es IC ni validación predictiva; no implica causalidad
Fracture_event_5,Fracture_event_12,1,,,,0.0,0.0,,,,,,,0,,,,,,0,No identificable: soporte insuficiente o variable constante,Sin identidad directa predeclarada; evaluar dependencia por arquitectura y protocolo,Asociación no identificable con la variación y disponibilidad observadas,Posensayo; unidad corroborada con tesis PDF pp.117/121 (docs/trazabilidad_datos.md); ausencia de energía no demuestra ausencia de evento/ciclo; Posensayo; unidad corroborada con tesis PDF pp.117/121 (docs/trazabilidad_datos.md); ausencia de energía no demuestra ausencia de evento/ciclo; LOO no es IC ni validación predictiva; no implica causalidad
Fracture_event_5,Fracture_event_13,1,,,,0.0,0.0,,,,,,,0,,,,,,0,No identificable: soporte insuficiente o variable constante,Sin identidad directa predeclarada; evaluar dependencia por arquitectura y protocolo,Asociación no identificable con la variación y disponibilidad observadas,Posensayo; unidad corroborada con tesis PDF pp.117/121 (docs/trazabilidad_datos.md); ausencia de energía no demuestra ausencia de evento/ciclo; Posensayo; unidad corroborada con tesis PDF pp.117/121 (docs/trazabilidad_datos.md); ausencia de energía no demuestra ausencia de evento/ciclo; LOO no es IC ni validación predictiva; no implica causalidad
Fracture_event_5,Load_ratio_first_over_ultimate,17,-0.30156824197290355,-0.41666666666666674,-0.30882352941176466,0.0,0.0,0.11509842469376319,-0.48100703184597,-0.17536785132702884,0.17943878987306644,100.0,26.0,17,-0.5411764705882353,-0.3,0.12450980392156852,100.0,26.0,17,"rango LOO rho [-0.541, -0.300]; cambio máximo 0.125",Sin identidad directa predeclarada; evaluar dependencia por arquitectura y protocolo,"Asociación negativa en rangos; diferencia r−rho=0.115; valorar junto con soporte, empates y sensibilidad",Posensayo; unidad corroborada con tesis PDF pp.117/121 (docs/trazabilidad_datos.md); ausencia de energía no demuestra ausencia de evento/ciclo; Cociente primera/rotura final; no factor de seguridad ni reserva de carga; LOO no es IC ni validación predictiva; no implica causalidad
Fracture_event_5,Load_per_specimen_volume,17,0.26231812314612923,0.23529411764705885,0.19117647058823525,0.0,0.0,0.027024005499070386,0.015421703662570809,0.4993440805831732,0.24689641948355842,100.0,24.0,17,0.13529411764705881,0.4823529411764706,0.24705882352941175,100.0,19.0,17,"rango LOO rho [0.135, 0.482]; cambio máximo 0.247",Sin identidad directa predeclarada; evaluar dependencia por arquitectura y protocolo,"Asociación positiva en rangos; diferencia r−rho=0.027; valorar junto con soporte, empates y sensibilidad",Posensayo; unidad corroborada con tesis PDF pp.117/121 (docs/trazabilidad_datos.md); ausencia de energía no demuestra ausencia de evento/ciclo; Índice descriptivo de carga por volumen; no esfuerzo ni resistencia material; LOO no es IC ni validación predictiva; no implica causalidad
Fracture_event_5,Load_per_pivot,17,0.09666346741709698,-0.0465686274509804,-0.02941176470588235,0.0,0.0,0.1432320948680774,-0.12386218646798222,0.24702594017725082,0.22052565388507922,94.11764705882352,24.0,17,-0.19705882352941176,0.14411764705882352,0.1906862745098039,82.35294117647058,19.0,17,"rango LOO rho [-0.197, 0.144]; cambio máximo 0.191",Sin identidad directa predeclarada; evaluar dependencia por arquitectura y protocolo,"Asociación negativa en rangos; diferencia r−rho=0.143; valorar junto con soporte, empates y sensibilidad",Posensayo; unidad corroborada con tesis PDF pp.117/121 (docs/trazabilidad_datos.md); ausencia de energía no demuestra ausencia de evento/ciclo; No presupone reparto uniforme de cargas entre pivotes; LOO no es IC ni validación predictiva; no implica causalidad
Fracture_event_5,Load_per_cell_Y,17,0.22722530221799736,0.1397058823529412,0.1176470588235294,0.0,0.0,0.08751941986505615,-0.02029108361334342,0.44992727575421176,0.24751638583134078,94.11764705882352,24.0,17,0.020588235294117647,0.36764705882352944,0.22794117647058823,100.0,19.0,17,"rango LOO rho [0.021, 0.368]; cambio máximo 0.228",Sin identidad directa predeclarada; evaluar dependencia por arquitectura y protocolo,"Asociación positiva en rangos; diferencia r−rho=0.088; valorar junto con soporte, empates y sensibilidad",Posensayo; unidad corroborada con tesis PDF pp.117/121 (docs/trazabilidad_datos.md); ausencia de energía no demuestra ausencia de evento/ciclo; Normalización por conteo en Y; no fuerza medida en cada celda; LOO no es IC ni validación predictiva; no implica causalidad
Fracture_event_5,Fracture_observed_sum,17,0.5261596733994615,0.2524509803921569,0.13235294117647056,0.0,0.0,0.27370869300730455,0.3393288810800813,0.6399822626037605,0.18683079231938016,100.0,24.0,17,0.10882352941176471,0.37941176470588234,0.1436274509803922,100.0,24.0,17,"rango LOO rho [0.109, 0.379]; cambio máximo 0.144","Dependencia de construcción: evento, suma o fracción comparten energías registradas","Asociación positiva en rangos; diferencia r−rho=0.274; valorar junto con soporte, empates y sensibilidad",Posensayo; unidad corroborada con tesis PDF pp.117/121 (docs/trazabilidad_datos.md); ausencia de energía no demuestra ausencia de evento/ciclo; Suma observada de longitud variable; no energía total del ensayo; LOO no es IC ni validación predictiva; no implica causalidad
Fracture_event_5,Fracture_registered_events,17,-0.4249161501291442,-0.43972641038652627,-0.37266568018405666,0.0,64.70588235294117,0.01481026025738208,-0.49518358356817227,-0.36689436150115406,0.07026743343902808,100.0,19.0,17,-0.5892981384793102,-0.3504751308402086,0.14957172809278396,100.0,19.0,17,"rango LOO rho [-0.589, -0.350]; cambio máximo 0.150",Sin identidad directa predeclarada; evaluar dependencia por arquitectura y protocolo,"Asociación negativa en rangos; diferencia r−rho=0.015; valorar junto con soporte, empates y sensibilidad","Posensayo; unidad corroborada con tesis PDF pp.117/121 (docs/trazabilidad_datos.md); ausencia de energía no demuestra ausencia de evento/ciclo; Disponibilidad de registro, no conteo verificado de todas las fracturas; LOO no es IC ni validación predictiva; no implica causalidad"
Fracture_event_5,Fracture_initial_share,17,-0.24560404771470856,-0.26470588235294124,-0.16176470588235295,0.0,0.0,0.019101834638232673,-0.3932865559647207,-0.0772958513547911,0.16830819635991745,100.0,19.0,17,-0.4147058823529412,-0.11764705882352941,0.14999999999999997,100.0,24.0,17,"rango LOO rho [-0.415, -0.118]; cambio máximo 0.150","Dependencia de construcción: evento, suma o fracción comparten energías registradas","Asociación negativa en rangos; diferencia r−rho=0.019; valorar junto con soporte, empates y sensibilidad",Posensayo; unidad corroborada con tesis PDF pp.117/121 (docs/trazabilidad_datos.md); ausencia de energía no demuestra ausencia de evento/ciclo; Comparte numerador y denominador con otras respuestas; sensible a cobertura de eventos; LOO no es IC ni validación predictiva; no implica causalidad
Fracture_event_5,Residual_fraction_cycle1,17,-0.0796850250421502,-0.019607843137254905,0.014705882352941175,0.0,0.0,-0.060077181904895305,-0.2899243832715204,0.011940625614488894,0.21023935822937023,94.11764705882352,9.0,17,-0.18235294117647058,0.14705882352941177,0.16666666666666669,64.70588235294117,14.0,17,"rango LOO rho [-0.182, 0.147]; cambio máximo 0.167",Sin identidad directa predeclarada; evaluar dependencia por arquitectura y protocolo,"Asociación negativa en rangos; diferencia r−rho=-0.060; valorar junto con soporte, empates y sensibilidad",Posensayo; unidad corroborada con tesis PDF pp.117/121 (docs/trazabilidad_datos.md); ausencia de energía no demuestra ausencia de evento/ciclo; Amplitud nominal del nombre de columna; no deformación unitaria; LOO no es IC ni validación predictiva; no implica causalidad
Fracture_event_5,Residual_fraction_cycle2,17,-0.09176262108119788,0.08088235294117649,0.044117647058823525,0.0,0.0,-0.1726449740223744,-0.2870470846578955,0.11908951245211664,0.21085213353331453,94.11764705882352,24.0,17,-0.058823529411764705,0.27647058823529413,0.19558823529411765,82.35294117647058,24.0,17,"rango LOO rho [-0.059, 0.276]; cambio máximo 0.196",Sin identidad directa predeclarada; evaluar dependencia por arquitectura y protocolo,"Asociación positiva en rangos; diferencia r−rho=-0.173; valorar junto con soporte, empates y sensibilidad",Posensayo; unidad corroborada con tesis PDF pp.117/121 (docs/trazabilidad_datos.md); ausencia de energía no demuestra ausencia de evento/ciclo; Amplitud nominal del nombre de columna; no deformación unitaria; LOO no es IC ni validación predictiva; no implica causalidad
Fracture_event_5,Residual_fraction_cycle3,17,-0.046797192690167945,0.05637254901960785,0.0588235294117647,0.0,0.0,-0.1031697417097758,-0.14987118513089806,0.18210283375683736,0.2289000264470053,88.23529411764706,24.0,17,-0.06764705882352941,0.24705882352941178,0.1906862745098039,76.47058823529412,24.0,17,"rango LOO rho [-0.068, 0.247]; cambio máximo 0.191",Sin identidad directa predeclarada; evaluar dependencia por arquitectura y protocolo,"Asociación positiva en rangos; diferencia r−rho=-0.103; valorar junto con soporte, empates y sensibilidad",Posensayo; unidad corroborada con tesis PDF pp.117/121 (docs/trazabilidad_datos.md); ausencia de energía no demuestra ausencia de evento/ciclo; Amplitud nominal del nombre de columna; no deformación unitaria; LOO no es IC ni validación predictiva; no implica causalidad
Fracture_event_5,Residual_fraction_cycle4,17,0.12052106342973157,0.08088235294117649,0.0588235294117647,0.0,0.0,0.03963871048855508,-0.024135433266298634,0.29681806559754137,0.1762970021678098,94.11764705882352,24.0,17,-0.06764705882352941,0.2,0.1485294117647059,82.35294117647058,7.0,17,"rango LOO rho [-0.068, 0.200]; cambio máximo 0.149",Sin identidad directa predeclarada; evaluar dependencia por arquitectura y protocolo,"Asociación positiva en rangos; diferencia r−rho=0.040; valorar junto con soporte, empates y sensibilidad",Posensayo; unidad corroborada con tesis PDF pp.117/121 (docs/trazabilidad_datos.md); ausencia de energía no demuestra ausencia de evento/ciclo; Amplitud nominal del nombre de columna; no deformación unitaria; LOO no es IC ni validación predictiva; no implica causalidad
Fracture_event_5,Residual_fraction_cycle5,17,0.16980173703280163,-0.0465686274509804,-0.02941176470588235,0.0,0.0,0.21637036448378202,0.05062182019225994,0.2605984188932148,0.11917991684054169,100.0,4.0,17,-0.2088235294117647,0.1323529411764706,0.17892156862745098,76.47058823529412,19.0,17,"rango LOO rho [-0.209, 0.132]; cambio máximo 0.179",Sin identidad directa predeclarada; evaluar dependencia por arquitectura y protocolo,"Asociación negativa en rangos; diferencia r−rho=0.216; valorar junto con soporte, empates y sensibilidad",Posensayo; unidad corroborada con tesis PDF pp.117/121 (docs/trazabilidad_datos.md); ausencia de energía no demuestra ausencia de evento/ciclo; Amplitud nominal del nombre de columna; no deformación unitaria; LOO no es IC ni validación predictiva; no implica causalidad
Fracture_event_5,Residual_fraction_cycle6,12,-0.07400776692327761,-0.3986013986013986,-0.303030303030303,0.0,0.0,0.324593631678121,-0.7679820147741491,0.08789833530112216,0.6939742478508715,83.33333333333334,4.0,12,-0.7272727272727273,-0.2545454545454545,0.3286713286713287,100.0,4.0,12,"rango LOO rho [-0.727, -0.255]; cambio máximo 0.329",Sin identidad directa predeclarada; evaluar dependencia por arquitectura y protocolo,"Asociación negativa en rangos; diferencia r−rho=0.325; valorar junto con soporte, empates y sensibilidad",Posensayo; unidad corroborada con tesis PDF pp.117/121 (docs/trazabilidad_datos.md); ausencia de energía no demuestra ausencia de evento/ciclo; Amplitud nominal del nombre de columna; no deformación unitaria; LOO no es IC ni validación predictiva; no implica causalidad
Fracture_event_5,Recovery_complement_cycle6,12,0.07400776692327762,0.3986013986013986,0.303030303030303,0.0,0.0,-0.32459363167812094,-0.08789833530112215,0.7679820147741492,0.6939742478508716,83.33333333333334,4.0,12,0.2545454545454545,0.7272727272727273,0.3286713286713287,100.0,4.0,12,"rango LOO rho [0.255, 0.727]; cambio máximo 0.329",Sin identidad directa predeclarada; evaluar dependencia por arquitectura y protocolo,"Asociación positiva en rangos; diferencia r−rho=-0.325; valorar junto con soporte, empates y sensibilidad",Posensayo; unidad corroborada con tesis PDF pp.117/121 (docs/trazabilidad_datos.md); ausencia de energía no demuestra ausencia de evento/ciclo; Proxy complemento nominal; requiere protocolo para interpretar recuperación elástica; LOO no es IC ni validación predictiva; no implica causalidad
Fracture_event_6,Fracture_event_7,6,-0.6626013849939829,-0.6571428571428571,-0.6,0.0,0.0,-0.005458527851125772,-0.8571192677613271,-0.5005662598817889,0.19451788276734416,100.0,7.0,6,-0.9999999999999998,-0.3999999999999999,0.34285714285714264,100.0,7.0,6,"rango LOO rho [-1.000, -0.400]; cambio máximo 0.343",Sin identidad directa predeclarada; evaluar dependencia por arquitectura y protocolo,"Asociación negativa en rangos; diferencia r−rho=-0.005; valorar junto con soporte, empates y sensibilidad",Posensayo; unidad corroborada con tesis PDF pp.117/121 (docs/trazabilidad_datos.md); ausencia de energía no demuestra ausencia de evento/ciclo; Posensayo; unidad corroborada con tesis PDF pp.117/121 (docs/trazabilidad_datos.md); ausencia de energía no demuestra ausencia de evento/ciclo; LOO no es IC ni validación predictiva; no implica causalidad
Fracture_event_6,Fracture_event_8,4,0.8837195417451221,0.19999999999999996,0.0,0.0,0.0,0.6837195417451222,-0.9973101351957433,0.9865271457370994,1.8810296769408654,75.0,4.0,4,-0.9999999999999998,0.4999999999999999,1.1999999999999997,75.0,4.0,4,"rango LOO rho [-1.000, 0.500]; cambio máximo 1.200",Sin identidad directa predeclarada; evaluar dependencia por arquitectura y protocolo,"Asociación positiva en rangos; diferencia r−rho=0.684; valorar junto con soporte, empates y sensibilidad",Posensayo; unidad corroborada con tesis PDF pp.117/121 (docs/trazabilidad_datos.md); ausencia de energía no demuestra ausencia de evento/ciclo; Posensayo; unidad corroborada con tesis PDF pp.117/121 (docs/trazabilidad_datos.md); ausencia de energía no demuestra ausencia de evento/ciclo; LOO no es IC ni validación predictiva; no implica causalidad
Fracture_event_6,Fracture_event_9,2,,,,0.0,0.0,,,,,,,0,,,,,,0,No identificable: soporte insuficiente o variable constante,Sin identidad directa predeclarada; evaluar dependencia por arquitectura y protocolo,Asociación no identificable con la variación y disponibilidad observadas,Posensayo; unidad corroborada con tesis PDF pp.117/121 (docs/trazabilidad_datos.md); ausencia de energía no demuestra ausencia de evento/ciclo; Posensayo; unidad corroborada con tesis PDF pp.117/121 (docs/trazabilidad_datos.md); ausencia de energía no demuestra ausencia de evento/ciclo; LOO no es IC ni validación predictiva; no implica causalidad
Fracture_event_6,Fracture_event_10,1,,,,0.0,0.0,,,,,,,0,,,,,,0,No identificable: soporte insuficiente o variable constante,Sin identidad directa predeclarada; evaluar dependencia por arquitectura y protocolo,Asociación no identificable con la variación y disponibilidad observadas,Posensayo; unidad corroborada con tesis PDF pp.117/121 (docs/trazabilidad_datos.md); ausencia de energía no demuestra ausencia de evento/ciclo; Posensayo; unidad corroborada con tesis PDF pp.117/121 (docs/trazabilidad_datos.md); ausencia de energía no demuestra ausencia de evento/ciclo; LOO no es IC ni validación predictiva; no implica causalidad
Fracture_event_6,Fracture_event_11,1,,,,0.0,0.0,,,,,,,0,,,,,,0,No identificable: soporte insuficiente o variable constante,Sin identidad directa predeclarada; evaluar dependencia por arquitectura y protocolo,Asociación no identificable con la variación y disponibilidad observadas,Posensayo; unidad corroborada con tesis PDF pp.117/121 (docs/trazabilidad_datos.md); ausencia de energía no demuestra ausencia de evento/ciclo; Posensayo; unidad corroborada con tesis PDF pp.117/121 (docs/trazabilidad_datos.md); ausencia de energía no demuestra ausencia de evento/ciclo; LOO no es IC ni validación predictiva; no implica causalidad
Fracture_event_6,Fracture_event_12,1,,,,0.0,0.0,,,,,,,0,,,,,,0,No identificable: soporte insuficiente o variable constante,Sin identidad directa predeclarada; evaluar dependencia por arquitectura y protocolo,Asociación no identificable con la variación y disponibilidad observadas,Posensayo; unidad corroborada con tesis PDF pp.117/121 (docs/trazabilidad_datos.md); ausencia de energía no demuestra ausencia de evento/ciclo; Posensayo; unidad corroborada con tesis PDF pp.117/121 (docs/trazabilidad_datos.md); ausencia de energía no demuestra ausencia de evento/ciclo; LOO no es IC ni validación predictiva; no implica causalidad
Fracture_event_6,Fracture_event_13,1,,,,0.0,0.0,,,,,,,0,,,,,,0,No identificable: soporte insuficiente o variable constante,Sin identidad directa predeclarada; evaluar dependencia por arquitectura y protocolo,Asociación no identificable con la variación y disponibilidad observadas,Posensayo; unidad corroborada con tesis PDF pp.117/121 (docs/trazabilidad_datos.md); ausencia de energía no demuestra ausencia de evento/ciclo; Posensayo; unidad corroborada con tesis PDF pp.117/121 (docs/trazabilidad_datos.md); ausencia de energía no demuestra ausencia de evento/ciclo; LOO no es IC ni validación predictiva; no implica causalidad
Fracture_event_6,Load_ratio_first_over_ultimate,7,-0.489031012966843,-0.6428571428571428,-0.6190476190476191,0.0,0.0,0.1538261298902998,-0.6326460812175311,-0.44200594814030875,0.1436150682506881,100.0,1.0,7,-1.0,-0.42857142857142855,0.3571428571428572,100.0,1.0,7,"rango LOO rho [-1.000, -0.429]; cambio máximo 0.357",Sin identidad directa predeclarada; evaluar dependencia por arquitectura y protocolo,"Asociación negativa en rangos; diferencia r−rho=0.154; valorar junto con soporte, empates y sensibilidad",Posensayo; unidad corroborada con tesis PDF pp.117/121 (docs/trazabilidad_datos.md); ausencia de energía no demuestra ausencia de evento/ciclo; Cociente primera/rotura final; no factor de seguridad ni reserva de carga; LOO no es IC ni validación predictiva; no implica causalidad
Fracture_event_6,Load_per_specimen_volume,7,-0.3057592307389233,-0.3214285714285714,-0.23809523809523814,0.0,0.0,0.015669340689648092,-0.5179996318066544,0.16020599915723333,0.46596522989615663,85.71428571428571,26.0,7,-0.7714285714285715,0.08571428571428572,0.45000000000000007,85.71428571428571,1.0,7,"rango LOO rho [-0.771, 0.086]; cambio máximo 0.450",Sin identidad directa predeclarada; evaluar dependencia por arquitectura y protocolo,"Asociación negativa en rangos; diferencia r−rho=0.016; valorar junto con soporte, empates y sensibilidad",Posensayo; unidad corroborada con tesis PDF pp.117/121 (docs/trazabilidad_datos.md); ausencia de energía no demuestra ausencia de evento/ciclo; Índice descriptivo de carga por volumen; no esfuerzo ni resistencia material; LOO no es IC ni validación predictiva; no implica causalidad
Fracture_event_6,Load_per_pivot,7,0.28029411269115573,0.14285714285714285,0.23809523809523814,0.0,0.0,0.13743696983401288,-0.2211408778530752,0.7687190857541039,0.5014349905442309,85.71428571428571,4.0,7,-0.02857142857142857,0.8285714285714286,0.6857142857142857,57.14285714285714,26.0,7,"rango LOO rho [-0.029, 0.829]; cambio máximo 0.686",Sin identidad directa predeclarada; evaluar dependencia por arquitectura y protocolo,"Asociación positiva en rangos; diferencia r−rho=0.137; valorar junto con soporte, empates y sensibilidad",Posensayo; unidad corroborada con tesis PDF pp.117/121 (docs/trazabilidad_datos.md); ausencia de energía no demuestra ausencia de evento/ciclo; No presupone reparto uniforme de cargas entre pivotes; LOO no es IC ni validación predictiva; no implica causalidad
Fracture_event_6,Load_per_cell_Y,7,-0.12994616975371578,-0.07142857142857142,-0.04761904761904762,0.0,0.0,-0.05851759832514436,-0.40982307705897797,0.4754382498293149,0.6053844195830307,85.71428571428571,26.0,7,-0.37142857142857144,0.4857142857142857,0.5571428571428572,85.71428571428571,26.0,7,"rango LOO rho [-0.371, 0.486]; cambio máximo 0.557",Sin identidad directa predeclarada; evaluar dependencia por arquitectura y protocolo,"Asociación negativa en rangos; diferencia r−rho=-0.059; valorar junto con soporte, empates y sensibilidad",Posensayo; unidad corroborada con tesis PDF pp.117/121 (docs/trazabilidad_datos.md); ausencia de energía no demuestra ausencia de evento/ciclo; Normalización por conteo en Y; no fuerza medida en cada celda; LOO no es IC ni validación predictiva; no implica causalidad
Fracture_event_6,Fracture_observed_sum,7,-0.11431475654667882,-0.24999999999999997,-0.23809523809523814,0.0,0.0,0.13568524345332117,-0.46580696267768007,0.33246702999270605,0.4467817865393849,71.42857142857143,26.0,7,-0.6571428571428571,0.2,0.44999999999999996,85.71428571428571,26.0,7,"rango LOO rho [-0.657, 0.200]; cambio máximo 0.450","Dependencia de construcción: evento, suma o fracción comparten energías registradas","Asociación negativa en rangos; diferencia r−rho=0.136; valorar junto con soporte, empates y sensibilidad",Posensayo; unidad corroborada con tesis PDF pp.117/121 (docs/trazabilidad_datos.md); ausencia de energía no demuestra ausencia de evento/ciclo; Suma observada de longitud variable; no energía total del ensayo; LOO no es IC ni validación predictiva; no implica causalidad
Fracture_event_6,Fracture_registered_events,7,0.18568609001042266,0.49099025303098287,0.3504383220252312,0.0,28.57142857142857,-0.3053041630205602,0.018951165732601645,0.5689372035851333,0.38325111357471064,100.0,7.0,7,0.1765469659009499,0.753702346348183,0.314443287130033,100.0,26.0,7,"rango LOO rho [0.177, 0.754]; cambio máximo 0.314",Sin identidad directa predeclarada; evaluar dependencia por arquitectura y protocolo,"Asociación positiva en rangos; diferencia r−rho=-0.305; valorar junto con soporte, empates y sensibilidad","Posensayo; unidad corroborada con tesis PDF pp.117/121 (docs/trazabilidad_datos.md); ausencia de energía no demuestra ausencia de evento/ciclo; Disponibilidad de registro, no conteo verificado de todas las fracturas; LOO no es IC ni validación predictiva; no implica causalidad"
Fracture_event_6,Fracture_initial_share,7,-0.5920425078286955,-0.8214285714285713,-0.7142857142857143,0.0,0.0,0.2293860635998758,-0.7158918724335576,-0.5322741122321536,0.12384936460486207,100.0,13.0,7,-0.9428571428571428,-0.7142857142857143,0.12142857142857155,100.0,11.0,7,"rango LOO rho [-0.943, -0.714]; cambio máximo 0.121","Dependencia de construcción: evento, suma o fracción comparten energías registradas","Asociación negativa en rangos; diferencia r−rho=0.229; valorar junto con soporte, empates y sensibilidad",Posensayo; unidad corroborada con tesis PDF pp.117/121 (docs/trazabilidad_datos.md); ausencia de energía no demuestra ausencia de evento/ciclo; Comparte numerador y denominador con otras respuestas; sensible a cobertura de eventos; LOO no es IC ni validación predictiva; no implica causalidad
Fracture_event_6,Residual_fraction_cycle1,7,0.11778488359661612,-0.2857142857142857,-0.23809523809523814,0.0,0.0,0.4034991693109018,-0.47457757437994463,0.6630194868622865,0.5923624579765607,85.71428571428571,9.0,7,-0.7714285714285715,-0.02857142857142857,0.48571428571428577,100.0,9.0,7,"rango LOO rho [-0.771, -0.029]; cambio máximo 0.486",Sin identidad directa predeclarada; evaluar dependencia por arquitectura y protocolo,"Asociación negativa en rangos; diferencia r−rho=0.403; valorar junto con soporte, empates y sensibilidad",Posensayo; unidad corroborada con tesis PDF pp.117/121 (docs/trazabilidad_datos.md); ausencia de energía no demuestra ausencia de evento/ciclo; Amplitud nominal del nombre de columna; no deformación unitaria; LOO no es IC ni validación predictiva; no implica causalidad
Fracture_event_6,Residual_fraction_cycle2,7,0.015551511054586367,-0.3571428571428571,-0.33333333333333337,0.0,0.0,0.37269436819744345,-0.49888947747485907,0.5141727328501021,0.5144409885294454,42.857142857142854,9.0,7,-0.8857142857142857,-0.08571428571428572,0.5285714285714286,100.0,9.0,7,"rango LOO rho [-0.886, -0.086]; cambio máximo 0.529",Sin identidad directa predeclarada; evaluar dependencia por arquitectura y protocolo,"Asociación negativa en rangos; diferencia r−rho=0.373; valorar junto con soporte, empates y sensibilidad",Posensayo; unidad corroborada con tesis PDF pp.117/121 (docs/trazabilidad_datos.md); ausencia de energía no demuestra ausencia de evento/ciclo; Amplitud nominal del nombre de columna; no deformación unitaria; LOO no es IC ni validación predictiva; no implica causalidad
Fracture_event_6,Residual_fraction_cycle3,7,-0.24110172267648272,-0.2857142857142857,-0.23809523809523814,0.0,0.0,0.04461256303780298,-0.6529379285988012,0.3229280663596158,0.5640297890360986,85.71428571428571,4.0,7,-0.7714285714285715,0.02857142857142857,0.48571428571428577,85.71428571428571,9.0,7,"rango LOO rho [-0.771, 0.029]; cambio máximo 0.486",Sin identidad directa predeclarada; evaluar dependencia por arquitectura y protocolo,"Asociación negativa en rangos; diferencia r−rho=0.045; valorar junto con soporte, empates y sensibilidad",Posensayo; unidad corroborada con tesis PDF pp.117/121 (docs/trazabilidad_datos.md); ausencia de energía no demuestra ausencia de evento/ciclo; Amplitud nominal del nombre de columna; no deformación unitaria; LOO no es IC ni validación predictiva; no implica causalidad
Fracture_event_6,Residual_fraction_cycle4,7,-0.41422006203147926,-0.2857142857142857,-0.14285714285714288,0.0,0.0,-0.12850577631719357,-0.6714011765010052,-0.0020301410765853835,0.4121899209548939,100.0,4.0,7,-0.5428571428571428,0.02857142857142857,0.3142857142857143,85.71428571428571,4.0,7,"rango LOO rho [-0.543, 0.029]; cambio máximo 0.314",Sin identidad directa predeclarada; evaluar dependencia por arquitectura y protocolo,"Asociación negativa en rangos; diferencia r−rho=-0.129; valorar junto con soporte, empates y sensibilidad",Posensayo; unidad corroborada con tesis PDF pp.117/121 (docs/trazabilidad_datos.md); ausencia de energía no demuestra ausencia de evento/ciclo; Amplitud nominal del nombre de columna; no deformación unitaria; LOO no es IC ni validación predictiva; no implica causalidad
Fracture_event_6,Residual_fraction_cycle5,7,-0.5316619709658834,-0.21428571428571425,-0.14285714285714288,0.0,0.0,-0.31737625668016917,-0.7651300389342434,0.06799644460059415,0.5996584155664776,85.71428571428571,4.0,7,-0.4857142857142857,0.2571428571428571,0.47142857142857136,71.42857142857143,4.0,7,"rango LOO rho [-0.486, 0.257]; cambio máximo 0.471",Sin identidad directa predeclarada; evaluar dependencia por arquitectura y protocolo,"Asociación negativa en rangos; diferencia r−rho=-0.317; valorar junto con soporte, empates y sensibilidad",Posensayo; unidad corroborada con tesis PDF pp.117/121 (docs/trazabilidad_datos.md); ausencia de energía no demuestra ausencia de evento/ciclo; Amplitud nominal del nombre de columna; no deformación unitaria; LOO no es IC ni validación predictiva; no implica causalidad
Fracture_event_6,Residual_fraction_cycle6,4,-0.7374540052189577,-0.19999999999999996,0.0,0.0,0.0,-0.5374540052189577,-0.9592876041173496,0.7167895965840906,1.4542436018030482,75.0,4.0,4,-0.4999999999999999,0.9999999999999998,1.1999999999999997,75.0,4.0,4,"rango LOO rho [-0.500, 1.000]; cambio máximo 1.200",Sin identidad directa predeclarada; evaluar dependencia por arquitectura y protocolo,"Asociación negativa en rangos; diferencia r−rho=-0.537; valorar junto con soporte, empates y sensibilidad",Posensayo; unidad corroborada con tesis PDF pp.117/121 (docs/trazabilidad_datos.md); ausencia de energía no demuestra ausencia de evento/ciclo; Amplitud nominal del nombre de columna; no deformación unitaria; LOO no es IC ni validación predictiva; no implica causalidad
Fracture_event_6,Recovery_complement_cycle6,4,0.7374540052189577,0.19999999999999996,0.0,0.0,0.0,0.5374540052189577,-0.7167895965840906,0.9592876041173496,1.4542436018030482,75.0,4.0,4,-0.9999999999999998,0.4999999999999999,1.1999999999999997,75.0,4.0,4,"rango LOO rho [-1.000, 0.500]; cambio máximo 1.200",Sin identidad directa predeclarada; evaluar dependencia por arquitectura y protocolo,"Asociación positiva en rangos; diferencia r−rho=0.537; valorar junto con soporte, empates y sensibilidad",Posensayo; unidad corroborada con tesis PDF pp.117/121 (docs/trazabilidad_datos.md); ausencia de energía no demuestra ausencia de evento/ciclo; Proxy complemento nominal; requiere protocolo para interpretar recuperación elástica; LOO no es IC ni validación predictiva; no implica causalidad
Fracture_event_7,Fracture_event_8,4,-0.9184648339257374,-0.7999999999999998,-0.6666666666666669,0.0,0.0,-0.11846483392573759,-0.9995287875913025,-0.7369850874978567,0.18147974642788067,100.0,4.0,4,-0.9999999999999998,-0.4999999999999999,0.29999999999999993,100.0,4.0,4,"rango LOO rho [-1.000, -0.500]; cambio máximo 0.300",Sin identidad directa predeclarada; evaluar dependencia por arquitectura y protocolo,"Asociación negativa en rangos; diferencia r−rho=-0.118; valorar junto con soporte, empates y sensibilidad",Posensayo; unidad corroborada con tesis PDF pp.117/121 (docs/trazabilidad_datos.md); ausencia de energía no demuestra ausencia de evento/ciclo; Posensayo; unidad corroborada con tesis PDF pp.117/121 (docs/trazabilidad_datos.md); ausencia de energía no demuestra ausencia de evento/ciclo; LOO no es IC ni validación predictiva; no implica causalidad
Fracture_event_7,Fracture_event_9,2,,,,0.0,0.0,,,,,,,0,,,,,,0,No identificable: soporte insuficiente o variable constante,Sin identidad directa predeclarada; evaluar dependencia por arquitectura y protocolo,Asociación no identificable con la variación y disponibilidad observadas,Posensayo; unidad corroborada con tesis PDF pp.117/121 (docs/trazabilidad_datos.md); ausencia de energía no demuestra ausencia de evento/ciclo; Posensayo; unidad corroborada con tesis PDF pp.117/121 (docs/trazabilidad_datos.md); ausencia de energía no demuestra ausencia de evento/ciclo; LOO no es IC ni validación predictiva; no implica causalidad
Fracture_event_7,Fracture_event_10,1,,,,0.0,0.0,,,,,,,0,,,,,,0,No identificable: soporte insuficiente o variable constante,Sin identidad directa predeclarada; evaluar dependencia por arquitectura y protocolo,Asociación no identificable con la variación y disponibilidad observadas,Posensayo; unidad corroborada con tesis PDF pp.117/121 (docs/trazabilidad_datos.md); ausencia de energía no demuestra ausencia de evento/ciclo; Posensayo; unidad corroborada con tesis PDF pp.117/121 (docs/trazabilidad_datos.md); ausencia de energía no demuestra ausencia de evento/ciclo; LOO no es IC ni validación predictiva; no implica causalidad
Fracture_event_7,Fracture_event_11,1,,,,0.0,0.0,,,,,,,0,,,,,,0,No identificable: soporte insuficiente o variable constante,Sin identidad directa predeclarada; evaluar dependencia por arquitectura y protocolo,Asociación no identificable con la variación y disponibilidad observadas,Posensayo; unidad corroborada con tesis PDF pp.117/121 (docs/trazabilidad_datos.md); ausencia de energía no demuestra ausencia de evento/ciclo; Posensayo; unidad corroborada con tesis PDF pp.117/121 (docs/trazabilidad_datos.md); ausencia de energía no demuestra ausencia de evento/ciclo; LOO no es IC ni validación predictiva; no implica causalidad
Fracture_event_7,Fracture_event_12,1,,,,0.0,0.0,,,,,,,0,,,,,,0,No identificable: soporte insuficiente o variable constante,Sin identidad directa predeclarada; evaluar dependencia por arquitectura y protocolo,Asociación no identificable con la variación y disponibilidad observadas,Posensayo; unidad corroborada con tesis PDF pp.117/121 (docs/trazabilidad_datos.md); ausencia de energía no demuestra ausencia de evento/ciclo; Posensayo; unidad corroborada con tesis PDF pp.117/121 (docs/trazabilidad_datos.md); ausencia de energía no demuestra ausencia de evento/ciclo; LOO no es IC ni validación predictiva; no implica causalidad
Fracture_event_7,Fracture_event_13,1,,,,0.0,0.0,,,,,,,0,,,,,,0,No identificable: soporte insuficiente o variable constante,Sin identidad directa predeclarada; evaluar dependencia por arquitectura y protocolo,Asociación no identificable con la variación y disponibilidad observadas,Posensayo; unidad corroborada con tesis PDF pp.117/121 (docs/trazabilidad_datos.md); ausencia de energía no demuestra ausencia de evento/ciclo; Posensayo; unidad corroborada con tesis PDF pp.117/121 (docs/trazabilidad_datos.md); ausencia de energía no demuestra ausencia de evento/ciclo; LOO no es IC ni validación predictiva; no implica causalidad
Fracture_event_7,Load_ratio_first_over_ultimate,6,0.39511472052957614,0.37142857142857144,0.3333333333333333,0.0,0.0,0.023686149101004694,0.15766960799043783,0.6932557699372636,0.29814104940768743,100.0,1.0,6,-0.09999999999999998,0.6999999999999998,0.4714285714285714,83.33333333333334,4.0,6,"rango LOO rho [-0.100, 0.700]; cambio máximo 0.471",Sin identidad directa predeclarada; evaluar dependencia por arquitectura y protocolo,"Asociación positiva en rangos; diferencia r−rho=0.024; valorar junto con soporte, empates y sensibilidad",Posensayo; unidad corroborada con tesis PDF pp.117/121 (docs/trazabilidad_datos.md); ausencia de energía no demuestra ausencia de evento/ciclo; Cociente primera/rotura final; no factor de seguridad ni reserva de carga; LOO no es IC ni validación predictiva; no implica causalidad
Fracture_event_7,Load_per_specimen_volume,6,-0.3700758668893698,-0.2571428571428571,-0.2,0.0,0.0,-0.11293300974651266,-0.6260822081360625,-0.16154981381728573,0.25600634124669275,100.0,9.0,6,-0.5999999999999999,0.09999999999999998,0.3571428571428571,83.33333333333334,1.0,6,"rango LOO rho [-0.600, 0.100]; cambio máximo 0.357",Sin identidad directa predeclarada; evaluar dependencia por arquitectura y protocolo,"Asociación negativa en rangos; diferencia r−rho=-0.113; valorar junto con soporte, empates y sensibilidad",Posensayo; unidad corroborada con tesis PDF pp.117/121 (docs/trazabilidad_datos.md); ausencia de energía no demuestra ausencia de evento/ciclo; Índice descriptivo de carga por volumen; no esfuerzo ni resistencia material; LOO no es IC ni validación predictiva; no implica causalidad
Fracture_event_7,Load_per_pivot,6,-0.3640005840924944,-0.37142857142857144,-0.3333333333333333,0.0,0.0,0.007427987336077024,-0.8074027340145384,0.07157993942103556,0.443402149922044,83.33333333333334,7.0,6,-0.8999999999999998,0.09999999999999998,0.5285714285714284,83.33333333333334,7.0,6,"rango LOO rho [-0.900, 0.100]; cambio máximo 0.529",Sin identidad directa predeclarada; evaluar dependencia por arquitectura y protocolo,"Asociación negativa en rangos; diferencia r−rho=0.007; valorar junto con soporte, empates y sensibilidad",Posensayo; unidad corroborada con tesis PDF pp.117/121 (docs/trazabilidad_datos.md); ausencia de energía no demuestra ausencia de evento/ciclo; No presupone reparto uniforme de cargas entre pivotes; LOO no es IC ni validación predictiva; no implica causalidad
Fracture_event_7,Load_per_cell_Y,6,-0.40115422724652117,-0.5428571428571428,-0.4666666666666666,0.0,0.0,0.14170291561062165,-0.6513063380147482,-0.15338673744462575,0.2501521107682271,100.0,7.0,6,-0.8999999999999998,-0.19999999999999996,0.357142857142857,100.0,9.0,6,"rango LOO rho [-0.900, -0.200]; cambio máximo 0.357",Sin identidad directa predeclarada; evaluar dependencia por arquitectura y protocolo,"Asociación negativa en rangos; diferencia r−rho=0.142; valorar junto con soporte, empates y sensibilidad",Posensayo; unidad corroborada con tesis PDF pp.117/121 (docs/trazabilidad_datos.md); ausencia de energía no demuestra ausencia de evento/ciclo; Normalización por conteo en Y; no fuerza medida en cada celda; LOO no es IC ni validación predictiva; no implica causalidad
Fracture_event_7,Fracture_observed_sum,6,-0.2884780431553164,-0.3142857142857143,-0.2,0.0,0.0,0.02580767113039789,-0.5688997275992802,-0.03881870983628076,0.2804216844439638,100.0,9.0,6,-0.5999999999999999,0.0,0.3142857142857143,83.33333333333334,1.0,6,"rango LOO rho [-0.600, 0.000]; cambio máximo 0.314","Dependencia de construcción: evento, suma o fracción comparten energías registradas","Asociación negativa en rangos; diferencia r−rho=0.026; valorar junto con soporte, empates y sensibilidad",Posensayo; unidad corroborada con tesis PDF pp.117/121 (docs/trazabilidad_datos.md); ausencia de energía no demuestra ausencia de evento/ciclo; Suma observada de longitud variable; no energía total del ensayo; LOO no es IC ni validación predictiva; no implica causalidad
Fracture_event_7,Fracture_registered_events,6,0.7055431130443465,0.3825184261187248,0.35805743701971643,0.0,33.333333333333336,0.3230246869256217,-0.005236805367135665,0.8649005189591666,0.7107799184114821,83.33333333333334,7.0,6,-0.10540925533894598,0.9486832980505138,0.566164871931789,83.33333333333334,4.0,6,"rango LOO rho [-0.105, 0.949]; cambio máximo 0.566",Sin identidad directa predeclarada; evaluar dependencia por arquitectura y protocolo,"Asociación positiva en rangos; diferencia r−rho=0.323; valorar junto con soporte, empates y sensibilidad","Posensayo; unidad corroborada con tesis PDF pp.117/121 (docs/trazabilidad_datos.md); ausencia de energía no demuestra ausencia de evento/ciclo; Disponibilidad de registro, no conteo verificado de todas las fracturas; LOO no es IC ni validación predictiva; no implica causalidad"
Fracture_event_7,Fracture_initial_share,6,0.11622268300001977,0.6,0.4666666666666666,0.0,0.0,-0.4837773169999802,-0.08511175876757386,0.7226526495103724,0.6064299665103526,66.66666666666666,11.0,6,0.29999999999999993,0.8999999999999998,0.30000000000000004,100.0,4.0,6,"rango LOO rho [0.300, 0.900]; cambio máximo 0.300","Dependencia de construcción: evento, suma o fracción comparten energías registradas","Asociación positiva en rangos; diferencia r−rho=-0.484; valorar junto con soporte, empates y sensibilidad",Posensayo; unidad corroborada con tesis PDF pp.117/121 (docs/trazabilidad_datos.md); ausencia de energía no demuestra ausencia de evento/ciclo; Comparte numerador y denominador con otras respuestas; sensible a cobertura de eventos; LOO no es IC ni validación predictiva; no implica causalidad
Fracture_event_7,Residual_fraction_cycle1,6,-0.23002716429568093,0.14285714285714285,0.06666666666666665,0.0,0.0,-0.3728843071528238,-0.4647034600914242,0.43294553227781785,0.6629726965734988,83.33333333333334,9.0,6,-0.29999999999999993,0.5999999999999999,0.457142857142857,83.33333333333334,9.0,6,"rango LOO rho [-0.300, 0.600]; cambio máximo 0.457",Sin identidad directa predeclarada; evaluar dependencia por arquitectura y protocolo,"Asociación positiva en rangos; diferencia r−rho=-0.373; valorar junto con soporte, empates y sensibilidad",Posensayo; unidad corroborada con tesis PDF pp.117/121 (docs/trazabilidad_datos.md); ausencia de energía no demuestra ausencia de evento/ciclo; Amplitud nominal del nombre de columna; no deformación unitaria; LOO no es IC ni validación predictiva; no implica causalidad
Fracture_event_7,Residual_fraction_cycle2,6,-0.2950849244806148,-0.2,-0.06666666666666665,0.0,0.0,-0.09508492448061479,-0.5636193221353453,0.13262325279448772,0.4277081772751025,66.66666666666666,9.0,6,-0.5999999999999999,0.3999999999999999,0.5999999999999999,66.66666666666666,7.0,6,"rango LOO rho [-0.600, 0.400]; cambio máximo 0.600",Sin identidad directa predeclarada; evaluar dependencia por arquitectura y protocolo,"Asociación negativa en rangos; diferencia r−rho=-0.095; valorar junto con soporte, empates y sensibilidad",Posensayo; unidad corroborada con tesis PDF pp.117/121 (docs/trazabilidad_datos.md); ausencia de energía no demuestra ausencia de evento/ciclo; Amplitud nominal del nombre de columna; no deformación unitaria; LOO no es IC ni validación predictiva; no implica causalidad
Fracture_event_7,Residual_fraction_cycle3,6,-0.15749975611692704,-0.2,-0.06666666666666665,0.0,0.0,0.04250024388307297,-0.5490085370343012,0.392293199276021,0.549792955392948,66.66666666666666,7.0,6,-0.5999999999999999,0.3999999999999999,0.5999999999999999,66.66666666666666,7.0,6,"rango LOO rho [-0.600, 0.400]; cambio máximo 0.600",Sin identidad directa predeclarada; evaluar dependencia por arquitectura y protocolo,"Asociación negativa en rangos; diferencia r−rho=0.043; valorar junto con soporte, empates y sensibilidad",Posensayo; unidad corroborada con tesis PDF pp.117/121 (docs/trazabilidad_datos.md); ausencia de energía no demuestra ausencia de evento/ciclo; Amplitud nominal del nombre de columna; no deformación unitaria; LOO no es IC ni validación predictiva; no implica causalidad
Fracture_event_7,Residual_fraction_cycle4,6,-0.28997321045189,-0.08571428571428572,-0.06666666666666665,0.0,0.0,-0.2042589247376043,-0.7306053147538594,0.576475428307008,0.8664486387588981,83.33333333333334,7.0,6,-0.3999999999999999,0.5999999999999999,0.6857142857142856,83.33333333333334,7.0,6,"rango LOO rho [-0.400, 0.600]; cambio máximo 0.686",Sin identidad directa predeclarada; evaluar dependencia por arquitectura y protocolo,"Asociación negativa en rangos; diferencia r−rho=-0.204; valorar junto con soporte, empates y sensibilidad",Posensayo; unidad corroborada con tesis PDF pp.117/121 (docs/trazabilidad_datos.md); ausencia de energía no demuestra ausencia de evento/ciclo; Amplitud nominal del nombre de columna; no deformación unitaria; LOO no es IC ni validación predictiva; no implica causalidad
Fracture_event_7,Residual_fraction_cycle5,6,-0.22013528785615996,-0.08571428571428572,-0.2,0.0,0.0,-0.13442100214187425,-0.8891816188638706,0.3652958949006433,0.6690463310077106,83.33333333333334,4.0,6,-0.8999999999999998,0.09999999999999998,0.8142857142857141,16.666666666666664,4.0,6,"rango LOO rho [-0.900, 0.100]; cambio máximo 0.814",Sin identidad directa predeclarada; evaluar dependencia por arquitectura y protocolo,"Asociación negativa en rangos; diferencia r−rho=-0.134; valorar junto con soporte, empates y sensibilidad",Posensayo; unidad corroborada con tesis PDF pp.117/121 (docs/trazabilidad_datos.md); ausencia de energía no demuestra ausencia de evento/ciclo; Amplitud nominal del nombre de columna; no deformación unitaria; LOO no es IC ni validación predictiva; no implica causalidad
Fracture_event_7,Residual_fraction_cycle6,3,0.6349699922452923,0.4999999999999999,0.33333333333333337,0.0,0.0,0.13496999224529238,,,,,,0,,,,,,0,"rango LOO rho [nan, nan]; cambio máximo nan",Sin identidad directa predeclarada; evaluar dependencia por arquitectura y protocolo,"Asociación positiva en rangos; diferencia r−rho=0.135; valorar junto con soporte, empates y sensibilidad",Posensayo; unidad corroborada con tesis PDF pp.117/121 (docs/trazabilidad_datos.md); ausencia de energía no demuestra ausencia de evento/ciclo; Amplitud nominal del nombre de columna; no deformación unitaria; LOO no es IC ni validación predictiva; no implica causalidad
Fracture_event_7,Recovery_complement_cycle6,3,-0.6349699922452923,-0.4999999999999999,-0.33333333333333337,0.0,0.0,-0.13496999224529238,,,,,,0,,,,,,0,"rango LOO rho [nan, nan]; cambio máximo nan",Sin identidad directa predeclarada; evaluar dependencia por arquitectura y protocolo,"Asociación negativa en rangos; diferencia r−rho=-0.135; valorar junto con soporte, empates y sensibilidad",Posensayo; unidad corroborada con tesis PDF pp.117/121 (docs/trazabilidad_datos.md); ausencia de energía no demuestra ausencia de evento/ciclo; Proxy complemento nominal; requiere protocolo para interpretar recuperación elástica; LOO no es IC ni validación predictiva; no implica causalidad
Fracture_event_8,Fracture_event_9,2,,,,0.0,0.0,,,,,,,0,,,,,,0,No identificable: soporte insuficiente o variable constante,Sin identidad directa predeclarada; evaluar dependencia por arquitectura y protocolo,Asociación no identificable con la variación y disponibilidad observadas,Posensayo; unidad corroborada con tesis PDF pp.117/121 (docs/trazabilidad_datos.md); ausencia de energía no demuestra ausencia de evento/ciclo; Posensayo; unidad corroborada con tesis PDF pp.117/121 (docs/trazabilidad_datos.md); ausencia de energía no demuestra ausencia de evento/ciclo; LOO no es IC ni validación predictiva; no implica causalidad
Fracture_event_8,Fracture_event_10,1,,,,0.0,0.0,,,,,,,0,,,,,,0,No identificable: soporte insuficiente o variable constante,Sin identidad directa predeclarada; evaluar dependencia por arquitectura y protocolo,Asociación no identificable con la variación y disponibilidad observadas,Posensayo; unidad corroborada con tesis PDF pp.117/121 (docs/trazabilidad_datos.md); ausencia de energía no demuestra ausencia de evento/ciclo; Posensayo; unidad corroborada con tesis PDF pp.117/121 (docs/trazabilidad_datos.md); ausencia de energía no demuestra ausencia de evento/ciclo; LOO no es IC ni validación predictiva; no implica causalidad
Fracture_event_8,Fracture_event_11,1,,,,0.0,0.0,,,,,,,0,,,,,,0,No identificable: soporte insuficiente o variable constante,Sin identidad directa predeclarada; evaluar dependencia por arquitectura y protocolo,Asociación no identificable con la variación y disponibilidad observadas,Posensayo; unidad corroborada con tesis PDF pp.117/121 (docs/trazabilidad_datos.md); ausencia de energía no demuestra ausencia de evento/ciclo; Posensayo; unidad corroborada con tesis PDF pp.117/121 (docs/trazabilidad_datos.md); ausencia de energía no demuestra ausencia de evento/ciclo; LOO no es IC ni validación predictiva; no implica causalidad
Fracture_event_8,Fracture_event_12,1,,,,0.0,0.0,,,,,,,0,,,,,,0,No identificable: soporte insuficiente o variable constante,Sin identidad directa predeclarada; evaluar dependencia por arquitectura y protocolo,Asociación no identificable con la variación y disponibilidad observadas,Posensayo; unidad corroborada con tesis PDF pp.117/121 (docs/trazabilidad_datos.md); ausencia de energía no demuestra ausencia de evento/ciclo; Posensayo; unidad corroborada con tesis PDF pp.117/121 (docs/trazabilidad_datos.md); ausencia de energía no demuestra ausencia de evento/ciclo; LOO no es IC ni validación predictiva; no implica causalidad
Fracture_event_8,Fracture_event_13,1,,,,0.0,0.0,,,,,,,0,,,,,,0,No identificable: soporte insuficiente o variable constante,Sin identidad directa predeclarada; evaluar dependencia por arquitectura y protocolo,Asociación no identificable con la variación y disponibilidad observadas,Posensayo; unidad corroborada con tesis PDF pp.117/121 (docs/trazabilidad_datos.md); ausencia de energía no demuestra ausencia de evento/ciclo; Posensayo; unidad corroborada con tesis PDF pp.117/121 (docs/trazabilidad_datos.md); ausencia de energía no demuestra ausencia de evento/ciclo; LOO no es IC ni validación predictiva; no implica causalidad
Fracture_event_8,Load_ratio_first_over_ultimate,4,-0.7058190816577565,-0.7999999999999998,-0.6666666666666669,0.0,0.0,0.09418091834224329,-0.9668134979133061,-0.5805430227343575,0.26099441625554953,100.0,1.0,4,-0.9999999999999998,-0.4999999999999999,0.29999999999999993,100.0,1.0,4,"rango LOO rho [-1.000, -0.500]; cambio máximo 0.300",Sin identidad directa predeclarada; evaluar dependencia por arquitectura y protocolo,"Asociación negativa en rangos; diferencia r−rho=0.094; valorar junto con soporte, empates y sensibilidad",Posensayo; unidad corroborada con tesis PDF pp.117/121 (docs/trazabilidad_datos.md); ausencia de energía no demuestra ausencia de evento/ciclo; Cociente primera/rotura final; no factor de seguridad ni reserva de carga; LOO no es IC ni validación predictiva; no implica causalidad
Fracture_event_8,Load_per_specimen_volume,4,0.36507674256136236,0.0,0.0,0.0,0.0,0.36507674256136236,-0.3768468112722269,0.6042906755284652,0.7419235538335893,75.0,4.0,4,-0.4999999999999999,0.4999999999999999,0.4999999999999999,,1.0,4,"rango LOO rho [-0.500, 0.500]; cambio máximo 0.500",Sin identidad directa predeclarada; evaluar dependencia por arquitectura y protocolo,"Asociación nula en rangos; diferencia r−rho=0.365; valorar junto con soporte, empates y sensibilidad",Posensayo; unidad corroborada con tesis PDF pp.117/121 (docs/trazabilidad_datos.md); ausencia de energía no demuestra ausencia de evento/ciclo; Índice descriptivo de carga por volumen; no esfuerzo ni resistencia material; LOO no es IC ni validación predictiva; no implica causalidad
Fracture_event_8,Load_per_pivot,4,0.6296897791145678,0.19999999999999996,0.0,0.0,0.0,0.42968977911456785,-0.9569669370527636,0.9131358744388782,1.5866567161673313,75.0,4.0,4,-0.9999999999999998,0.4999999999999999,1.1999999999999997,75.0,4.0,4,"rango LOO rho [-1.000, 0.500]; cambio máximo 1.200",Sin identidad directa predeclarada; evaluar dependencia por arquitectura y protocolo,"Asociación positiva en rangos; diferencia r−rho=0.430; valorar junto con soporte, empates y sensibilidad",Posensayo; unidad corroborada con tesis PDF pp.117/121 (docs/trazabilidad_datos.md); ausencia de energía no demuestra ausencia de evento/ciclo; No presupone reparto uniforme de cargas entre pivotes; LOO no es IC ni validación predictiva; no implica causalidad
Fracture_event_8,Load_per_cell_Y,4,0.5400865592043808,0.3999999999999999,0.3333333333333334,0.0,0.0,0.14008655920438084,-0.6706592499836793,0.9972573399086265,1.21074580918806,75.0,4.0,4,-0.4999999999999999,0.9999999999999998,0.8999999999999998,75.0,4.0,4,"rango LOO rho [-0.500, 1.000]; cambio máximo 0.900",Sin identidad directa predeclarada; evaluar dependencia por arquitectura y protocolo,"Asociación positiva en rangos; diferencia r−rho=0.140; valorar junto con soporte, empates y sensibilidad",Posensayo; unidad corroborada con tesis PDF pp.117/121 (docs/trazabilidad_datos.md); ausencia de energía no demuestra ausencia de evento/ciclo; Normalización por conteo en Y; no fuerza medida en cada celda; LOO no es IC ni validación predictiva; no implica causalidad
Fracture_event_8,Fracture_observed_sum,4,0.4001299869402096,0.0,0.0,0.0,0.0,0.4001299869402096,-0.32167918237637516,0.6525142453286559,0.7218091693165848,75.0,4.0,4,-0.4999999999999999,0.4999999999999999,0.4999999999999999,,1.0,4,"rango LOO rho [-0.500, 0.500]; cambio máximo 0.500","Dependencia de construcción: evento, suma o fracción comparten energías registradas","Asociación nula en rangos; diferencia r−rho=0.400; valorar junto con soporte, empates y sensibilidad",Posensayo; unidad corroborada con tesis PDF pp.117/121 (docs/trazabilidad_datos.md); ausencia de energía no demuestra ausencia de evento/ciclo; Suma observada de longitud variable; no energía total del ensayo; LOO no es IC ni validación predictiva; no implica causalidad
Fracture_event_8,Fracture_registered_events,4,-0.39104777356068526,-0.31622776601683794,-0.18257418583505539,0.0,25.0,-0.07482000754384732,-0.9613160730525987,0.9959553108847679,1.387003084445453,75.0,7.0,4,-0.8660254037844387,0.8660254037844387,1.1822531698012766,75.0,7.0,4,"rango LOO rho [-0.866, 0.866]; cambio máximo 1.182",Sin identidad directa predeclarada; evaluar dependencia por arquitectura y protocolo,"Asociación negativa en rangos; diferencia r−rho=-0.075; valorar junto con soporte, empates y sensibilidad","Posensayo; unidad corroborada con tesis PDF pp.117/121 (docs/trazabilidad_datos.md); ausencia de energía no demuestra ausencia de evento/ciclo; Disponibilidad de registro, no conteo verificado de todas las fracturas; LOO no es IC ni validación predictiva; no implica causalidad"
Fracture_event_8,Fracture_initial_share,4,-0.49718709438676034,-0.3999999999999999,-0.3333333333333334,0.0,0.0,-0.09718709438676043,-0.788394207140502,0.3305447314822879,0.8277318258690483,75.0,4.0,4,-0.9999999999999998,0.4999999999999999,0.8999999999999998,75.0,4.0,4,"rango LOO rho [-1.000, 0.500]; cambio máximo 0.900","Dependencia de construcción: evento, suma o fracción comparten energías registradas","Asociación negativa en rangos; diferencia r−rho=-0.097; valorar junto con soporte, empates y sensibilidad",Posensayo; unidad corroborada con tesis PDF pp.117/121 (docs/trazabilidad_datos.md); ausencia de energía no demuestra ausencia de evento/ciclo; Comparte numerador y denominador con otras respuestas; sensible a cobertura de eventos; LOO no es IC ni validación predictiva; no implica causalidad
Fracture_event_8,Residual_fraction_cycle1,4,-0.2841848535902722,-0.19999999999999996,0.0,0.0,0.0,-0.08418485359027222,-0.6996732666774056,0.8097248121699838,1.093909665760256,75.0,4.0,4,-0.4999999999999999,0.9999999999999998,1.1999999999999997,75.0,4.0,4,"rango LOO rho [-0.500, 1.000]; cambio máximo 1.200",Sin identidad directa predeclarada; evaluar dependencia por arquitectura y protocolo,"Asociación negativa en rangos; diferencia r−rho=-0.084; valorar junto con soporte, empates y sensibilidad",Posensayo; unidad corroborada con tesis PDF pp.117/121 (docs/trazabilidad_datos.md); ausencia de energía no demuestra ausencia de evento/ciclo; Amplitud nominal del nombre de columna; no deformación unitaria; LOO no es IC ni validación predictiva; no implica causalidad
Fracture_event_8,Residual_fraction_cycle2,4,-0.09482641596694476,0.3999999999999999,0.3333333333333334,0.0,0.0,-0.49482641596694465,-0.6230298534813086,0.9207802524124916,1.0156066683794365,50.0,4.0,4,-0.4999999999999999,0.9999999999999998,0.8999999999999998,75.0,7.0,4,"rango LOO rho [-0.500, 1.000]; cambio máximo 0.900",Sin identidad directa predeclarada; evaluar dependencia por arquitectura y protocolo,"Asociación positiva en rangos; diferencia r−rho=-0.495; valorar junto con soporte, empates y sensibilidad",Posensayo; unidad corroborada con tesis PDF pp.117/121 (docs/trazabilidad_datos.md); ausencia de energía no demuestra ausencia de evento/ciclo; Amplitud nominal del nombre de columna; no deformación unitaria; LOO no es IC ni validación predictiva; no implica causalidad
Fracture_event_8,Residual_fraction_cycle3,4,-0.2793457548851036,0.3999999999999999,0.3333333333333334,0.0,0.0,-0.6793457548851035,-0.8420484776670655,0.9811819085009853,1.260527663386089,75.0,4.0,4,-0.4999999999999999,0.9999999999999998,0.8999999999999998,75.0,7.0,4,"rango LOO rho [-0.500, 1.000]; cambio máximo 0.900",Sin identidad directa predeclarada; evaluar dependencia por arquitectura y protocolo,"Asociación positiva en rangos; diferencia r−rho=-0.679; valorar junto con soporte, empates y sensibilidad",Posensayo; unidad corroborada con tesis PDF pp.117/121 (docs/trazabilidad_datos.md); ausencia de energía no demuestra ausencia de evento/ciclo; Amplitud nominal del nombre de columna; no deformación unitaria; LOO no es IC ni validación predictiva; no implica causalidad
Fracture_event_8,Residual_fraction_cycle4,4,-0.16233383506226123,0.3999999999999999,0.3333333333333334,0.0,0.0,-0.5623338350622611,-0.9518858341161888,0.9944078070285775,1.1567416420908387,75.0,4.0,4,-0.4999999999999999,0.9999999999999998,0.8999999999999998,75.0,7.0,4,"rango LOO rho [-0.500, 1.000]; cambio máximo 0.900",Sin identidad directa predeclarada; evaluar dependencia por arquitectura y protocolo,"Asociación positiva en rangos; diferencia r−rho=-0.562; valorar junto con soporte, empates y sensibilidad",Posensayo; unidad corroborada con tesis PDF pp.117/121 (docs/trazabilidad_datos.md); ausencia de energía no demuestra ausencia de evento/ciclo; Amplitud nominal del nombre de columna; no deformación unitaria; LOO no es IC ni validación predictiva; no implica causalidad
Fracture_event_8,Residual_fraction_cycle5,4,-0.43828438581363355,-0.3999999999999999,-0.3333333333333334,0.0,0.0,-0.03828438581363364,-0.9937341546314968,0.8731113465157575,1.311395732329391,75.0,4.0,4,-0.9999999999999998,0.4999999999999999,0.8999999999999998,75.0,4.0,4,"rango LOO rho [-1.000, 0.500]; cambio máximo 0.900",Sin identidad directa predeclarada; evaluar dependencia por arquitectura y protocolo,"Asociación negativa en rangos; diferencia r−rho=-0.038; valorar junto con soporte, empates y sensibilidad",Posensayo; unidad corroborada con tesis PDF pp.117/121 (docs/trazabilidad_datos.md); ausencia de energía no demuestra ausencia de evento/ciclo; Amplitud nominal del nombre de columna; no deformación unitaria; LOO no es IC ni validación predictiva; no implica causalidad
Fracture_event_8,Residual_fraction_cycle6,1,,,,0.0,0.0,,,,,,,0,,,,,,0,No identificable: soporte insuficiente o variable constante,Sin identidad directa predeclarada; evaluar dependencia por arquitectura y protocolo,Asociación no identificable con la variación y disponibilidad observadas,Posensayo; unidad corroborada con tesis PDF pp.117/121 (docs/trazabilidad_datos.md); ausencia de energía no demuestra ausencia de evento/ciclo; Amplitud nominal del nombre de columna; no deformación unitaria; LOO no es IC ni validación predictiva; no implica causalidad
Fracture_event_8,Recovery_complement_cycle6,1,,,,0.0,0.0,,,,,,,0,,,,,,0,No identificable: soporte insuficiente o variable constante,Sin identidad directa predeclarada; evaluar dependencia por arquitectura y protocolo,Asociación no identificable con la variación y disponibilidad observadas,Posensayo; unidad corroborada con tesis PDF pp.117/121 (docs/trazabilidad_datos.md); ausencia de energía no demuestra ausencia de evento/ciclo; Proxy complemento nominal; requiere protocolo para interpretar recuperación elástica; LOO no es IC ni validación predictiva; no implica causalidad
Fracture_event_9,Fracture_event_10,1,,,,0.0,0.0,,,,,,,0,,,,,,0,No identificable: soporte insuficiente o variable constante,Sin identidad directa predeclarada; evaluar dependencia por arquitectura y protocolo,Asociación no identificable con la variación y disponibilidad observadas,Posensayo; unidad corroborada con tesis PDF pp.117/121 (docs/trazabilidad_datos.md); ausencia de energía no demuestra ausencia de evento/ciclo; Posensayo; unidad corroborada con tesis PDF pp.117/121 (docs/trazabilidad_datos.md); ausencia de energía no demuestra ausencia de evento/ciclo; LOO no es IC ni validación predictiva; no implica causalidad
Fracture_event_9,Fracture_event_11,1,,,,0.0,0.0,,,,,,,0,,,,,,0,No identificable: soporte insuficiente o variable constante,Sin identidad directa predeclarada; evaluar dependencia por arquitectura y protocolo,Asociación no identificable con la variación y disponibilidad observadas,Posensayo; unidad corroborada con tesis PDF pp.117/121 (docs/trazabilidad_datos.md); ausencia de energía no demuestra ausencia de evento/ciclo; Posensayo; unidad corroborada con tesis PDF pp.117/121 (docs/trazabilidad_datos.md); ausencia de energía no demuestra ausencia de evento/ciclo; LOO no es IC ni validación predictiva; no implica causalidad
Fracture_event_9,Fracture_event_12,1,,,,0.0,0.0,,,,,,,0,,,,,,0,No identificable: soporte insuficiente o variable constante,Sin identidad directa predeclarada; evaluar dependencia por arquitectura y protocolo,Asociación no identificable con la variación y disponibilidad observadas,Posensayo; unidad corroborada con tesis PDF pp.117/121 (docs/trazabilidad_datos.md); ausencia de energía no demuestra ausencia de evento/ciclo; Posensayo; unidad corroborada con tesis PDF pp.117/121 (docs/trazabilidad_datos.md); ausencia de energía no demuestra ausencia de evento/ciclo; LOO no es IC ni validación predictiva; no implica causalidad
Fracture_event_9,Fracture_event_13,1,,,,0.0,0.0,,,,,,,0,,,,,,0,No identificable: soporte insuficiente o variable constante,Sin identidad directa predeclarada; evaluar dependencia por arquitectura y protocolo,Asociación no identificable con la variación y disponibilidad observadas,Posensayo; unidad corroborada con tesis PDF pp.117/121 (docs/trazabilidad_datos.md); ausencia de energía no demuestra ausencia de evento/ciclo; Posensayo; unidad corroborada con tesis PDF pp.117/121 (docs/trazabilidad_datos.md); ausencia de energía no demuestra ausencia de evento/ciclo; LOO no es IC ni validación predictiva; no implica causalidad
Fracture_event_9,Load_ratio_first_over_ultimate,2,,,,0.0,0.0,,,,,,,0,,,,,,0,No identificable: soporte insuficiente o variable constante,Sin identidad directa predeclarada; evaluar dependencia por arquitectura y protocolo,Asociación no identificable con la variación y disponibilidad observadas,Posensayo; unidad corroborada con tesis PDF pp.117/121 (docs/trazabilidad_datos.md); ausencia de energía no demuestra ausencia de evento/ciclo; Cociente primera/rotura final; no factor de seguridad ni reserva de carga; LOO no es IC ni validación predictiva; no implica causalidad
Fracture_event_9,Load_per_specimen_volume,2,,,,0.0,0.0,,,,,,,0,,,,,,0,No identificable: soporte insuficiente o variable constante,Sin identidad directa predeclarada; evaluar dependencia por arquitectura y protocolo,Asociación no identificable con la variación y disponibilidad observadas,Posensayo; unidad corroborada con tesis PDF pp.117/121 (docs/trazabilidad_datos.md); ausencia de energía no demuestra ausencia de evento/ciclo; Índice descriptivo de carga por volumen; no esfuerzo ni resistencia material; LOO no es IC ni validación predictiva; no implica causalidad
Fracture_event_9,Load_per_pivot,2,,,,0.0,0.0,,,,,,,0,,,,,,0,No identificable: soporte insuficiente o variable constante,Sin identidad directa predeclarada; evaluar dependencia por arquitectura y protocolo,Asociación no identificable con la variación y disponibilidad observadas,Posensayo; unidad corroborada con tesis PDF pp.117/121 (docs/trazabilidad_datos.md); ausencia de energía no demuestra ausencia de evento/ciclo; No presupone reparto uniforme de cargas entre pivotes; LOO no es IC ni validación predictiva; no implica causalidad
Fracture_event_9,Load_per_cell_Y,2,,,,0.0,0.0,,,,,,,0,,,,,,0,No identificable: soporte insuficiente o variable constante,Sin identidad directa predeclarada; evaluar dependencia por arquitectura y protocolo,Asociación no identificable con la variación y disponibilidad observadas,Posensayo; unidad corroborada con tesis PDF pp.117/121 (docs/trazabilidad_datos.md); ausencia de energía no demuestra ausencia de evento/ciclo; Normalización por conteo en Y; no fuerza medida en cada celda; LOO no es IC ni validación predictiva; no implica causalidad
Fracture_event_9,Fracture_observed_sum,2,,,,0.0,0.0,,,,,,,0,,,,,,0,No identificable: soporte insuficiente o variable constante,"Dependencia de construcción: evento, suma o fracción comparten energías registradas",Asociación no identificable con la variación y disponibilidad observadas,Posensayo; unidad corroborada con tesis PDF pp.117/121 (docs/trazabilidad_datos.md); ausencia de energía no demuestra ausencia de evento/ciclo; Suma observada de longitud variable; no energía total del ensayo; LOO no es IC ni validación predictiva; no implica causalidad
Fracture_event_9,Fracture_registered_events,2,,,,0.0,0.0,,,,,,,0,,,,,,0,No identificable: soporte insuficiente o variable constante,Sin identidad directa predeclarada; evaluar dependencia por arquitectura y protocolo,Asociación no identificable con la variación y disponibilidad observadas,"Posensayo; unidad corroborada con tesis PDF pp.117/121 (docs/trazabilidad_datos.md); ausencia de energía no demuestra ausencia de evento/ciclo; Disponibilidad de registro, no conteo verificado de todas las fracturas; LOO no es IC ni validación predictiva; no implica causalidad"
Fracture_event_9,Fracture_initial_share,2,,,,0.0,0.0,,,,,,,0,,,,,,0,No identificable: soporte insuficiente o variable constante,"Dependencia de construcción: evento, suma o fracción comparten energías registradas",Asociación no identificable con la variación y disponibilidad observadas,Posensayo; unidad corroborada con tesis PDF pp.117/121 (docs/trazabilidad_datos.md); ausencia de energía no demuestra ausencia de evento/ciclo; Comparte numerador y denominador con otras respuestas; sensible a cobertura de eventos; LOO no es IC ni validación predictiva; no implica causalidad
Fracture_event_9,Residual_fraction_cycle1,2,,,,0.0,0.0,,,,,,,0,,,,,,0,No identificable: soporte insuficiente o variable constante,Sin identidad directa predeclarada; evaluar dependencia por arquitectura y protocolo,Asociación no identificable con la variación y disponibilidad observadas,Posensayo; unidad corroborada con tesis PDF pp.117/121 (docs/trazabilidad_datos.md); ausencia de energía no demuestra ausencia de evento/ciclo; Amplitud nominal del nombre de columna; no deformación unitaria; LOO no es IC ni validación predictiva; no implica causalidad
Fracture_event_9,Residual_fraction_cycle2,2,,,,0.0,0.0,,,,,,,0,,,,,,0,No identificable: soporte insuficiente o variable constante,Sin identidad directa predeclarada; evaluar dependencia por arquitectura y protocolo,Asociación no identificable con la variación y disponibilidad observadas,Posensayo; unidad corroborada con tesis PDF pp.117/121 (docs/trazabilidad_datos.md); ausencia de energía no demuestra ausencia de evento/ciclo; Amplitud nominal del nombre de columna; no deformación unitaria; LOO no es IC ni validación predictiva; no implica causalidad
Fracture_event_9,Residual_fraction_cycle3,2,,,,0.0,0.0,,,,,,,0,,,,,,0,No identificable: soporte insuficiente o variable constante,Sin identidad directa predeclarada; evaluar dependencia por arquitectura y protocolo,Asociación no identificable con la variación y disponibilidad observadas,Posensayo; unidad corroborada con tesis PDF pp.117/121 (docs/trazabilidad_datos.md); ausencia de energía no demuestra ausencia de evento/ciclo; Amplitud nominal del nombre de columna; no deformación unitaria; LOO no es IC ni validación predictiva; no implica causalidad
Fracture_event_9,Residual_fraction_cycle4,2,,,,0.0,0.0,,,,,,,0,,,,,,0,No identificable: soporte insuficiente o variable constante,Sin identidad directa predeclarada; evaluar dependencia por arquitectura y protocolo,Asociación no identificable con la variación y disponibilidad observadas,Posensayo; unidad corroborada con tesis PDF pp.117/121 (docs/trazabilidad_datos.md); ausencia de energía no demuestra ausencia de evento/ciclo; Amplitud nominal del nombre de columna; no deformación unitaria; LOO no es IC ni validación predictiva; no implica causalidad
Fracture_event_9,Residual_fraction_cycle5,2,,,,0.0,0.0,,,,,,,0,,,,,,0,No identificable: soporte insuficiente o variable constante,Sin identidad directa predeclarada; evaluar dependencia por arquitectura y protocolo,Asociación no identificable con la variación y disponibilidad observadas,Posensayo; unidad corroborada con tesis PDF pp.117/121 (docs/trazabilidad_datos.md); ausencia de energía no demuestra ausencia de evento/ciclo; Amplitud nominal del nombre de columna; no deformación unitaria; LOO no es IC ni validación predictiva; no implica causalidad
Fracture_event_9,Residual_fraction_cycle6,1,,,,0.0,0.0,,,,,,,0,,,,,,0,No identificable: soporte insuficiente o variable constante,Sin identidad directa predeclarada; evaluar dependencia por arquitectura y protocolo,Asociación no identificable con la variación y disponibilidad observadas,Posensayo; unidad corroborada con tesis PDF pp.117/121 (docs/trazabilidad_datos.md); ausencia de energía no demuestra ausencia de evento/ciclo; Amplitud nominal del nombre de columna; no deformación unitaria; LOO no es IC ni validación predictiva; no implica causalidad
Fracture_event_9,Recovery_complement_cycle6,1,,,,0.0,0.0,,,,,,,0,,,,,,0,No identificable: soporte insuficiente o variable constante,Sin identidad directa predeclarada; evaluar dependencia por arquitectura y protocolo,Asociación no identificable con la variación y disponibilidad observadas,Posensayo; unidad corroborada con tesis PDF pp.117/121 (docs/trazabilidad_datos.md); ausencia de energía no demuestra ausencia de evento/ciclo; Proxy complemento nominal; requiere protocolo para interpretar recuperación elástica; LOO no es IC ni validación predictiva; no implica causalidad
Fracture_event_10,Fracture_event_11,1,,,,0.0,0.0,,,,,,,0,,,,,,0,No identificable: soporte insuficiente o variable constante,Sin identidad directa predeclarada; evaluar dependencia por arquitectura y protocolo,Asociación no identificable con la variación y disponibilidad observadas,Posensayo; unidad corroborada con tesis PDF pp.117/121 (docs/trazabilidad_datos.md); ausencia de energía no demuestra ausencia de evento/ciclo; Posensayo; unidad corroborada con tesis PDF pp.117/121 (docs/trazabilidad_datos.md); ausencia de energía no demuestra ausencia de evento/ciclo; LOO no es IC ni validación predictiva; no implica causalidad
Fracture_event_10,Fracture_event_12,1,,,,0.0,0.0,,,,,,,0,,,,,,0,No identificable: soporte insuficiente o variable constante,Sin identidad directa predeclarada; evaluar dependencia por arquitectura y protocolo,Asociación no identificable con la variación y disponibilidad observadas,Posensayo; unidad corroborada con tesis PDF pp.117/121 (docs/trazabilidad_datos.md); ausencia de energía no demuestra ausencia de evento/ciclo; Posensayo; unidad corroborada con tesis PDF pp.117/121 (docs/trazabilidad_datos.md); ausencia de energía no demuestra ausencia de evento/ciclo; LOO no es IC ni validación predictiva; no implica causalidad
Fracture_event_10,Fracture_event_13,1,,,,0.0,0.0,,,,,,,0,,,,,,0,No identificable: soporte insuficiente o variable constante,Sin identidad directa predeclarada; evaluar dependencia por arquitectura y protocolo,Asociación no identificable con la variación y disponibilidad observadas,Posensayo; unidad corroborada con tesis PDF pp.117/121 (docs/trazabilidad_datos.md); ausencia de energía no demuestra ausencia de evento/ciclo; Posensayo; unidad corroborada con tesis PDF pp.117/121 (docs/trazabilidad_datos.md); ausencia de energía no demuestra ausencia de evento/ciclo; LOO no es IC ni validación predictiva; no implica causalidad
Fracture_event_10,Load_ratio_first_over_ultimate,1,,,,0.0,0.0,,,,,,,0,,,,,,0,No identificable: soporte insuficiente o variable constante,Sin identidad directa predeclarada; evaluar dependencia por arquitectura y protocolo,Asociación no identificable con la variación y disponibilidad observadas,Posensayo; unidad corroborada con tesis PDF pp.117/121 (docs/trazabilidad_datos.md); ausencia de energía no demuestra ausencia de evento/ciclo; Cociente primera/rotura final; no factor de seguridad ni reserva de carga; LOO no es IC ni validación predictiva; no implica causalidad
Fracture_event_10,Load_per_specimen_volume,1,,,,0.0,0.0,,,,,,,0,,,,,,0,No identificable: soporte insuficiente o variable constante,Sin identidad directa predeclarada; evaluar dependencia por arquitectura y protocolo,Asociación no identificable con la variación y disponibilidad observadas,Posensayo; unidad corroborada con tesis PDF pp.117/121 (docs/trazabilidad_datos.md); ausencia de energía no demuestra ausencia de evento/ciclo; Índice descriptivo de carga por volumen; no esfuerzo ni resistencia material; LOO no es IC ni validación predictiva; no implica causalidad
Fracture_event_10,Load_per_pivot,1,,,,0.0,0.0,,,,,,,0,,,,,,0,No identificable: soporte insuficiente o variable constante,Sin identidad directa predeclarada; evaluar dependencia por arquitectura y protocolo,Asociación no identificable con la variación y disponibilidad observadas,Posensayo; unidad corroborada con tesis PDF pp.117/121 (docs/trazabilidad_datos.md); ausencia de energía no demuestra ausencia de evento/ciclo; No presupone reparto uniforme de cargas entre pivotes; LOO no es IC ni validación predictiva; no implica causalidad
Fracture_event_10,Load_per_cell_Y,1,,,,0.0,0.0,,,,,,,0,,,,,,0,No identificable: soporte insuficiente o variable constante,Sin identidad directa predeclarada; evaluar dependencia por arquitectura y protocolo,Asociación no identificable con la variación y disponibilidad observadas,Posensayo; unidad corroborada con tesis PDF pp.117/121 (docs/trazabilidad_datos.md); ausencia de energía no demuestra ausencia de evento/ciclo; Normalización por conteo en Y; no fuerza medida en cada celda; LOO no es IC ni validación predictiva; no implica causalidad
Fracture_event_10,Fracture_observed_sum,1,,,,0.0,0.0,,,,,,,0,,,,,,0,No identificable: soporte insuficiente o variable constante,"Dependencia de construcción: evento, suma o fracción comparten energías registradas",Asociación no identificable con la variación y disponibilidad observadas,Posensayo; unidad corroborada con tesis PDF pp.117/121 (docs/trazabilidad_datos.md); ausencia de energía no demuestra ausencia de evento/ciclo; Suma observada de longitud variable; no energía total del ensayo; LOO no es IC ni validación predictiva; no implica causalidad
Fracture_event_10,Fracture_registered_events,1,,,,0.0,0.0,,,,,,,0,,,,,,0,No identificable: soporte insuficiente o variable constante,Sin identidad directa predeclarada; evaluar dependencia por arquitectura y protocolo,Asociación no identificable con la variación y disponibilidad observadas,"Posensayo; unidad corroborada con tesis PDF pp.117/121 (docs/trazabilidad_datos.md); ausencia de energía no demuestra ausencia de evento/ciclo; Disponibilidad de registro, no conteo verificado de todas las fracturas; LOO no es IC ni validación predictiva; no implica causalidad"
Fracture_event_10,Fracture_initial_share,1,,,,0.0,0.0,,,,,,,0,,,,,,0,No identificable: soporte insuficiente o variable constante,"Dependencia de construcción: evento, suma o fracción comparten energías registradas",Asociación no identificable con la variación y disponibilidad observadas,Posensayo; unidad corroborada con tesis PDF pp.117/121 (docs/trazabilidad_datos.md); ausencia de energía no demuestra ausencia de evento/ciclo; Comparte numerador y denominador con otras respuestas; sensible a cobertura de eventos; LOO no es IC ni validación predictiva; no implica causalidad
Fracture_event_10,Residual_fraction_cycle1,1,,,,0.0,0.0,,,,,,,0,,,,,,0,No identificable: soporte insuficiente o variable constante,Sin identidad directa predeclarada; evaluar dependencia por arquitectura y protocolo,Asociación no identificable con la variación y disponibilidad observadas,Posensayo; unidad corroborada con tesis PDF pp.117/121 (docs/trazabilidad_datos.md); ausencia de energía no demuestra ausencia de evento/ciclo; Amplitud nominal del nombre de columna; no deformación unitaria; LOO no es IC ni validación predictiva; no implica causalidad
Fracture_event_10,Residual_fraction_cycle2,1,,,,0.0,0.0,,,,,,,0,,,,,,0,No identificable: soporte insuficiente o variable constante,Sin identidad directa predeclarada; evaluar dependencia por arquitectura y protocolo,Asociación no identificable con la variación y disponibilidad observadas,Posensayo; unidad corroborada con tesis PDF pp.117/121 (docs/trazabilidad_datos.md); ausencia de energía no demuestra ausencia de evento/ciclo; Amplitud nominal del nombre de columna; no deformación unitaria; LOO no es IC ni validación predictiva; no implica causalidad
Fracture_event_10,Residual_fraction_cycle3,1,,,,0.0,0.0,,,,,,,0,,,,,,0,No identificable: soporte insuficiente o variable constante,Sin identidad directa predeclarada; evaluar dependencia por arquitectura y protocolo,Asociación no identificable con la variación y disponibilidad observadas,Posensayo; unidad corroborada con tesis PDF pp.117/121 (docs/trazabilidad_datos.md); ausencia de energía no demuestra ausencia de evento/ciclo; Amplitud nominal del nombre de columna; no deformación unitaria; LOO no es IC ni validación predictiva; no implica causalidad
Fracture_event_10,Residual_fraction_cycle4,1,,,,0.0,0.0,,,,,,,0,,,,,,0,No identificable: soporte insuficiente o variable constante,Sin identidad directa predeclarada; evaluar dependencia por arquitectura y protocolo,Asociación no identificable con la variación y disponibilidad observadas,Posensayo; unidad corroborada con tesis PDF pp.117/121 (docs/trazabilidad_datos.md); ausencia de energía no demuestra ausencia de evento/ciclo; Amplitud nominal del nombre de columna; no deformación unitaria; LOO no es IC ni validación predictiva; no implica causalidad
Fracture_event_10,Residual_fraction_cycle5,1,,,,0.0,0.0,,,,,,,0,,,,,,0,No identificable: soporte insuficiente o variable constante,Sin identidad directa predeclarada; evaluar dependencia por arquitectura y protocolo,Asociación no identificable con la variación y disponibilidad observadas,Posensayo; unidad corroborada con tesis PDF pp.117/121 (docs/trazabilidad_datos.md); ausencia de energía no demuestra ausencia de evento/ciclo; Amplitud nominal del nombre de columna; no deformación unitaria; LOO no es IC ni validación predictiva; no implica causalidad
Fracture_event_10,Residual_fraction_cycle6,0,,,,,,,,,,,,0,,,,,,0,No identificable: soporte insuficiente o variable constante,Sin identidad directa predeclarada; evaluar dependencia por arquitectura y protocolo,Asociación no identificable con la variación y disponibilidad observadas,Posensayo; unidad corroborada con tesis PDF pp.117/121 (docs/trazabilidad_datos.md); ausencia de energía no demuestra ausencia de evento/ciclo; Amplitud nominal del nombre de columna; no deformación unitaria; LOO no es IC ni validación predictiva; no implica causalidad
Fracture_event_10,Recovery_complement_cycle6,0,,,,,,,,,,,,0,,,,,,0,No identificable: soporte insuficiente o variable constante,Sin identidad directa predeclarada; evaluar dependencia por arquitectura y protocolo,Asociación no identificable con la variación y disponibilidad observadas,Posensayo; unidad corroborada con tesis PDF pp.117/121 (docs/trazabilidad_datos.md); ausencia de energía no demuestra ausencia de evento/ciclo; Proxy complemento nominal; requiere protocolo para interpretar recuperación elástica; LOO no es IC ni validación predictiva; no implica causalidad
Fracture_event_11,Fracture_event_12,1,,,,0.0,0.0,,,,,,,0,,,,,,0,No identificable: soporte insuficiente o variable constante,Sin identidad directa predeclarada; evaluar dependencia por arquitectura y protocolo,Asociación no identificable con la variación y disponibilidad observadas,Posensayo; unidad corroborada con tesis PDF pp.117/121 (docs/trazabilidad_datos.md); ausencia de energía no demuestra ausencia de evento/ciclo; Posensayo; unidad corroborada con tesis PDF pp.117/121 (docs/trazabilidad_datos.md); ausencia de energía no demuestra ausencia de evento/ciclo; LOO no es IC ni validación predictiva; no implica causalidad
Fracture_event_11,Fracture_event_13,1,,,,0.0,0.0,,,,,,,0,,,,,,0,No identificable: soporte insuficiente o variable constante,Sin identidad directa predeclarada; evaluar dependencia por arquitectura y protocolo,Asociación no identificable con la variación y disponibilidad observadas,Posensayo; unidad corroborada con tesis PDF pp.117/121 (docs/trazabilidad_datos.md); ausencia de energía no demuestra ausencia de evento/ciclo; Posensayo; unidad corroborada con tesis PDF pp.117/121 (docs/trazabilidad_datos.md); ausencia de energía no demuestra ausencia de evento/ciclo; LOO no es IC ni validación predictiva; no implica causalidad
Fracture_event_11,Load_ratio_first_over_ultimate,1,,,,0.0,0.0,,,,,,,0,,,,,,0,No identificable: soporte insuficiente o variable constante,Sin identidad directa predeclarada; evaluar dependencia por arquitectura y protocolo,Asociación no identificable con la variación y disponibilidad observadas,Posensayo; unidad corroborada con tesis PDF pp.117/121 (docs/trazabilidad_datos.md); ausencia de energía no demuestra ausencia de evento/ciclo; Cociente primera/rotura final; no factor de seguridad ni reserva de carga; LOO no es IC ni validación predictiva; no implica causalidad
Fracture_event_11,Load_per_specimen_volume,1,,,,0.0,0.0,,,,,,,0,,,,,,0,No identificable: soporte insuficiente o variable constante,Sin identidad directa predeclarada; evaluar dependencia por arquitectura y protocolo,Asociación no identificable con la variación y disponibilidad observadas,Posensayo; unidad corroborada con tesis PDF pp.117/121 (docs/trazabilidad_datos.md); ausencia de energía no demuestra ausencia de evento/ciclo; Índice descriptivo de carga por volumen; no esfuerzo ni resistencia material; LOO no es IC ni validación predictiva; no implica causalidad
Fracture_event_11,Load_per_pivot,1,,,,0.0,0.0,,,,,,,0,,,,,,0,No identificable: soporte insuficiente o variable constante,Sin identidad directa predeclarada; evaluar dependencia por arquitectura y protocolo,Asociación no identificable con la variación y disponibilidad observadas,Posensayo; unidad corroborada con tesis PDF pp.117/121 (docs/trazabilidad_datos.md); ausencia de energía no demuestra ausencia de evento/ciclo; No presupone reparto uniforme de cargas entre pivotes; LOO no es IC ni validación predictiva; no implica causalidad
Fracture_event_11,Load_per_cell_Y,1,,,,0.0,0.0,,,,,,,0,,,,,,0,No identificable: soporte insuficiente o variable constante,Sin identidad directa predeclarada; evaluar dependencia por arquitectura y protocolo,Asociación no identificable con la variación y disponibilidad observadas,Posensayo; unidad corroborada con tesis PDF pp.117/121 (docs/trazabilidad_datos.md); ausencia de energía no demuestra ausencia de evento/ciclo; Normalización por conteo en Y; no fuerza medida en cada celda; LOO no es IC ni validación predictiva; no implica causalidad
Fracture_event_11,Fracture_observed_sum,1,,,,0.0,0.0,,,,,,,0,,,,,,0,No identificable: soporte insuficiente o variable constante,"Dependencia de construcción: evento, suma o fracción comparten energías registradas",Asociación no identificable con la variación y disponibilidad observadas,Posensayo; unidad corroborada con tesis PDF pp.117/121 (docs/trazabilidad_datos.md); ausencia de energía no demuestra ausencia de evento/ciclo; Suma observada de longitud variable; no energía total del ensayo; LOO no es IC ni validación predictiva; no implica causalidad
Fracture_event_11,Fracture_registered_events,1,,,,0.0,0.0,,,,,,,0,,,,,,0,No identificable: soporte insuficiente o variable constante,Sin identidad directa predeclarada; evaluar dependencia por arquitectura y protocolo,Asociación no identificable con la variación y disponibilidad observadas,"Posensayo; unidad corroborada con tesis PDF pp.117/121 (docs/trazabilidad_datos.md); ausencia de energía no demuestra ausencia de evento/ciclo; Disponibilidad de registro, no conteo verificado de todas las fracturas; LOO no es IC ni validación predictiva; no implica causalidad"
Fracture_event_11,Fracture_initial_share,1,,,,0.0,0.0,,,,,,,0,,,,,,0,No identificable: soporte insuficiente o variable constante,"Dependencia de construcción: evento, suma o fracción comparten energías registradas",Asociación no identificable con la variación y disponibilidad observadas,Posensayo; unidad corroborada con tesis PDF pp.117/121 (docs/trazabilidad_datos.md); ausencia de energía no demuestra ausencia de evento/ciclo; Comparte numerador y denominador con otras respuestas; sensible a cobertura de eventos; LOO no es IC ni validación predictiva; no implica causalidad
Fracture_event_11,Residual_fraction_cycle1,1,,,,0.0,0.0,,,,,,,0,,,,,,0,No identificable: soporte insuficiente o variable constante,Sin identidad directa predeclarada; evaluar dependencia por arquitectura y protocolo,Asociación no identificable con la variación y disponibilidad observadas,Posensayo; unidad corroborada con tesis PDF pp.117/121 (docs/trazabilidad_datos.md); ausencia de energía no demuestra ausencia de evento/ciclo; Amplitud nominal del nombre de columna; no deformación unitaria; LOO no es IC ni validación predictiva; no implica causalidad
Fracture_event_11,Residual_fraction_cycle2,1,,,,0.0,0.0,,,,,,,0,,,,,,0,No identificable: soporte insuficiente o variable constante,Sin identidad directa predeclarada; evaluar dependencia por arquitectura y protocolo,Asociación no identificable con la variación y disponibilidad observadas,Posensayo; unidad corroborada con tesis PDF pp.117/121 (docs/trazabilidad_datos.md); ausencia de energía no demuestra ausencia de evento/ciclo; Amplitud nominal del nombre de columna; no deformación unitaria; LOO no es IC ni validación predictiva; no implica causalidad
Fracture_event_11,Residual_fraction_cycle3,1,,,,0.0,0.0,,,,,,,0,,,,,,0,No identificable: soporte insuficiente o variable constante,Sin identidad directa predeclarada; evaluar dependencia por arquitectura y protocolo,Asociación no identificable con la variación y disponibilidad observadas,Posensayo; unidad corroborada con tesis PDF pp.117/121 (docs/trazabilidad_datos.md); ausencia de energía no demuestra ausencia de evento/ciclo; Amplitud nominal del nombre de columna; no deformación unitaria; LOO no es IC ni validación predictiva; no implica causalidad
Fracture_event_11,Residual_fraction_cycle4,1,,,,0.0,0.0,,,,,,,0,,,,,,0,No identificable: soporte insuficiente o variable constante,Sin identidad directa predeclarada; evaluar dependencia por arquitectura y protocolo,Asociación no identificable con la variación y disponibilidad observadas,Posensayo; unidad corroborada con tesis PDF pp.117/121 (docs/trazabilidad_datos.md); ausencia de energía no demuestra ausencia de evento/ciclo; Amplitud nominal del nombre de columna; no deformación unitaria; LOO no es IC ni validación predictiva; no implica causalidad
Fracture_event_11,Residual_fraction_cycle5,1,,,,0.0,0.0,,,,,,,0,,,,,,0,No identificable: soporte insuficiente o variable constante,Sin identidad directa predeclarada; evaluar dependencia por arquitectura y protocolo,Asociación no identificable con la variación y disponibilidad observadas,Posensayo; unidad corroborada con tesis PDF pp.117/121 (docs/trazabilidad_datos.md); ausencia de energía no demuestra ausencia de evento/ciclo; Amplitud nominal del nombre de columna; no deformación unitaria; LOO no es IC ni validación predictiva; no implica causalidad
Fracture_event_11,Residual_fraction_cycle6,0,,,,,,,,,,,,0,,,,,,0,No identificable: soporte insuficiente o variable constante,Sin identidad directa predeclarada; evaluar dependencia por arquitectura y protocolo,Asociación no identificable con la variación y disponibilidad observadas,Posensayo; unidad corroborada con tesis PDF pp.117/121 (docs/trazabilidad_datos.md); ausencia de energía no demuestra ausencia de evento/ciclo; Amplitud nominal del nombre de columna; no deformación unitaria; LOO no es IC ni validación predictiva; no implica causalidad
Fracture_event_11,Recovery_complement_cycle6,0,,,,,,,,,,,,0,,,,,,0,No identificable: soporte insuficiente o variable constante,Sin identidad directa predeclarada; evaluar dependencia por arquitectura y protocolo,Asociación no identificable con la variación y disponibilidad observadas,Posensayo; unidad corroborada con tesis PDF pp.117/121 (docs/trazabilidad_datos.md); ausencia de energía no demuestra ausencia de evento/ciclo; Proxy complemento nominal; requiere protocolo para interpretar recuperación elástica; LOO no es IC ni validación predictiva; no implica causalidad
Fracture_event_12,Fracture_event_13,1,,,,0.0,0.0,,,,,,,0,,,,,,0,No identificable: soporte insuficiente o variable constante,Sin identidad directa predeclarada; evaluar dependencia por arquitectura y protocolo,Asociación no identificable con la variación y disponibilidad observadas,Posensayo; unidad corroborada con tesis PDF pp.117/121 (docs/trazabilidad_datos.md); ausencia de energía no demuestra ausencia de evento/ciclo; Posensayo; unidad corroborada con tesis PDF pp.117/121 (docs/trazabilidad_datos.md); ausencia de energía no demuestra ausencia de evento/ciclo; LOO no es IC ni validación predictiva; no implica causalidad
Fracture_event_12,Load_ratio_first_over_ultimate,1,,,,0.0,0.0,,,,,,,0,,,,,,0,No identificable: soporte insuficiente o variable constante,Sin identidad directa predeclarada; evaluar dependencia por arquitectura y protocolo,Asociación no identificable con la variación y disponibilidad observadas,Posensayo; unidad corroborada con tesis PDF pp.117/121 (docs/trazabilidad_datos.md); ausencia de energía no demuestra ausencia de evento/ciclo; Cociente primera/rotura final; no factor de seguridad ni reserva de carga; LOO no es IC ni validación predictiva; no implica causalidad
Fracture_event_12,Load_per_specimen_volume,1,,,,0.0,0.0,,,,,,,0,,,,,,0,No identificable: soporte insuficiente o variable constante,Sin identidad directa predeclarada; evaluar dependencia por arquitectura y protocolo,Asociación no identificable con la variación y disponibilidad observadas,Posensayo; unidad corroborada con tesis PDF pp.117/121 (docs/trazabilidad_datos.md); ausencia de energía no demuestra ausencia de evento/ciclo; Índice descriptivo de carga por volumen; no esfuerzo ni resistencia material; LOO no es IC ni validación predictiva; no implica causalidad
Fracture_event_12,Load_per_pivot,1,,,,0.0,0.0,,,,,,,0,,,,,,0,No identificable: soporte insuficiente o variable constante,Sin identidad directa predeclarada; evaluar dependencia por arquitectura y protocolo,Asociación no identificable con la variación y disponibilidad observadas,Posensayo; unidad corroborada con tesis PDF pp.117/121 (docs/trazabilidad_datos.md); ausencia de energía no demuestra ausencia de evento/ciclo; No presupone reparto uniforme de cargas entre pivotes; LOO no es IC ni validación predictiva; no implica causalidad
Fracture_event_12,Load_per_cell_Y,1,,,,0.0,0.0,,,,,,,0,,,,,,0,No identificable: soporte insuficiente o variable constante,Sin identidad directa predeclarada; evaluar dependencia por arquitectura y protocolo,Asociación no identificable con la variación y disponibilidad observadas,Posensayo; unidad corroborada con tesis PDF pp.117/121 (docs/trazabilidad_datos.md); ausencia de energía no demuestra ausencia de evento/ciclo; Normalización por conteo en Y; no fuerza medida en cada celda; LOO no es IC ni validación predictiva; no implica causalidad
Fracture_event_12,Fracture_observed_sum,1,,,,0.0,0.0,,,,,,,0,,,,,,0,No identificable: soporte insuficiente o variable constante,"Dependencia de construcción: evento, suma o fracción comparten energías registradas",Asociación no identificable con la variación y disponibilidad observadas,Posensayo; unidad corroborada con tesis PDF pp.117/121 (docs/trazabilidad_datos.md); ausencia de energía no demuestra ausencia de evento/ciclo; Suma observada de longitud variable; no energía total del ensayo; LOO no es IC ni validación predictiva; no implica causalidad
Fracture_event_12,Fracture_registered_events,1,,,,0.0,0.0,,,,,,,0,,,,,,0,No identificable: soporte insuficiente o variable constante,Sin identidad directa predeclarada; evaluar dependencia por arquitectura y protocolo,Asociación no identificable con la variación y disponibilidad observadas,"Posensayo; unidad corroborada con tesis PDF pp.117/121 (docs/trazabilidad_datos.md); ausencia de energía no demuestra ausencia de evento/ciclo; Disponibilidad de registro, no conteo verificado de todas las fracturas; LOO no es IC ni validación predictiva; no implica causalidad"
Fracture_event_12,Fracture_initial_share,1,,,,0.0,0.0,,,,,,,0,,,,,,0,No identificable: soporte insuficiente o variable constante,"Dependencia de construcción: evento, suma o fracción comparten energías registradas",Asociación no identificable con la variación y disponibilidad observadas,Posensayo; unidad corroborada con tesis PDF pp.117/121 (docs/trazabilidad_datos.md); ausencia de energía no demuestra ausencia de evento/ciclo; Comparte numerador y denominador con otras respuestas; sensible a cobertura de eventos; LOO no es IC ni validación predictiva; no implica causalidad
Fracture_event_12,Residual_fraction_cycle1,1,,,,0.0,0.0,,,,,,,0,,,,,,0,No identificable: soporte insuficiente o variable constante,Sin identidad directa predeclarada; evaluar dependencia por arquitectura y protocolo,Asociación no identificable con la variación y disponibilidad observadas,Posensayo; unidad corroborada con tesis PDF pp.117/121 (docs/trazabilidad_datos.md); ausencia de energía no demuestra ausencia de evento/ciclo; Amplitud nominal del nombre de columna; no deformación unitaria; LOO no es IC ni validación predictiva; no implica causalidad
Fracture_event_12,Residual_fraction_cycle2,1,,,,0.0,0.0,,,,,,,0,,,,,,0,No identificable: soporte insuficiente o variable constante,Sin identidad directa predeclarada; evaluar dependencia por arquitectura y protocolo,Asociación no identificable con la variación y disponibilidad observadas,Posensayo; unidad corroborada con tesis PDF pp.117/121 (docs/trazabilidad_datos.md); ausencia de energía no demuestra ausencia de evento/ciclo; Amplitud nominal del nombre de columna; no deformación unitaria; LOO no es IC ni validación predictiva; no implica causalidad
Fracture_event_12,Residual_fraction_cycle3,1,,,,0.0,0.0,,,,,,,0,,,,,,0,No identificable: soporte insuficiente o variable constante,Sin identidad directa predeclarada; evaluar dependencia por arquitectura y protocolo,Asociación no identificable con la variación y disponibilidad observadas,Posensayo; unidad corroborada con tesis PDF pp.117/121 (docs/trazabilidad_datos.md); ausencia de energía no demuestra ausencia de evento/ciclo; Amplitud nominal del nombre de columna; no deformación unitaria; LOO no es IC ni validación predictiva; no implica causalidad
Fracture_event_12,Residual_fraction_cycle4,1,,,,0.0,0.0,,,,,,,0,,,,,,0,No identificable: soporte insuficiente o variable constante,Sin identidad directa predeclarada; evaluar dependencia por arquitectura y protocolo,Asociación no identificable con la variación y disponibilidad observadas,Posensayo; unidad corroborada con tesis PDF pp.117/121 (docs/trazabilidad_datos.md); ausencia de energía no demuestra ausencia de evento/ciclo; Amplitud nominal del nombre de columna; no deformación unitaria; LOO no es IC ni validación predictiva; no implica causalidad
Fracture_event_12,Residual_fraction_cycle5,1,,,,0.0,0.0,,,,,,,0,,,,,,0,No identificable: soporte insuficiente o variable constante,Sin identidad directa predeclarada; evaluar dependencia por arquitectura y protocolo,Asociación no identificable con la variación y disponibilidad observadas,Posensayo; unidad corroborada con tesis PDF pp.117/121 (docs/trazabilidad_datos.md); ausencia de energía no demuestra ausencia de evento/ciclo; Amplitud nominal del nombre de columna; no deformación unitaria; LOO no es IC ni validación predictiva; no implica causalidad
Fracture_event_12,Residual_fraction_cycle6,0,,,,,,,,,,,,0,,,,,,0,No identificable: soporte insuficiente o variable constante,Sin identidad directa predeclarada; evaluar dependencia por arquitectura y protocolo,Asociación no identificable con la variación y disponibilidad observadas,Posensayo; unidad corroborada con tesis PDF pp.117/121 (docs/trazabilidad_datos.md); ausencia de energía no demuestra ausencia de evento/ciclo; Amplitud nominal del nombre de columna; no deformación unitaria; LOO no es IC ni validación predictiva; no implica causalidad
Fracture_event_12,Recovery_complement_cycle6,0,,,,,,,,,,,,0,,,,,,0,No identificable: soporte insuficiente o variable constante,Sin identidad directa predeclarada; evaluar dependencia por arquitectura y protocolo,Asociación no identificable con la variación y disponibilidad observadas,Posensayo; unidad corroborada con tesis PDF pp.117/121 (docs/trazabilidad_datos.md); ausencia de energía no demuestra ausencia de evento/ciclo; Proxy complemento nominal; requiere protocolo para interpretar recuperación elástica; LOO no es IC ni validación predictiva; no implica causalidad
Fracture_event_13,Load_ratio_first_over_ultimate,1,,,,0.0,0.0,,,,,,,0,,,,,,0,No identificable: soporte insuficiente o variable constante,Sin identidad directa predeclarada; evaluar dependencia por arquitectura y protocolo,Asociación no identificable con la variación y disponibilidad observadas,Posensayo; unidad corroborada con tesis PDF pp.117/121 (docs/trazabilidad_datos.md); ausencia de energía no demuestra ausencia de evento/ciclo; Cociente primera/rotura final; no factor de seguridad ni reserva de carga; LOO no es IC ni validación predictiva; no implica causalidad
Fracture_event_13,Load_per_specimen_volume,1,,,,0.0,0.0,,,,,,,0,,,,,,0,No identificable: soporte insuficiente o variable constante,Sin identidad directa predeclarada; evaluar dependencia por arquitectura y protocolo,Asociación no identificable con la variación y disponibilidad observadas,Posensayo; unidad corroborada con tesis PDF pp.117/121 (docs/trazabilidad_datos.md); ausencia de energía no demuestra ausencia de evento/ciclo; Índice descriptivo de carga por volumen; no esfuerzo ni resistencia material; LOO no es IC ni validación predictiva; no implica causalidad
Fracture_event_13,Load_per_pivot,1,,,,0.0,0.0,,,,,,,0,,,,,,0,No identificable: soporte insuficiente o variable constante,Sin identidad directa predeclarada; evaluar dependencia por arquitectura y protocolo,Asociación no identificable con la variación y disponibilidad observadas,Posensayo; unidad corroborada con tesis PDF pp.117/121 (docs/trazabilidad_datos.md); ausencia de energía no demuestra ausencia de evento/ciclo; No presupone reparto uniforme de cargas entre pivotes; LOO no es IC ni validación predictiva; no implica causalidad
Fracture_event_13,Load_per_cell_Y,1,,,,0.0,0.0,,,,,,,0,,,,,,0,No identificable: soporte insuficiente o variable constante,Sin identidad directa predeclarada; evaluar dependencia por arquitectura y protocolo,Asociación no identificable con la variación y disponibilidad observadas,Posensayo; unidad corroborada con tesis PDF pp.117/121 (docs/trazabilidad_datos.md); ausencia de energía no demuestra ausencia de evento/ciclo; Normalización por conteo en Y; no fuerza medida en cada celda; LOO no es IC ni validación predictiva; no implica causalidad
Fracture_event_13,Fracture_observed_sum,1,,,,0.0,0.0,,,,,,,0,,,,,,0,No identificable: soporte insuficiente o variable constante,"Dependencia de construcción: evento, suma o fracción comparten energías registradas",Asociación no identificable con la variación y disponibilidad observadas,Posensayo; unidad corroborada con tesis PDF pp.117/121 (docs/trazabilidad_datos.md); ausencia de energía no demuestra ausencia de evento/ciclo; Suma observada de longitud variable; no energía total del ensayo; LOO no es IC ni validación predictiva; no implica causalidad
Fracture_event_13,Fracture_registered_events,1,,,,0.0,0.0,,,,,,,0,,,,,,0,No identificable: soporte insuficiente o variable constante,Sin identidad directa predeclarada; evaluar dependencia por arquitectura y protocolo,Asociación no identificable con la variación y disponibilidad observadas,"Posensayo; unidad corroborada con tesis PDF pp.117/121 (docs/trazabilidad_datos.md); ausencia de energía no demuestra ausencia de evento/ciclo; Disponibilidad de registro, no conteo verificado de todas las fracturas; LOO no es IC ni validación predictiva; no implica causalidad"
Fracture_event_13,Fracture_initial_share,1,,,,0.0,0.0,,,,,,,0,,,,,,0,No identificable: soporte insuficiente o variable constante,"Dependencia de construcción: evento, suma o fracción comparten energías registradas",Asociación no identificable con la variación y disponibilidad observadas,Posensayo; unidad corroborada con tesis PDF pp.117/121 (docs/trazabilidad_datos.md); ausencia de energía no demuestra ausencia de evento/ciclo; Comparte numerador y denominador con otras respuestas; sensible a cobertura de eventos; LOO no es IC ni validación predictiva; no implica causalidad
Fracture_event_13,Residual_fraction_cycle1,1,,,,0.0,0.0,,,,,,,0,,,,,,0,No identificable: soporte insuficiente o variable constante,Sin identidad directa predeclarada; evaluar dependencia por arquitectura y protocolo,Asociación no identificable con la variación y disponibilidad observadas,Posensayo; unidad corroborada con tesis PDF pp.117/121 (docs/trazabilidad_datos.md); ausencia de energía no demuestra ausencia de evento/ciclo; Amplitud nominal del nombre de columna; no deformación unitaria; LOO no es IC ni validación predictiva; no implica causalidad
Fracture_event_13,Residual_fraction_cycle2,1,,,,0.0,0.0,,,,,,,0,,,,,,0,No identificable: soporte insuficiente o variable constante,Sin identidad directa predeclarada; evaluar dependencia por arquitectura y protocolo,Asociación no identificable con la variación y disponibilidad observadas,Posensayo; unidad corroborada con tesis PDF pp.117/121 (docs/trazabilidad_datos.md); ausencia de energía no demuestra ausencia de evento/ciclo; Amplitud nominal del nombre de columna; no deformación unitaria; LOO no es IC ni validación predictiva; no implica causalidad
Fracture_event_13,Residual_fraction_cycle3,1,,,,0.0,0.0,,,,,,,0,,,,,,0,No identificable: soporte insuficiente o variable constante,Sin identidad directa predeclarada; evaluar dependencia por arquitectura y protocolo,Asociación no identificable con la variación y disponibilidad observadas,Posensayo; unidad corroborada con tesis PDF pp.117/121 (docs/trazabilidad_datos.md); ausencia de energía no demuestra ausencia de evento/ciclo; Amplitud nominal del nombre de columna; no deformación unitaria; LOO no es IC ni validación predictiva; no implica causalidad
Fracture_event_13,Residual_fraction_cycle4,1,,,,0.0,0.0,,,,,,,0,,,,,,0,No identificable: soporte insuficiente o variable constante,Sin identidad directa predeclarada; evaluar dependencia por arquitectura y protocolo,Asociación no identificable con la variación y disponibilidad observadas,Posensayo; unidad corroborada con tesis PDF pp.117/121 (docs/trazabilidad_datos.md); ausencia de energía no demuestra ausencia de evento/ciclo; Amplitud nominal del nombre de columna; no deformación unitaria; LOO no es IC ni validación predictiva; no implica causalidad
Fracture_event_13,Residual_fraction_cycle5,1,,,,0.0,0.0,,,,,,,0,,,,,,0,No identificable: soporte insuficiente o variable constante,Sin identidad directa predeclarada; evaluar dependencia por arquitectura y protocolo,Asociación no identificable con la variación y disponibilidad observadas,Posensayo; unidad corroborada con tesis PDF pp.117/121 (docs/trazabilidad_datos.md); ausencia de energía no demuestra ausencia de evento/ciclo; Amplitud nominal del nombre de columna; no deformación unitaria; LOO no es IC ni validación predictiva; no implica causalidad
Fracture_event_13,Residual_fraction_cycle6,0,,,,,,,,,,,,0,,,,,,0,No identificable: soporte insuficiente o variable constante,Sin identidad directa predeclarada; evaluar dependencia por arquitectura y protocolo,Asociación no identificable con la variación y disponibilidad observadas,Posensayo; unidad corroborada con tesis PDF pp.117/121 (docs/trazabilidad_datos.md); ausencia de energía no demuestra ausencia de evento/ciclo; Amplitud nominal del nombre de columna; no deformación unitaria; LOO no es IC ni validación predictiva; no implica causalidad
Fracture_event_13,Recovery_complement_cycle6,0,,,,,,,,,,,,0,,,,,,0,No identificable: soporte insuficiente o variable constante,Sin identidad directa predeclarada; evaluar dependencia por arquitectura y protocolo,Asociación no identificable con la variación y disponibilidad observadas,Posensayo; unidad corroborada con tesis PDF pp.117/121 (docs/trazabilidad_datos.md); ausencia de energía no demuestra ausencia de evento/ciclo; Proxy complemento nominal; requiere protocolo para interpretar recuperación elástica; LOO no es IC ni validación predictiva; no implica causalidad
Load_ratio_first_over_ultimate,Load_per_specimen_volume,26,0.6130454777096722,0.5282051282051282,0.36615384615384616,0.0,0.0,0.084840349504544,0.5692708535639472,0.6879645764762162,0.07491909876654401,100.0,22.0,26,0.4907692307692308,0.6076923076923076,0.07948717948717943,100.0,22.0,26,"rango LOO rho [0.491, 0.608]; cambio máximo 0.079",Las variables comparten la carga de primera falla en su construcción,"Asociación positiva en rangos; diferencia r−rho=0.085; valorar junto con soporte, empates y sensibilidad",Cociente primera/rotura final; no factor de seguridad ni reserva de carga; Índice descriptivo de carga por volumen; no esfuerzo ni resistencia material; LOO no es IC ni validación predictiva; no implica causalidad
Load_ratio_first_over_ultimate,Load_per_pivot,26,0.5402689938424107,0.5644444444444444,0.4030769230769231,0.0,0.0,-0.024175450602033743,0.490739690149421,0.6065723546125975,0.06630336077018684,100.0,22.0,26,0.5307692307692308,0.6469230769230769,0.08247863247863252,100.0,22.0,26,"rango LOO rho [0.531, 0.647]; cambio máximo 0.082",Las variables comparten la carga de primera falla en su construcción,"Asociación positiva en rangos; diferencia r−rho=-0.024; valorar junto con soporte, empates y sensibilidad",Cociente primera/rotura final; no factor de seguridad ni reserva de carga; No presupone reparto uniforme de cargas entre pivotes; LOO no es IC ni validación predictiva; no implica causalidad
Load_ratio_first_over_ultimate,Load_per_cell_Y,26,0.6033129298884911,0.5336752136752136,0.37846153846153846,0.0,0.0,0.06963771621327741,0.5565742164738036,0.67696450597464,0.07365157608614892,100.0,22.0,26,0.4976923076923077,0.6138461538461538,0.08017094017094017,100.0,22.0,26,"rango LOO rho [0.498, 0.614]; cambio máximo 0.080",Las variables comparten la carga de primera falla en su construcción,"Asociación positiva en rangos; diferencia r−rho=0.070; valorar junto con soporte, empates y sensibilidad",Cociente primera/rotura final; no factor de seguridad ni reserva de carga; Normalización por conteo en Y; no fuerza medida en cada celda; LOO no es IC ni validación predictiva; no implica causalidad
Load_ratio_first_over_ultimate,Fracture_observed_sum,26,0.43506471102083166,0.47213675213675216,0.36615384615384616,0.0,0.0,-0.037072041115920495,0.38425412487568106,0.5272944667414566,0.09222975572062497,100.0,24.0,26,0.4230769230769231,0.5807692307692308,0.10863247863247866,100.0,10.0,26,"rango LOO rho [0.423, 0.581]; cambio máximo 0.109",Sin identidad directa predeclarada; evaluar dependencia por arquitectura y protocolo,"Asociación positiva en rangos; diferencia r−rho=-0.037; valorar junto con soporte, empates y sensibilidad",Cociente primera/rotura final; no factor de seguridad ni reserva de carga; Suma observada de longitud variable; no energía total del ensayo; LOO no es IC ni validación predictiva; no implica causalidad
Load_ratio_first_over_ultimate,Fracture_registered_events,26,-0.1724575767134412,-0.23901296722404897,-0.17489492643904125,0.0,61.53846153846154,0.06655539051060777,-0.2622885414162695,-0.07475547077058654,0.09770210594285465,100.0,27.0,26,-0.327693451701098,-0.17237184660112403,0.08868048447704902,100.0,26.0,26,"rango LOO rho [-0.328, -0.172]; cambio máximo 0.089",Sin identidad directa predeclarada; evaluar dependencia por arquitectura y protocolo,"Asociación negativa en rangos; diferencia r−rho=0.067; valorar junto con soporte, empates y sensibilidad","Cociente primera/rotura final; no factor de seguridad ni reserva de carga; Disponibilidad de registro, no conteo verificado de todas las fracturas; LOO no es IC ni validación predictiva; no implica causalidad"
Load_ratio_first_over_ultimate,Fracture_initial_share,26,0.5679578362334811,0.6674645336054034,0.48074017006186526,0.0,3.8461538461538436,-0.0995066973719223,0.4963213792961101,0.6965730839876939,0.12861524775421285,100.0,22.0,26,0.6258896057305768,0.7492307692307693,0.08176623562536589,100.0,22.0,26,"rango LOO rho [0.626, 0.749]; cambio máximo 0.082",Sin identidad directa predeclarada; evaluar dependencia por arquitectura y protocolo,"Asociación positiva en rangos; diferencia r−rho=-0.100; valorar junto con soporte, empates y sensibilidad",Cociente primera/rotura final; no factor de seguridad ni reserva de carga; Comparte numerador y denominador con otras respuestas; sensible a cobertura de eventos; LOO no es IC ni validación predictiva; no implica causalidad
Load_ratio_first_over_ultimate,Residual_fraction_cycle1,26,-0.2955240018392859,-0.2841025641025641,-0.2,0.0,0.0,-0.011421437736721773,-0.43129640034977446,-0.20370893840340487,0.13577239851048856,100.0,26.0,26,-0.40692307692307694,-0.21461538461538462,0.12282051282051282,100.0,14.0,26,"rango LOO rho [-0.407, -0.215]; cambio máximo 0.123",Sin identidad directa predeclarada; evaluar dependencia por arquitectura y protocolo,"Asociación negativa en rangos; diferencia r−rho=-0.011; valorar junto con soporte, empates y sensibilidad",Cociente primera/rotura final; no factor de seguridad ni reserva de carga; Amplitud nominal del nombre de columna; no deformación unitaria; LOO no es IC ni validación predictiva; no implica causalidad
Load_ratio_first_over_ultimate,Residual_fraction_cycle2,26,-0.3911976437200268,-0.4276923076923077,-0.29846153846153844,0.0,0.0,0.036494663972280905,-0.5581256402356669,-0.29243998487692624,0.1669279965156401,100.0,26.0,26,-0.5315384615384615,-0.37538461538461537,0.10384615384615381,100.0,26.0,26,"rango LOO rho [-0.532, -0.375]; cambio máximo 0.104",Sin identidad directa predeclarada; evaluar dependencia por arquitectura y protocolo,"Asociación negativa en rangos; diferencia r−rho=0.036; valorar junto con soporte, empates y sensibilidad",Cociente primera/rotura final; no factor de seguridad ni reserva de carga; Amplitud nominal del nombre de columna; no deformación unitaria; LOO no es IC ni validación predictiva; no implica causalidad
Load_ratio_first_over_ultimate,Residual_fraction_cycle3,26,-0.38605967878996256,-0.3285470085470085,-0.19384615384615383,0.0,0.0,-0.057512670242954034,-0.5090068306085982,-0.2742668545685198,0.12294715181863564,100.0,26.0,26,-0.4053846153846154,-0.2653846153846154,0.07683760683760688,100.0,4.0,26,"rango LOO rho [-0.405, -0.265]; cambio máximo 0.077",Sin identidad directa predeclarada; evaluar dependencia por arquitectura y protocolo,"Asociación negativa en rangos; diferencia r−rho=-0.058; valorar junto con soporte, empates y sensibilidad",Cociente primera/rotura final; no factor de seguridad ni reserva de carga; Amplitud nominal del nombre de columna; no deformación unitaria; LOO no es IC ni validación predictiva; no implica causalidad
Load_ratio_first_over_ultimate,Residual_fraction_cycle4,26,-0.23736071592644525,-0.18017094017094018,-0.15692307692307692,0.0,0.0,-0.05718977575550507,-0.3586441023723153,-0.12225542510474029,0.12128338644587006,100.0,19.0,26,-0.2653846153846154,-0.10307692307692308,0.0852136752136752,100.0,19.0,26,"rango LOO rho [-0.265, -0.103]; cambio máximo 0.085",Sin identidad directa predeclarada; evaluar dependencia por arquitectura y protocolo,"Asociación negativa en rangos; diferencia r−rho=-0.057; valorar junto con soporte, empates y sensibilidad",Cociente primera/rotura final; no factor de seguridad ni reserva de carga; Amplitud nominal del nombre de columna; no deformación unitaria; LOO no es IC ni validación predictiva; no implica causalidad
Load_ratio_first_over_ultimate,Residual_fraction_cycle5,26,-0.10480896853208689,0.02360588989114789,-0.012364893354703725,0.0,7.692307692307687,-0.12841485842323477,-0.2494435371713875,0.03281524961532764,0.14463456863930063,96.15384615384616,19.0,26,-0.07621249371444755,0.11162435948075651,0.09981838360559545,73.07692307692307,19.0,26,"rango LOO rho [-0.076, 0.112]; cambio máximo 0.100",Sin identidad directa predeclarada; evaluar dependencia por arquitectura y protocolo,"Asociación positiva en rangos; diferencia r−rho=-0.128; valorar junto con soporte, empates y sensibilidad",Cociente primera/rotura final; no factor de seguridad ni reserva de carga; Amplitud nominal del nombre de columna; no deformación unitaria; LOO no es IC ni validación predictiva; no implica causalidad
Load_ratio_first_over_ultimate,Residual_fraction_cycle6,20,-0.03444081512549405,0.15349891478539351,0.12698590446506552,0.0,9.999999999999998,-0.18793972991088756,-0.19864761429718614,0.10456680484272066,0.1642067991716921,85.0,4.0,20,0.03599650202089882,0.2774364546000982,0.12393753981470468,100.0,25.0,20,"rango LOO rho [0.036, 0.277]; cambio máximo 0.124",Sin identidad directa predeclarada; evaluar dependencia por arquitectura y protocolo,"Asociación positiva en rangos; diferencia r−rho=-0.188; valorar junto con soporte, empates y sensibilidad",Cociente primera/rotura final; no factor de seguridad ni reserva de carga; Amplitud nominal del nombre de columna; no deformación unitaria; LOO no es IC ni validación predictiva; no implica causalidad
Load_ratio_first_over_ultimate,Recovery_complement_cycle6,20,0.03444081512549406,-0.15349891478539351,-0.12698590446506552,0.0,9.999999999999998,0.1879397299108876,-0.10456680484272066,0.19864761429718622,0.16420679917169217,85.0,4.0,20,-0.2774364546000982,-0.03599650202089882,0.12393753981470468,100.0,25.0,20,"rango LOO rho [-0.277, -0.036]; cambio máximo 0.124",Sin identidad directa predeclarada; evaluar dependencia por arquitectura y protocolo,"Asociación negativa en rangos; diferencia r−rho=0.188; valorar junto con soporte, empates y sensibilidad",Cociente primera/rotura final; no factor de seguridad ni reserva de carga; Proxy complemento nominal; requiere protocolo para interpretar recuperación elástica; LOO no es IC ni validación predictiva; no implica causalidad
Load_per_specimen_volume,Load_per_pivot,26,0.8904889726184599,0.8762393162393163,0.7784615384615385,0.0,0.0,0.01424965637914366,0.8793180305621929,0.9226736375630534,0.03218466494459349,100.0,3.0,26,0.8607692307692307,0.9061538461538462,0.02991452991452992,100.0,4.0,26,"rango LOO rho [0.861, 0.906]; cambio máximo 0.030",Las variables comparten la carga de primera falla en su construcción,"Asociación positiva en rangos; diferencia r−rho=0.014; valorar junto con soporte, empates y sensibilidad",Índice descriptivo de carga por volumen; no esfuerzo ni resistencia material; No presupone reparto uniforme de cargas entre pivotes; LOO no es IC ni validación predictiva; no implica causalidad
Load_per_specimen_volume,Load_per_cell_Y,26,0.9915075287543639,0.9678632478632478,0.9015384615384616,0.0,0.0,0.023644280891116032,0.9906005018508313,0.9938878933028144,0.0023803645484504754,100.0,4.0,26,0.9638461538461538,0.9846153846153847,0.016752136752136826,100.0,4.0,26,"rango LOO rho [0.964, 0.985]; cambio máximo 0.017",Las variables comparten la carga de primera falla en su construcción,"Asociación positiva en rangos; diferencia r−rho=0.024; valorar junto con soporte, empates y sensibilidad",Índice descriptivo de carga por volumen; no esfuerzo ni resistencia material; Normalización por conteo en Y; no fuerza medida en cada celda; LOO no es IC ni validación predictiva; no implica causalidad
Load_per_specimen_volume,Fracture_observed_sum,26,0.8128792927913372,0.8782905982905983,0.7046153846153846,0.0,0.0,-0.06541130549926111,0.7989536314643648,0.8378032444670431,0.024923951675705935,100.0,10.0,26,0.8638461538461538,0.9084615384615384,0.03017094017094013,100.0,22.0,26,"rango LOO rho [0.864, 0.908]; cambio máximo 0.030",Sin identidad directa predeclarada; evaluar dependencia por arquitectura y protocolo,"Asociación positiva en rangos; diferencia r−rho=-0.065; valorar junto con soporte, empates y sensibilidad",Índice descriptivo de carga por volumen; no esfuerzo ni resistencia material; Suma observada de longitud variable; no energía total del ensayo; LOO no es IC ni validación predictiva; no implica causalidad
Load_per_specimen_volume,Fracture_registered_events,26,-0.5772414713029667,-0.5566393440217896,-0.43723731609760313,0.0,61.53846153846154,-0.02060212728117705,-0.6372469256700865,-0.5311777977331833,0.06000545436711979,100.0,5.0,26,-0.6597571337754978,-0.5023863057981952,0.10311778975370822,100.0,5.0,26,"rango LOO rho [-0.660, -0.502]; cambio máximo 0.103",Sin identidad directa predeclarada; evaluar dependencia por arquitectura y protocolo,"Asociación negativa en rangos; diferencia r−rho=-0.021; valorar junto con soporte, empates y sensibilidad","Índice descriptivo de carga por volumen; no esfuerzo ni resistencia material; Disponibilidad de registro, no conteo verificado de todas las fracturas; LOO no es IC ni validación predictiva; no implica causalidad"
Load_per_specimen_volume,Fracture_initial_share,26,0.8225188151332814,0.6787485139378718,0.5053935121163199,0.0,3.8461538461538436,0.14377030119540957,0.8035617056690108,0.8512696477260122,0.028750832592730813,100.0,24.0,26,0.6415384615384615,0.7432198637194065,0.06447134978153468,100.0,10.0,26,"rango LOO rho [0.642, 0.743]; cambio máximo 0.064",Sin identidad directa predeclarada; evaluar dependencia por arquitectura y protocolo,"Asociación positiva en rangos; diferencia r−rho=0.144; valorar junto con soporte, empates y sensibilidad",Índice descriptivo de carga por volumen; no esfuerzo ni resistencia material; Comparte numerador y denominador con otras respuestas; sensible a cobertura de eventos; LOO no es IC ni validación predictiva; no implica causalidad
Load_per_specimen_volume,Residual_fraction_cycle1,26,-0.5409213801449051,-0.49606837606837606,-0.316923076923077,0.0,0.0,-0.044853004076529035,-0.586861630502238,-0.5031554691949448,0.04594025035733296,100.0,26.0,26,-0.556923076923077,-0.4430769230769231,0.060854700854700905,100.0,26.0,26,"rango LOO rho [-0.557, -0.443]; cambio máximo 0.061",Sin identidad directa predeclarada; evaluar dependencia por arquitectura y protocolo,"Asociación negativa en rangos; diferencia r−rho=-0.045; valorar junto con soporte, empates y sensibilidad",Índice descriptivo de carga por volumen; no esfuerzo ni resistencia material; Amplitud nominal del nombre de columna; no deformación unitaria; LOO no es IC ni validación predictiva; no implica causalidad
Load_per_specimen_volume,Residual_fraction_cycle2,26,-0.5993298510733504,-0.5876923076923077,-0.4030769230769231,0.0,0.0,-0.011637543381042614,-0.6517253239194228,-0.5637366985756067,0.05239547284607249,100.0,26.0,26,-0.676923076923077,-0.5415384615384615,0.08923076923076922,100.0,7.0,26,"rango LOO rho [-0.677, -0.542]; cambio máximo 0.089",Sin identidad directa predeclarada; evaluar dependencia por arquitectura y protocolo,"Asociación negativa en rangos; diferencia r−rho=-0.012; valorar junto con soporte, empates y sensibilidad",Índice descriptivo de carga por volumen; no esfuerzo ni resistencia material; Amplitud nominal del nombre de columna; no deformación unitaria; LOO no es IC ni validación predictiva; no implica causalidad
Load_per_specimen_volume,Residual_fraction_cycle3,26,-0.3925478945143455,-0.25811965811965815,-0.1630769230769231,0.0,0.0,-0.13442823639468737,-0.4371844964844277,-0.3297917151037155,0.06275617941063,100.0,25.0,26,-0.3230769230769231,-0.17461538461538462,0.08350427350427353,100.0,1.0,26,"rango LOO rho [-0.323, -0.175]; cambio máximo 0.084",Sin identidad directa predeclarada; evaluar dependencia por arquitectura y protocolo,"Asociación negativa en rangos; diferencia r−rho=-0.134; valorar junto con soporte, empates y sensibilidad",Índice descriptivo de carga por volumen; no esfuerzo ni resistencia material; Amplitud nominal del nombre de columna; no deformación unitaria; LOO no es IC ni validación predictiva; no implica causalidad
Load_per_specimen_volume,Residual_fraction_cycle4,26,-0.15448037427334585,-0.12068376068376069,-0.10153846153846155,0.0,0.0,-0.03379661358958516,-0.2484131362513561,-0.06742761733717671,0.09393276197801026,100.0,7.0,26,-0.1946153846153846,-0.018461538461538463,0.10222222222222223,100.0,1.0,26,"rango LOO rho [-0.195, -0.018]; cambio máximo 0.102",Sin identidad directa predeclarada; evaluar dependencia por arquitectura y protocolo,"Asociación negativa en rangos; diferencia r−rho=-0.034; valorar junto con soporte, empates y sensibilidad",Índice descriptivo de carga por volumen; no esfuerzo ni resistencia material; Amplitud nominal del nombre de columna; no deformación unitaria; LOO no es IC ni validación predictiva; no implica causalidad
Load_per_specimen_volume,Residual_fraction_cycle5,26,0.10625827086377757,0.20697917948035466,0.12364893354703727,0.0,7.692307692307687,-0.10072090861657709,0.03791156149515331,0.2179052510356835,0.11164698017190594,100.0,27.0,26,0.13010011553274378,0.28175527979280607,0.07687906394761088,100.0,19.0,26,"rango LOO rho [0.130, 0.282]; cambio máximo 0.077",Sin identidad directa predeclarada; evaluar dependencia por arquitectura y protocolo,"Asociación positiva en rangos; diferencia r−rho=-0.101; valorar junto con soporte, empates y sensibilidad",Índice descriptivo de carga por volumen; no esfuerzo ni resistencia material; Amplitud nominal del nombre de columna; no deformación unitaria; LOO no es IC ni validación predictiva; no implica causalidad
Load_per_specimen_volume,Residual_fraction_cycle6,20,0.09697626223234113,0.18434918687461477,0.09523942834879916,0.0,9.999999999999998,-0.08737292464227364,-0.07173428970519559,0.19108374811942877,0.1687105519375367,95.0,4.0,20,0.06848115018610018,0.26865681996085455,0.11586803668851459,100.0,20.0,20,"rango LOO rho [0.068, 0.269]; cambio máximo 0.116",Sin identidad directa predeclarada; evaluar dependencia por arquitectura y protocolo,"Asociación positiva en rangos; diferencia r−rho=-0.087; valorar junto con soporte, empates y sensibilidad",Índice descriptivo de carga por volumen; no esfuerzo ni resistencia material; Amplitud nominal del nombre de columna; no deformación unitaria; LOO no es IC ni validación predictiva; no implica causalidad
Load_per_specimen_volume,Recovery_complement_cycle6,20,-0.09697626223234108,-0.18434918687461477,-0.09523942834879916,0.0,9.999999999999998,0.08737292464227368,-0.1910837481194287,0.07173428970519564,0.16871055193753673,95.0,4.0,20,-0.26865681996085455,-0.06848115018610018,0.11586803668851459,100.0,20.0,20,"rango LOO rho [-0.269, -0.068]; cambio máximo 0.116",Sin identidad directa predeclarada; evaluar dependencia por arquitectura y protocolo,"Asociación negativa en rangos; diferencia r−rho=0.087; valorar junto con soporte, empates y sensibilidad",Índice descriptivo de carga por volumen; no esfuerzo ni resistencia material; Proxy complemento nominal; requiere protocolo para interpretar recuperación elástica; LOO no es IC ni validación predictiva; no implica causalidad
Load_per_pivot,Load_per_cell_Y,26,0.9411851333732069,0.9569230769230769,0.8769230769230769,0.0,0.0,-0.015737943549870015,0.9352480868997721,0.9587473928920714,0.017562259518864587,100.0,3.0,26,0.9515384615384616,0.9738461538461538,0.01692307692307693,100.0,7.0,26,"rango LOO rho [0.952, 0.974]; cambio máximo 0.017",Las variables comparten la carga de primera falla en su construcción,"Asociación positiva en rangos; diferencia r−rho=-0.016; valorar junto con soporte, empates y sensibilidad",No presupone reparto uniforme de cargas entre pivotes; Normalización por conteo en Y; no fuerza medida en cada celda; LOO no es IC ni validación predictiva; no implica causalidad
Load_per_pivot,Fracture_observed_sum,26,0.7318973747190911,0.7647863247863248,0.5692307692307692,0.0,0.0,-0.03288895006723369,0.7093195731891099,0.7760737184942997,0.044176343775208626,100.0,3.0,26,0.7369230769230769,0.8046153846153846,0.03982905982905982,100.0,3.0,26,"rango LOO rho [0.737, 0.805]; cambio máximo 0.040",Sin identidad directa predeclarada; evaluar dependencia por arquitectura y protocolo,"Asociación positiva en rangos; diferencia r−rho=-0.033; valorar junto con soporte, empates y sensibilidad",No presupone reparto uniforme de cargas entre pivotes; Suma observada de longitud variable; no energía total del ensayo; LOO no es IC ni validación predictiva; no implica causalidad
Load_per_pivot,Fracture_registered_events,26,-0.427646349780643,-0.45687434442827063,-0.34306312493811936,0.0,61.53846153846154,0.029227994647627653,-0.49116989005981077,-0.36821460730700417,0.06352354027916779,100.0,4.0,26,-0.539584242098658,-0.3897275700288693,0.08270989767038733,100.0,5.0,26,"rango LOO rho [-0.540, -0.390]; cambio máximo 0.083",Sin identidad directa predeclarada; evaluar dependencia por arquitectura y protocolo,"Asociación negativa en rangos; diferencia r−rho=0.029; valorar junto con soporte, empates y sensibilidad","No presupone reparto uniforme de cargas entre pivotes; Disponibilidad de registro, no conteo verificado de todas las fracturas; LOO no es IC ni validación predictiva; no implica causalidad"
Load_per_pivot,Fracture_initial_share,26,0.704064446893318,0.6418191237588843,0.45608682800741057,0.0,3.8461538461538436,0.06224532313443376,0.6682157268518725,0.7481546519829536,0.04409020508963557,100.0,4.0,26,0.6,0.6901327305965919,0.04831360683770758,100.0,10.0,26,"rango LOO rho [0.600, 0.690]; cambio máximo 0.048",Sin identidad directa predeclarada; evaluar dependencia por arquitectura y protocolo,"Asociación positiva en rangos; diferencia r−rho=0.062; valorar junto con soporte, empates y sensibilidad",No presupone reparto uniforme de cargas entre pivotes; Comparte numerador y denominador con otras respuestas; sensible a cobertura de eventos; LOO no es IC ni validación predictiva; no implica causalidad
Load_per_pivot,Residual_fraction_cycle1,26,-0.4417368314189487,-0.47555555555555556,-0.316923076923077,0.0,0.0,0.03381872413660686,-0.5131719725334688,-0.4014683621117204,0.0714351411145201,100.0,3.0,26,-0.5315384615384615,-0.43615384615384617,0.05598290598290595,100.0,14.0,26,"rango LOO rho [-0.532, -0.436]; cambio máximo 0.056",Sin identidad directa predeclarada; evaluar dependencia por arquitectura y protocolo,"Asociación negativa en rangos; diferencia r−rho=0.034; valorar junto con soporte, empates y sensibilidad",No presupone reparto uniforme de cargas entre pivotes; Amplitud nominal del nombre de columna; no deformación unitaria; LOO no es IC ni validación predictiva; no implica causalidad
Load_per_pivot,Residual_fraction_cycle2,26,-0.5154107333259348,-0.597948717948718,-0.4276923076923077,0.0,0.0,0.08253798462278317,-0.5943403215713652,-0.45625890795780943,0.0789295882454304,100.0,3.0,26,-0.6607692307692308,-0.5638461538461539,0.06282051282051282,100.0,3.0,26,"rango LOO rho [-0.661, -0.564]; cambio máximo 0.063",Sin identidad directa predeclarada; evaluar dependencia por arquitectura y protocolo,"Asociación negativa en rangos; diferencia r−rho=0.083; valorar junto con soporte, empates y sensibilidad",No presupone reparto uniforme de cargas entre pivotes; Amplitud nominal del nombre de columna; no deformación unitaria; LOO no es IC ni validación predictiva; no implica causalidad
Load_per_pivot,Residual_fraction_cycle3,26,-0.36834350556683865,-0.372991452991453,-0.26153846153846155,0.0,0.0,0.004647947424614329,-0.4479781782140107,-0.30017710514788454,0.07963467264717206,100.0,3.0,26,-0.45,-0.31076923076923074,0.07700854700854703,100.0,20.0,26,"rango LOO rho [-0.450, -0.311]; cambio máximo 0.077",Sin identidad directa predeclarada; evaluar dependencia por arquitectura y protocolo,"Asociación negativa en rangos; diferencia r−rho=0.005; valorar junto con soporte, empates y sensibilidad",No presupone reparto uniforme de cargas entre pivotes; Amplitud nominal del nombre de columna; no deformación unitaria; LOO no es IC ni validación predictiva; no implica causalidad
Load_per_pivot,Residual_fraction_cycle4,26,-0.2309352284464263,-0.2294017094017094,-0.1630769230769231,0.0,0.0,-0.0015335190447169078,-0.2939734767031136,-0.16586680364382714,0.06506842480259917,100.0,1.0,26,-0.32384615384615384,-0.1453846153846154,0.09444444444444444,100.0,20.0,26,"rango LOO rho [-0.324, -0.145]; cambio máximo 0.094",Sin identidad directa predeclarada; evaluar dependencia por arquitectura y protocolo,"Asociación negativa en rangos; diferencia r−rho=-0.002; valorar junto con soporte, empates y sensibilidad",No presupone reparto uniforme de cargas entre pivotes; Amplitud nominal del nombre de columna; no deformación unitaria; LOO no es IC ni validación predictiva; no implica causalidad
Load_per_pivot,Residual_fraction_cycle5,26,-0.038756034763522004,0.02839549073862717,0.02472978670940745,0.0,7.692307692307687,-0.06715152550214917,-0.1095088053709859,0.026594939645327657,0.07075277060746389,88.46153846153845,20.0,26,-0.07544267054561474,0.07698231688328035,0.1038381612842419,76.92307692307693,19.0,26,"rango LOO rho [-0.075, 0.077]; cambio máximo 0.104",Sin identidad directa predeclarada; evaluar dependencia por arquitectura y protocolo,"Asociación positiva en rangos; diferencia r−rho=-0.067; valorar junto con soporte, empates y sensibilidad",No presupone reparto uniforme de cargas entre pivotes; Amplitud nominal del nombre de columna; no deformación unitaria; LOO no es IC ni validación predictiva; no implica causalidad
Load_per_pivot,Residual_fraction_cycle6,20,-0.04980943434929671,0.14973668648182994,0.07407511093795491,0.0,9.999999999999998,-0.19954612083112666,-0.12330279055455688,0.018530898999503477,0.07349335620526018,95.0,20.0,20,0.028094830845579562,0.26514496610515714,0.12164185563625038,100.0,20.0,20,"rango LOO rho [0.028, 0.265]; cambio máximo 0.122",Sin identidad directa predeclarada; evaluar dependencia por arquitectura y protocolo,"Asociación positiva en rangos; diferencia r−rho=-0.200; valorar junto con soporte, empates y sensibilidad",No presupone reparto uniforme de cargas entre pivotes; Amplitud nominal del nombre de columna; no deformación unitaria; LOO no es IC ni validación predictiva; no implica causalidad
Load_per_pivot,Recovery_complement_cycle6,20,0.04980943434929671,-0.14973668648182994,-0.07407511093795491,0.0,9.999999999999998,0.19954612083112666,-0.018530898999503474,0.12330279055455688,0.07349335620526018,95.0,20.0,20,-0.26514496610515714,-0.028094830845579562,0.12164185563625038,100.0,20.0,20,"rango LOO rho [-0.265, -0.028]; cambio máximo 0.122",Sin identidad directa predeclarada; evaluar dependencia por arquitectura y protocolo,"Asociación negativa en rangos; diferencia r−rho=0.200; valorar junto con soporte, empates y sensibilidad",No presupone reparto uniforme de cargas entre pivotes; Proxy complemento nominal; requiere protocolo para interpretar recuperación elástica; LOO no es IC ni validación predictiva; no implica causalidad
Load_per_cell_Y,Fracture_observed_sum,26,0.8157220756361232,0.8516239316239316,0.6676923076923077,0.0,0.0,-0.03590185598780837,0.8011500181694107,0.8367113503411018,0.020989274704978578,100.0,10.0,26,0.8338461538461538,0.88,0.02837606837606843,100.0,22.0,26,"rango LOO rho [0.834, 0.880]; cambio máximo 0.028",Sin identidad directa predeclarada; evaluar dependencia por arquitectura y protocolo,"Asociación positiva en rangos; diferencia r−rho=-0.036; valorar junto con soporte, empates y sensibilidad",Normalización por conteo en Y; no fuerza medida en cada celda; Suma observada de longitud variable; no energía total del ensayo; LOO no es IC ni validación predictiva; no implica causalidad
Load_per_cell_Y,Fracture_registered_events,26,-0.5455057516879118,-0.5164513229841177,-0.39015022051786125,0.0,61.53846153846154,-0.029054428703794155,-0.6068218121791855,-0.4963277808427293,0.061316060491273694,100.0,5.0,26,-0.6135980098201553,-0.4570043415660286,0.09714668683603767,100.0,5.0,26,"rango LOO rho [-0.614, -0.457]; cambio máximo 0.097",Sin identidad directa predeclarada; evaluar dependencia por arquitectura y protocolo,"Asociación negativa en rangos; diferencia r−rho=-0.029; valorar junto con soporte, empates y sensibilidad","Normalización por conteo en Y; no fuerza medida en cada celda; Disponibilidad de registro, no conteo verificado de todas las fracturas; LOO no es IC ni validación predictiva; no implica causalidad"
Load_per_cell_Y,Fracture_initial_share,26,0.8020809485967325,0.6479740221220489,0.46841349903463797,0.0,3.8461538461538436,0.1541069264746836,0.7800308755031847,0.8295871136478312,0.027506165051098708,100.0,24.0,26,0.6069230769230769,0.7085978203784404,0.060623798256391526,100.0,10.0,26,"rango LOO rho [0.607, 0.709]; cambio máximo 0.061",Sin identidad directa predeclarada; evaluar dependencia por arquitectura y protocolo,"Asociación positiva en rangos; diferencia r−rho=0.154; valorar junto con soporte, empates y sensibilidad",Normalización por conteo en Y; no fuerza medida en cada celda; Comparte numerador y denominador con otras respuestas; sensible a cobertura de eventos; LOO no es IC ni validación predictiva; no implica causalidad
Load_per_cell_Y,Residual_fraction_cycle1,26,-0.5300204214345778,-0.5001709401709402,-0.316923076923077,0.0,0.0,-0.029849481263637623,-0.5725989297938663,-0.4918808737511272,0.04257850835928845,100.0,26.0,26,-0.5553846153846154,-0.45384615384615384,0.05521367521367515,100.0,6.0,26,"rango LOO rho [-0.555, -0.454]; cambio máximo 0.055",Sin identidad directa predeclarada; evaluar dependencia por arquitectura y protocolo,"Asociación negativa en rangos; diferencia r−rho=-0.030; valorar junto con soporte, empates y sensibilidad",Normalización por conteo en Y; no fuerza medida en cada celda; Amplitud nominal del nombre de columna; no deformación unitaria; LOO no es IC ni validación predictiva; no implica causalidad
Load_per_cell_Y,Residual_fraction_cycle2,26,-0.5940870216901902,-0.6027350427350427,-0.4276923076923077,0.0,0.0,0.008648021044852516,-0.6429495641860984,-0.5518985184502918,0.04886254249590816,100.0,26.0,26,-0.6823076923076923,-0.5638461538461539,0.07957264957264953,100.0,7.0,26,"rango LOO rho [-0.682, -0.564]; cambio máximo 0.080",Sin identidad directa predeclarada; evaluar dependencia por arquitectura y protocolo,"Asociación negativa en rangos; diferencia r−rho=0.009; valorar junto con soporte, empates y sensibilidad",Normalización por conteo en Y; no fuerza medida en cada celda; Amplitud nominal del nombre de columna; no deformación unitaria; LOO no es IC ni validación predictiva; no implica causalidad
Load_per_cell_Y,Residual_fraction_cycle3,26,-0.39649274597084044,-0.30393162393162393,-0.2,0.0,0.0,-0.09256112203921651,-0.44034372533877086,-0.3409734604103533,0.05551928556048713,100.0,1.0,26,-0.3723076923076923,-0.23,0.07393162393162392,100.0,1.0,26,"rango LOO rho [-0.372, -0.230]; cambio máximo 0.074",Sin identidad directa predeclarada; evaluar dependencia por arquitectura y protocolo,"Asociación negativa en rangos; diferencia r−rho=-0.093; valorar junto con soporte, empates y sensibilidad",Normalización por conteo en Y; no fuerza medida en cada celda; Amplitud nominal del nombre de columna; no deformación unitaria; LOO no es IC ni validación predictiva; no implica causalidad
Load_per_cell_Y,Residual_fraction_cycle4,26,-0.1774922603550289,-0.14735042735042736,-0.12615384615384617,0.0,0.0,-0.030141833004601548,-0.2614598978484232,-0.09896163613471583,0.08396763749339431,100.0,7.0,26,-0.22846153846153847,-0.05153846153846154,0.09581196581196583,100.0,1.0,26,"rango LOO rho [-0.228, -0.052]; cambio máximo 0.096",Sin identidad directa predeclarada; evaluar dependencia por arquitectura y protocolo,"Asociación negativa en rangos; diferencia r−rho=-0.030; valorar junto con soporte, empates y sensibilidad",Normalización por conteo en Y; no fuerza medida en cada celda; Amplitud nominal del nombre de columna; no deformación unitaria; LOO no es IC ni validación predictiva; no implica causalidad
Load_per_cell_Y,Residual_fraction_cycle5,26,0.07039312552112788,0.13718785284565657,0.0989191468376298,0.0,7.692307692307687,-0.0667947273245287,0.0019424472073904348,0.16949120627588082,0.09909808075475295,100.0,27.0,26,0.04849885963646662,0.1993842007276961,0.08868899320918995,100.0,19.0,26,"rango LOO rho [0.048, 0.199]; cambio máximo 0.089",Sin identidad directa predeclarada; evaluar dependencia por arquitectura y protocolo,"Asociación positiva en rangos; diferencia r−rho=-0.067; valorar junto con soporte, empates y sensibilidad",Normalización por conteo en Y; no fuerza medida en cada celda; Amplitud nominal del nombre de columna; no deformación unitaria; LOO no es IC ni validación predictiva; no implica causalidad
Load_per_cell_Y,Residual_fraction_cycle6,20,0.059210692624931546,0.1354402189282884,0.07407511093795491,0.0,9.999999999999998,-0.07622952630335685,-0.053862010086404996,0.14066673650631592,0.11307270271133654,90.0,4.0,20,0.011413525031016697,0.24846366029059427,0.1240266938972717,100.0,20.0,20,"rango LOO rho [0.011, 0.248]; cambio máximo 0.124",Sin identidad directa predeclarada; evaluar dependencia por arquitectura y protocolo,"Asociación positiva en rangos; diferencia r−rho=-0.076; valorar junto con soporte, empates y sensibilidad",Normalización por conteo en Y; no fuerza medida en cada celda; Amplitud nominal del nombre de columna; no deformación unitaria; LOO no es IC ni validación predictiva; no implica causalidad
Load_per_cell_Y,Recovery_complement_cycle6,20,-0.059210692624931546,-0.1354402189282884,-0.07407511093795491,0.0,9.999999999999998,0.07622952630335685,-0.14066673650631595,0.05386201008640502,0.11307270271133657,90.0,4.0,20,-0.24846366029059427,-0.011413525031016697,0.1240266938972717,100.0,20.0,20,"rango LOO rho [-0.248, -0.011]; cambio máximo 0.124",Sin identidad directa predeclarada; evaluar dependencia por arquitectura y protocolo,"Asociación negativa en rangos; diferencia r−rho=0.076; valorar junto con soporte, empates y sensibilidad",Normalización por conteo en Y; no fuerza medida en cada celda; Proxy complemento nominal; requiere protocolo para interpretar recuperación elástica; LOO no es IC ni validación predictiva; no implica causalidad
Fracture_observed_sum,Fracture_registered_events,26,-0.23720006794628706,-0.29259699527427824,-0.1883483823189675,0.0,61.53846153846154,0.055396927327991174,-0.3672011196649673,-0.18922610331443263,0.13000105171868026,100.0,5.0,26,-0.38678162486717965,-0.23686200629946605,0.09418462959290141,100.0,5.0,26,"rango LOO rho [-0.387, -0.237]; cambio máximo 0.094",Sin identidad directa predeclarada; evaluar dependencia por arquitectura y protocolo,"Asociación negativa en rangos; diferencia r−rho=0.055; valorar junto con soporte, empates y sensibilidad","Suma observada de longitud variable; no energía total del ensayo; Disponibilidad de registro, no conteo verificado de todas las fracturas; LOO no es IC ni validación predictiva; no implica causalidad"
Fracture_observed_sum,Fracture_initial_share,26,0.40713241472063233,0.40827492475658383,0.23420674951731899,0.0,3.8461538461538436,-0.001142510035951505,0.36250457072933856,0.475961001845554,0.06882858712492168,100.0,10.0,26,0.36737834878469633,0.5112521733349334,0.10297724857834961,100.0,10.0,26,"rango LOO rho [0.367, 0.511]; cambio máximo 0.103","Dependencia de construcción: evento, suma o fracción comparten energías registradas","Asociación positiva en rangos; diferencia r−rho=-0.001; valorar junto con soporte, empates y sensibilidad",Suma observada de longitud variable; no energía total del ensayo; Comparte numerador y denominador con otras respuestas; sensible a cobertura de eventos; LOO no es IC ni validación predictiva; no implica causalidad
Fracture_observed_sum,Residual_fraction_cycle1,26,-0.5371262627738835,-0.5938461538461538,-0.4276923076923077,0.0,0.0,0.05671989107227027,-0.6076560219251564,-0.4913272997792096,0.07052975915127291,100.0,5.0,26,-0.68,-0.5492307692307692,0.08615384615384625,100.0,6.0,26,"rango LOO rho [-0.680, -0.549]; cambio máximo 0.086",Sin identidad directa predeclarada; evaluar dependencia por arquitectura y protocolo,"Asociación negativa en rangos; diferencia r−rho=0.057; valorar junto con soporte, empates y sensibilidad",Suma observada de longitud variable; no energía total del ensayo; Amplitud nominal del nombre de columna; no deformación unitaria; LOO no es IC ni validación predictiva; no implica causalidad
Fracture_observed_sum,Residual_fraction_cycle2,26,-0.5980751705207966,-0.705982905982906,-0.5261538461538462,0.0,0.0,0.10790773546210941,-0.6438792677915127,-0.5597336142063672,0.045804097270716104,100.0,26.0,26,-0.7830769230769231,-0.6707692307692308,0.07709401709401709,100.0,26.0,26,"rango LOO rho [-0.783, -0.671]; cambio máximo 0.077",Sin identidad directa predeclarada; evaluar dependencia por arquitectura y protocolo,"Asociación negativa en rangos; diferencia r−rho=0.108; valorar junto con soporte, empates y sensibilidad",Suma observada de longitud variable; no energía total del ensayo; Amplitud nominal del nombre de columna; no deformación unitaria; LOO no es IC ni validación predictiva; no implica causalidad
Fracture_observed_sum,Residual_fraction_cycle3,26,-0.4125734851481206,-0.40444444444444444,-0.26153846153846155,0.0,0.0,-0.00812904070367615,-0.4587559191734218,-0.33572600472507447,0.07684748042304612,100.0,25.0,26,-0.4723076923076923,-0.33153846153846156,0.07290598290598288,100.0,25.0,26,"rango LOO rho [-0.472, -0.332]; cambio máximo 0.073",Sin identidad directa predeclarada; evaluar dependencia por arquitectura y protocolo,"Asociación negativa en rangos; diferencia r−rho=-0.008; valorar junto con soporte, empates y sensibilidad",Suma observada de longitud variable; no energía total del ensayo; Amplitud nominal del nombre de columna; no deformación unitaria; LOO no es IC ni validación predictiva; no implica causalidad
Fracture_observed_sum,Residual_fraction_cycle4,26,-0.1542998981782799,-0.24786324786324787,-0.1876923076923077,0.0,0.0,0.09356334968496796,-0.234310784197605,-0.05252980133094519,0.10177009684733472,100.0,25.0,26,-0.3230769230769231,-0.1576923076923077,0.09017094017094018,100.0,25.0,26,"rango LOO rho [-0.323, -0.158]; cambio máximo 0.090",Sin identidad directa predeclarada; evaluar dependencia por arquitectura y protocolo,"Asociación negativa en rangos; diferencia r−rho=0.094; valorar junto con soporte, empates y sensibilidad",Suma observada de longitud variable; no energía total del ensayo; Amplitud nominal del nombre de columna; no deformación unitaria; LOO no es IC ni validación predictiva; no implica causalidad
Fracture_observed_sum,Residual_fraction_cycle5,26,0.0462659714834239,0.022237432506153808,-0.012364893354703725,0.0,7.692307692307687,0.024028538977270093,-0.021157068617984668,0.11542940355476478,0.06916343207134087,92.3076923076923,25.0,26,-0.05542726815596185,0.10161665828593006,0.07937922577977624,76.92307692307693,25.0,26,"rango LOO rho [-0.055, 0.102]; cambio máximo 0.079",Sin identidad directa predeclarada; evaluar dependencia por arquitectura y protocolo,"Asociación positiva en rangos; diferencia r−rho=0.024; valorar junto con soporte, empates y sensibilidad",Suma observada de longitud variable; no energía total del ensayo; Amplitud nominal del nombre de columna; no deformación unitaria; LOO no es IC ni validación predictiva; no implica causalidad
Fracture_observed_sum,Residual_fraction_cycle6,20,-0.078206685733884,-0.08577880532124932,-0.04232863482168851,0.0,9.999999999999998,0.007572119587365325,-0.16556349839637902,0.00796370093982552,0.08735681266249502,95.0,4.0,20,-0.21071123134184672,0.022827050062033394,0.1249324260205974,90.0,20.0,20,"rango LOO rho [-0.211, 0.023]; cambio máximo 0.125",Sin identidad directa predeclarada; evaluar dependencia por arquitectura y protocolo,"Asociación negativa en rangos; diferencia r−rho=0.008; valorar junto con soporte, empates y sensibilidad",Suma observada de longitud variable; no energía total del ensayo; Amplitud nominal del nombre de columna; no deformación unitaria; LOO no es IC ni validación predictiva; no implica causalidad
Fracture_observed_sum,Recovery_complement_cycle6,20,0.078206685733884,0.08577880532124932,0.04232863482168851,0.0,9.999999999999998,-0.007572119587365325,-0.007963700939825515,0.16556349839637904,0.08735681266249505,95.0,4.0,20,-0.022827050062033394,0.21071123134184672,0.1249324260205974,90.0,20.0,20,"rango LOO rho [-0.023, 0.211]; cambio máximo 0.125",Sin identidad directa predeclarada; evaluar dependencia por arquitectura y protocolo,"Asociación positiva en rangos; diferencia r−rho=-0.008; valorar junto con soporte, empates y sensibilidad",Suma observada de longitud variable; no energía total del ensayo; Proxy complemento nominal; requiere protocolo para interpretar recuperación elástica; LOO no es IC ni validación predictiva; no implica causalidad
Fracture_registered_events,Fracture_initial_share,26,-0.6487075588243634,-0.6011604543188697,-0.49180835076811963,61.53846153846154,3.8461538461538436,-0.04754710450549371,-0.7086269304850007,-0.5983191315537646,0.05991937166063732,100.0,7.0,26,-0.684162048478356,-0.5497587070580884,0.08300159415948638,100.0,5.0,26,"rango LOO rho [-0.684, -0.550]; cambio máximo 0.083",Sin identidad directa predeclarada; evaluar dependencia por arquitectura y protocolo,"Asociación negativa en rangos; diferencia r−rho=-0.048; valorar junto con soporte, empates y sensibilidad","Disponibilidad de registro, no conteo verificado de todas las fracturas; Comparte numerador y denominador con otras respuestas; sensible a cobertura de eventos; LOO no es IC ni validación predictiva; no implica causalidad"
Fracture_registered_events,Residual_fraction_cycle1,26,0.28105967672246507,0.31092837329146195,0.2219820220187831,61.53846153846154,0.0,-0.029868696568996878,0.21901489530273002,0.3843366605737014,0.10327698385123635,100.0,7.0,26,0.23964861813828328,0.36790856545785483,0.07127975515317866,100.0,21.0,26,"rango LOO rho [0.240, 0.368]; cambio máximo 0.071",Sin identidad directa predeclarada; evaluar dependencia por arquitectura y protocolo,"Asociación positiva en rangos; diferencia r−rho=-0.030; valorar junto con soporte, empates y sensibilidad","Disponibilidad de registro, no conteo verificado de todas las fracturas; Amplitud nominal del nombre de columna; no deformación unitaria; LOO no es IC ni validación predictiva; no implica causalidad"
Fracture_registered_events,Residual_fraction_cycle2,26,0.29046798858737066,0.3056404757865051,0.2219820220187831,61.53846153846154,0.0,-0.015172487199134443,0.19627395692797628,0.4712047554539609,0.18073676686659024,100.0,7.0,26,0.2245212967275611,0.4121053736459737,0.10646489785946861,100.0,7.0,26,"rango LOO rho [0.225, 0.412]; cambio máximo 0.106",Sin identidad directa predeclarada; evaluar dependencia por arquitectura y protocolo,"Asociación positiva en rangos; diferencia r−rho=-0.015; valorar junto con soporte, empates y sensibilidad","Disponibilidad de registro, no conteo verificado de todas las fracturas; Amplitud nominal del nombre de columna; no deformación unitaria; LOO no es IC ni validación predictiva; no implica causalidad"
Fracture_registered_events,Residual_fraction_cycle3,26,0.16118166370082726,0.0772033035723698,0.06054055145966813,61.53846153846154,0.0,0.08397836012845745,0.014952782980210425,0.3352008069316953,0.17401914323086803,100.0,7.0,26,-0.03343934206580697,0.17200919943484122,0.11064264563817677,96.15384615384616,27.0,26,"rango LOO rho [-0.033, 0.172]; cambio máximo 0.111",Sin identidad directa predeclarada; evaluar dependencia por arquitectura y protocolo,"Asociación positiva en rangos; diferencia r−rho=0.084; valorar junto con soporte, empates y sensibilidad","Disponibilidad de registro, no conteo verificado de todas las fracturas; Amplitud nominal del nombre de columna; no deformación unitaria; LOO no es IC ni validación predictiva; no implica causalidad"
Fracture_registered_events,Residual_fraction_cycle4,26,-0.054674024285381394,0.2270270662128135,0.14798801467918873,61.53846153846154,0.0,-0.28170109049819486,-0.20396840595334464,0.25352364671337335,0.3081976709987547,92.3076923076923,7.0,26,0.13495163047986386,0.3503891099598617,0.12336204374704823,100.0,7.0,26,"rango LOO rho [0.135, 0.350]; cambio máximo 0.123",Sin identidad directa predeclarada; evaluar dependencia por arquitectura y protocolo,"Asociación positiva en rangos; diferencia r−rho=-0.282; valorar junto con soporte, empates y sensibilidad","Disponibilidad de registro, no conteo verificado de todas las fracturas; Amplitud nominal del nombre de columna; no deformación unitaria; LOO no es IC ni validación predictiva; no implica causalidad"
Fracture_registered_events,Residual_fraction_cycle5,26,-0.24182998407208883,-0.04197936720013943,-0.030410959411371067,61.53846153846154,7.692307692307687,-0.1998506168719494,-0.4212738994565235,-0.0005581639983382446,0.2412718200737506,100.0,7.0,26,-0.15138971255660824,0.08049216839871541,0.12247153559885485,84.61538461538461,4.0,26,"rango LOO rho [-0.151, 0.080]; cambio máximo 0.122",Sin identidad directa predeclarada; evaluar dependencia por arquitectura y protocolo,"Asociación negativa en rangos; diferencia r−rho=-0.200; valorar junto con soporte, empates y sensibilidad","Disponibilidad de registro, no conteo verificado de todas las fracturas; Amplitud nominal del nombre de columna; no deformación unitaria; LOO no es IC ni validación predictiva; no implica causalidad"
Fracture_registered_events,Residual_fraction_cycle6,20,-0.19724593263131662,-0.06153782791847891,-0.01746194049261763,60.0,9.999999999999998,-0.13570810471283773,-0.41374317657939624,0.23976882928634435,0.437014761917661,95.0,4.0,20,-0.202439254643505,0.10149636525173038,0.16303419317020929,85.0,4.0,20,"rango LOO rho [-0.202, 0.101]; cambio máximo 0.163",Sin identidad directa predeclarada; evaluar dependencia por arquitectura y protocolo,"Asociación negativa en rangos; diferencia r−rho=-0.136; valorar junto con soporte, empates y sensibilidad","Disponibilidad de registro, no conteo verificado de todas las fracturas; Amplitud nominal del nombre de columna; no deformación unitaria; LOO no es IC ni validación predictiva; no implica causalidad"
Fracture_registered_events,Recovery_complement_cycle6,20,0.19724593263131657,0.06153782791847891,0.01746194049261763,60.0,9.999999999999998,0.13570810471283767,-0.23976882928634435,0.41374317657939624,0.4370147619176609,95.0,4.0,20,-0.10149636525173038,0.202439254643505,0.16303419317020929,85.0,4.0,20,"rango LOO rho [-0.101, 0.202]; cambio máximo 0.163",Sin identidad directa predeclarada; evaluar dependencia por arquitectura y protocolo,"Asociación positiva en rangos; diferencia r−rho=0.136; valorar junto con soporte, empates y sensibilidad","Disponibilidad de registro, no conteo verificado de todas las fracturas; Proxy complemento nominal; requiere protocolo para interpretar recuperación elástica; LOO no es IC ni validación predictiva; no implica causalidad"
Fracture_initial_share,Residual_fraction_cycle1,26,-0.3851573901970716,-0.29304154984622477,-0.18490006540840973,3.8461538461538436,0.0,-0.09211584035084686,-0.4528501994377363,-0.3236639413599397,0.06769280924066468,100.0,14.0,26,-0.4177726563143248,-0.22158107738218333,0.12473110646810004,100.0,14.0,26,"rango LOO rho [-0.418, -0.222]; cambio máximo 0.125",Sin identidad directa predeclarada; evaluar dependencia por arquitectura y protocolo,"Asociación negativa en rangos; diferencia r−rho=-0.092; valorar junto con soporte, empates y sensibilidad",Comparte numerador y denominador con otras respuestas; sensible a cobertura de eventos; Amplitud nominal del nombre de columna; no deformación unitaria; LOO no es IC ni validación predictiva; no implica causalidad
Fracture_initial_share,Residual_fraction_cycle2,26,-0.4452648104231426,-0.37373910616327144,-0.27118676259900093,3.8461538461538436,0.0,-0.07152570425987115,-0.4907463834983233,-0.3358710186835758,0.10939379173956681,100.0,27.0,26,-0.4350836779848079,-0.30538461538461537,0.06835449077865607,100.0,27.0,26,"rango LOO rho [-0.435, -0.305]; cambio máximo 0.068",Sin identidad directa predeclarada; evaluar dependencia por arquitectura y protocolo,"Asociación negativa en rangos; diferencia r−rho=-0.072; valorar junto con soporte, empates y sensibilidad",Comparte numerador y denominador con otras respuestas; sensible a cobertura de eventos; Amplitud nominal del nombre de columna; no deformación unitaria; LOO no es IC ni validación predictiva; no implica causalidad
Fracture_initial_share,Residual_fraction_cycle3,26,-0.3167273089233949,-0.184988889692891,-0.1417567168131141,3.8461538461538436,0.0,-0.1317384192305039,-0.38017349937087225,-0.13510022503944175,0.18162708388395316,100.0,27.0,26,-0.26351221876179787,-0.09307692307692307,0.09191196661596794,100.0,27.0,26,"rango LOO rho [-0.264, -0.093]; cambio máximo 0.092",Sin identidad directa predeclarada; evaluar dependencia por arquitectura y protocolo,"Asociación negativa en rangos; diferencia r−rho=-0.132; valorar junto con soporte, empates y sensibilidad",Comparte numerador y denominador con otras respuestas; sensible a cobertura de eventos; Amplitud nominal del nombre de columna; no deformación unitaria; LOO no es IC ni validación predictiva; no implica causalidad
Fracture_initial_share,Residual_fraction_cycle4,26,-0.12433730240027725,-0.13369806999985284,-0.09245003270420486,3.8461538461538436,0.0,0.00936076759957559,-0.20462673650427785,0.060770309968137516,0.18510761236841478,96.15384615384616,27.0,26,-0.20350067697078988,-0.03461538461538462,0.09908268538446822,100.0,27.0,26,"rango LOO rho [-0.204, -0.035]; cambio máximo 0.099",Sin identidad directa predeclarada; evaluar dependencia por arquitectura y protocolo,"Asociación negativa en rangos; diferencia r−rho=0.009; valorar junto con soporte, empates y sensibilidad",Comparte numerador y denominador con otras respuestas; sensible a cobertura de eventos; Amplitud nominal del nombre de columna; no deformación unitaria; LOO no es IC ni validación predictiva; no implica causalidad
Fracture_initial_share,Residual_fraction_cycle5,26,0.05785445860508716,0.10846879101948881,0.07120777160685063,3.8461538461538436,7.692307692307687,-0.05061433241440165,-0.03885966725656606,0.28549810915819746,0.2276436505531103,88.46153846153845,27.0,26,0.027718965160857586,0.2240185421303458,0.115549751110857,100.0,27.0,26,"rango LOO rho [0.028, 0.224]; cambio máximo 0.116",Sin identidad directa predeclarada; evaluar dependencia por arquitectura y protocolo,"Asociación positiva en rangos; diferencia r−rho=-0.051; valorar junto con soporte, empates y sensibilidad",Comparte numerador y denominador con otras respuestas; sensible a cobertura de eventos; Amplitud nominal del nombre de columna; no deformación unitaria; LOO no es IC ni validación predictiva; no implica causalidad
Fracture_initial_share,Residual_fraction_cycle6,20,0.14611314066342015,0.19156945278507892,0.1114062274638653,5.000000000000004,9.999999999999998,-0.045456312121658765,-0.04863911761536455,0.3824412728486749,0.23632813218525475,95.0,27.0,20,0.09617919241094347,0.35381927596151763,0.1622498231764387,100.0,27.0,20,"rango LOO rho [0.096, 0.354]; cambio máximo 0.162",Sin identidad directa predeclarada; evaluar dependencia por arquitectura y protocolo,"Asociación positiva en rangos; diferencia r−rho=-0.045; valorar junto con soporte, empates y sensibilidad",Comparte numerador y denominador con otras respuestas; sensible a cobertura de eventos; Amplitud nominal del nombre de columna; no deformación unitaria; LOO no es IC ni validación predictiva; no implica causalidad
Fracture_initial_share,Recovery_complement_cycle6,20,-0.1461131406634201,-0.19156945278507892,-0.1114062274638653,5.000000000000004,9.999999999999998,0.04545631212165882,-0.38244127284867485,0.04863911761536447,0.23632813218525475,95.0,27.0,20,-0.35381927596151763,-0.09617919241094347,0.1622498231764387,100.0,27.0,20,"rango LOO rho [-0.354, -0.096]; cambio máximo 0.162",Sin identidad directa predeclarada; evaluar dependencia por arquitectura y protocolo,"Asociación negativa en rangos; diferencia r−rho=0.045; valorar junto con soporte, empates y sensibilidad",Comparte numerador y denominador con otras respuestas; sensible a cobertura de eventos; Proxy complemento nominal; requiere protocolo para interpretar recuperación elástica; LOO no es IC ni validación predictiva; no implica causalidad
Residual_fraction_cycle1,Residual_fraction_cycle2,26,0.8673000891559586,0.8051282051282052,0.6553846153846153,0.0,0.0,0.06217188402775342,0.8168378942961992,0.9103549087434479,0.050462194859759335,100.0,9.0,26,0.7807692307692308,0.8530769230769231,0.04794871794871791,100.0,18.0,26,"rango LOO rho [0.781, 0.853]; cambio máximo 0.048",Sin identidad directa predeclarada; evaluar dependencia por arquitectura y protocolo,"Asociación positiva en rangos; diferencia r−rho=0.062; valorar junto con soporte, empates y sensibilidad",Amplitud nominal del nombre de columna; no deformación unitaria; Amplitud nominal del nombre de columna; no deformación unitaria; LOO no es IC ni validación predictiva; no implica causalidad
Residual_fraction_cycle1,Residual_fraction_cycle3,26,0.6657509525479036,0.5788034188034188,0.44000000000000006,0.0,0.0,0.08694753374448483,0.5910174592677149,0.7131335213756821,0.07473349328018875,100.0,25.0,26,0.5261538461538462,0.6561538461538462,0.07735042735042741,100.0,18.0,26,"rango LOO rho [0.526, 0.656]; cambio máximo 0.077",Sin identidad directa predeclarada; evaluar dependencia por arquitectura y protocolo,"Asociación positiva en rangos; diferencia r−rho=0.087; valorar junto con soporte, empates y sensibilidad",Amplitud nominal del nombre de columna; no deformación unitaria; Amplitud nominal del nombre de columna; no deformación unitaria; LOO no es IC ni validación predictiva; no implica causalidad
Residual_fraction_cycle1,Residual_fraction_cycle4,26,0.3403858294618774,0.2717948717948718,0.16923076923076924,0.0,0.0,0.06859095766700563,0.21514404090402142,0.4458649272908684,0.12524178855785598,100.0,25.0,26,0.18076923076923077,0.33384615384615385,0.09102564102564101,100.0,25.0,26,"rango LOO rho [0.181, 0.334]; cambio máximo 0.091",Sin identidad directa predeclarada; evaluar dependencia por arquitectura y protocolo,"Asociación positiva en rangos; diferencia r−rho=0.069; valorar junto con soporte, empates y sensibilidad",Amplitud nominal del nombre de columna; no deformación unitaria; Amplitud nominal del nombre de columna; no deformación unitaria; LOO no es IC ni validación predictiva; no implica causalidad
Residual_fraction_cycle1,Residual_fraction_cycle5,26,0.17485461155216578,0.10639756168328976,0.06800691345087048,0.0,7.692307692307687,0.06845704986887602,0.09282816499265091,0.27243298154513834,0.09757836999297256,100.0,8.0,26,-0.001539646337665607,0.1778291520003776,0.10793720802095537,96.15384615384616,3.0,26,"rango LOO rho [-0.002, 0.178]; cambio máximo 0.108",Sin identidad directa predeclarada; evaluar dependencia por arquitectura y protocolo,"Asociación positiva en rangos; diferencia r−rho=0.068; valorar junto con soporte, empates y sensibilidad",Amplitud nominal del nombre de columna; no deformación unitaria; Amplitud nominal del nombre de columna; no deformación unitaria; LOO no es IC ni validación predictiva; no implica causalidad
Residual_fraction_cycle1,Residual_fraction_cycle6,20,0.22724637162328476,0.13920244723185196,0.07407511093795491,0.0,9.999999999999998,0.0880439243914328,0.1196216831632565,0.295054495635455,0.10762468846002826,100.0,25.0,20,0.016681305814562866,0.23968402565135066,0.12252114141728909,100.0,25.0,20,"rango LOO rho [0.017, 0.240]; cambio máximo 0.123",Sin identidad directa predeclarada; evaluar dependencia por arquitectura y protocolo,"Asociación positiva en rangos; diferencia r−rho=0.088; valorar junto con soporte, empates y sensibilidad",Amplitud nominal del nombre de columna; no deformación unitaria; Amplitud nominal del nombre de columna; no deformación unitaria; LOO no es IC ni validación predictiva; no implica causalidad
Residual_fraction_cycle1,Recovery_complement_cycle6,20,-0.22724637162328476,-0.13920244723185196,-0.07407511093795491,0.0,9.999999999999998,-0.0880439243914328,-0.295054495635455,-0.11962168316325651,0.10762468846002825,100.0,25.0,20,-0.23968402565135066,-0.016681305814562866,0.12252114141728909,100.0,25.0,20,"rango LOO rho [-0.240, -0.017]; cambio máximo 0.123",Sin identidad directa predeclarada; evaluar dependencia por arquitectura y protocolo,"Asociación negativa en rangos; diferencia r−rho=-0.088; valorar junto con soporte, empates y sensibilidad",Amplitud nominal del nombre de columna; no deformación unitaria; Proxy complemento nominal; requiere protocolo para interpretar recuperación elástica; LOO no es IC ni validación predictiva; no implica causalidad
Residual_fraction_cycle2,Residual_fraction_cycle3,26,0.8830430796134736,0.7531623931623932,0.6123076923076923,0.0,0.0,0.12988068645108042,0.8442444024802083,0.9181427506946311,0.03879867713326535,100.0,25.0,26,0.7223076923076923,0.83,0.07683760683760676,100.0,8.0,26,"rango LOO rho [0.722, 0.830]; cambio máximo 0.077",Sin identidad directa predeclarada; evaluar dependencia por arquitectura y protocolo,"Asociación positiva en rangos; diferencia r−rho=0.130; valorar junto con soporte, empates y sensibilidad",Amplitud nominal del nombre de columna; no deformación unitaria; Amplitud nominal del nombre de columna; no deformación unitaria; LOO no es IC ni validación predictiva; no implica causalidad
Residual_fraction_cycle2,Residual_fraction_cycle4,26,0.6216947507217051,0.5466666666666666,0.4030769230769231,0.0,0.0,0.07502808405503847,0.5271391356723374,0.7201826980795359,0.09848794735783084,100.0,8.0,26,0.49,0.6269230769230769,0.08025641025641028,100.0,8.0,26,"rango LOO rho [0.490, 0.627]; cambio máximo 0.080",Sin identidad directa predeclarada; evaluar dependencia por arquitectura y protocolo,"Asociación positiva en rangos; diferencia r−rho=0.075; valorar junto con soporte, empates y sensibilidad",Amplitud nominal del nombre de columna; no deformación unitaria; Amplitud nominal del nombre de columna; no deformación unitaria; LOO no es IC ni validación predictiva; no implica causalidad
Residual_fraction_cycle2,Residual_fraction_cycle5,26,0.41387596050609404,0.31440308420239,0.20402074035261147,0.0,7.692307692307687,0.09947287630370405,0.3118687028176005,0.5037030350059144,0.10200725768849356,100.0,27.0,26,0.23248659698750665,0.38876070026056575,0.08191648721488334,100.0,3.0,26,"rango LOO rho [0.232, 0.389]; cambio máximo 0.082",Sin identidad directa predeclarada; evaluar dependencia por arquitectura y protocolo,"Asociación positiva en rangos; diferencia r−rho=0.099; valorar junto con soporte, empates y sensibilidad",Amplitud nominal del nombre de columna; no deformación unitaria; Amplitud nominal del nombre de columna; no deformación unitaria; LOO no es IC ni validación predictiva; no implica causalidad
Residual_fraction_cycle2,Residual_fraction_cycle6,20,0.4347390624403102,0.26711820955301324,0.19047885669759831,0.0,9.999999999999998,0.16762085288729694,0.3333087691869489,0.5544721852829375,0.11973312284262733,100.0,4.0,20,0.15715546004246067,0.354697239425442,0.10996274951055257,100.0,25.0,20,"rango LOO rho [0.157, 0.355]; cambio máximo 0.110",Sin identidad directa predeclarada; evaluar dependencia por arquitectura y protocolo,"Asociación positiva en rangos; diferencia r−rho=0.168; valorar junto con soporte, empates y sensibilidad",Amplitud nominal del nombre de columna; no deformación unitaria; Amplitud nominal del nombre de columna; no deformación unitaria; LOO no es IC ni validación predictiva; no implica causalidad
Residual_fraction_cycle2,Recovery_complement_cycle6,20,-0.4347390624403102,-0.26711820955301324,-0.19047885669759831,0.0,9.999999999999998,-0.16762085288729694,-0.5544721852829376,-0.33330876918694885,0.11973312284262744,100.0,4.0,20,-0.354697239425442,-0.15715546004246067,0.10996274951055257,100.0,25.0,20,"rango LOO rho [-0.355, -0.157]; cambio máximo 0.110",Sin identidad directa predeclarada; evaluar dependencia por arquitectura y protocolo,"Asociación negativa en rangos; diferencia r−rho=-0.168; valorar junto con soporte, empates y sensibilidad",Amplitud nominal del nombre de columna; no deformación unitaria; Proxy complemento nominal; requiere protocolo para interpretar recuperación elástica; LOO no es IC ni validación predictiva; no implica causalidad
Residual_fraction_cycle3,Residual_fraction_cycle4,26,0.8597222556538536,0.7825641025641026,0.6061538461538462,0.0,0.0,0.07715815308975105,0.8292839393939141,0.8762522709654175,0.030438316259939535,100.0,25.0,26,0.7553846153846154,0.8369230769230769,0.0543589743589743,100.0,5.0,26,"rango LOO rho [0.755, 0.837]; cambio máximo 0.054",Sin identidad directa predeclarada; evaluar dependencia por arquitectura y protocolo,"Asociación positiva en rangos; diferencia r−rho=0.077; valorar junto con soporte, empates y sensibilidad",Amplitud nominal del nombre de columna; no deformación unitaria; Amplitud nominal del nombre de columna; no deformación unitaria; LOO no es IC ni validación predictiva; no implica causalidad
Residual_fraction_cycle3,Residual_fraction_cycle5,26,0.7188126040643509,0.7016765241557148,0.5255079675749084,0.0,7.692307692307687,0.01713607990863608,0.6567229818306913,0.744745664829475,0.06208962223365955,100.0,27.0,26,0.6643573947027094,0.7613551139756426,0.059678589819927796,100.0,1.0,26,"rango LOO rho [0.664, 0.761]; cambio máximo 0.060",Sin identidad directa predeclarada; evaluar dependencia por arquitectura y protocolo,"Asociación positiva en rangos; diferencia r−rho=0.017; valorar junto con soporte, empates y sensibilidad",Amplitud nominal del nombre de columna; no deformación unitaria; Amplitud nominal del nombre de columna; no deformación unitaria; LOO no es IC ni validación predictiva; no implica causalidad
Residual_fraction_cycle3,Residual_fraction_cycle6,20,0.6760172254328566,0.7057940297485251,0.5185257765656843,0.0,9.999999999999998,-0.029776804315668537,0.6052656702908628,0.7789640955591309,0.10294687012627435,100.0,4.0,20,0.6637403787268172,0.7682180309338162,0.06242400118529112,100.0,16.0,20,"rango LOO rho [0.664, 0.768]; cambio máximo 0.062",Sin identidad directa predeclarada; evaluar dependencia por arquitectura y protocolo,"Asociación positiva en rangos; diferencia r−rho=-0.030; valorar junto con soporte, empates y sensibilidad",Amplitud nominal del nombre de columna; no deformación unitaria; Amplitud nominal del nombre de columna; no deformación unitaria; LOO no es IC ni validación predictiva; no implica causalidad
Residual_fraction_cycle3,Recovery_complement_cycle6,20,-0.6760172254328567,-0.7057940297485251,-0.5185257765656843,0.0,9.999999999999998,0.029776804315668426,-0.7789640955591309,-0.6052656702908626,0.10294687012627424,100.0,4.0,20,-0.7682180309338162,-0.6637403787268172,0.06242400118529112,100.0,16.0,20,"rango LOO rho [-0.768, -0.664]; cambio máximo 0.062",Sin identidad directa predeclarada; evaluar dependencia por arquitectura y protocolo,"Asociación negativa en rangos; diferencia r−rho=0.030; valorar junto con soporte, empates y sensibilidad",Amplitud nominal del nombre de columna; no deformación unitaria; Proxy complemento nominal; requiere protocolo para interpretar recuperación elástica; LOO no es IC ni validación predictiva; no implica causalidad
Residual_fraction_cycle4,Residual_fraction_cycle5,26,0.9048872922029776,0.7666782499429335,0.5996973277031307,0.0,7.692307692307687,0.13820904226004405,0.8873721285887064,0.9257584840992863,0.020871191896308705,100.0,1.0,26,0.7374905957418257,0.8506546015602479,0.08397635161731432,100.0,1.0,26,"rango LOO rho [0.737, 0.851]; cambio máximo 0.084",Sin identidad directa predeclarada; evaluar dependencia por arquitectura y protocolo,"Asociación positiva en rangos; diferencia r−rho=0.138; valorar junto con soporte, empates y sensibilidad",Amplitud nominal del nombre de columna; no deformación unitaria; Amplitud nominal del nombre de columna; no deformación unitaria; LOO no es IC ni validación predictiva; no implica causalidad
Residual_fraction_cycle4,Residual_fraction_cycle6,20,0.8147514691652812,0.729872290891332,0.5502722526819507,0.0,9.999999999999998,0.0848791782739492,0.7789409698059475,0.8358881051643333,0.03581049935933367,100.0,27.0,20,0.690079282644548,0.8103602772021855,0.08048798631085352,100.0,23.0,20,"rango LOO rho [0.690, 0.810]; cambio máximo 0.080",Sin identidad directa predeclarada; evaluar dependencia por arquitectura y protocolo,"Asociación positiva en rangos; diferencia r−rho=0.085; valorar junto con soporte, empates y sensibilidad",Amplitud nominal del nombre de columna; no deformación unitaria; Amplitud nominal del nombre de columna; no deformación unitaria; LOO no es IC ni validación predictiva; no implica causalidad
Residual_fraction_cycle4,Recovery_complement_cycle6,20,-0.8147514691652811,-0.729872290891332,-0.5502722526819507,0.0,9.999999999999998,-0.08487917827394909,-0.8358881051643332,-0.7789409698059475,0.03581049935933356,100.0,27.0,20,-0.8103602772021855,-0.690079282644548,0.08048798631085352,100.0,23.0,20,"rango LOO rho [-0.810, -0.690]; cambio máximo 0.080",Sin identidad directa predeclarada; evaluar dependencia por arquitectura y protocolo,"Asociación negativa en rangos; diferencia r−rho=-0.085; valorar junto con soporte, empates y sensibilidad",Amplitud nominal del nombre de columna; no deformación unitaria; Proxy complemento nominal; requiere protocolo para interpretar recuperación elástica; LOO no es IC ni validación predictiva; no implica causalidad
Residual_fraction_cycle5,Residual_fraction_cycle6,20,0.9510923752310914,0.9269030514300073,0.8106695490524097,9.999999999999998,9.999999999999998,0.024189323801084073,0.9289085075737593,0.9647892739435172,0.022183867657332046,100.0,4.0,20,0.9146881286170637,0.9512096182480652,0.024306566818057873,100.0,21.0,20,"rango LOO rho [0.915, 0.951]; cambio máximo 0.024",Sin identidad directa predeclarada; evaluar dependencia por arquitectura y protocolo,"Asociación positiva en rangos; diferencia r−rho=0.024; valorar junto con soporte, empates y sensibilidad",Amplitud nominal del nombre de columna; no deformación unitaria; Amplitud nominal del nombre de columna; no deformación unitaria; LOO no es IC ni validación predictiva; no implica causalidad
Residual_fraction_cycle5,Recovery_complement_cycle6,20,-0.9510923752310912,-0.9269030514300073,-0.8106695490524097,9.999999999999998,9.999999999999998,-0.024189323801083962,-0.9647892739435171,-0.9289085075737593,0.022183867657331935,100.0,4.0,20,-0.9512096182480652,-0.9146881286170637,0.024306566818057873,100.0,21.0,20,"rango LOO rho [-0.951, -0.915]; cambio máximo 0.024",Sin identidad directa predeclarada; evaluar dependencia por arquitectura y protocolo,"Asociación negativa en rangos; diferencia r−rho=-0.024; valorar junto con soporte, empates y sensibilidad",Amplitud nominal del nombre de columna; no deformación unitaria; Proxy complemento nominal; requiere protocolo para interpretar recuperación elástica; LOO no es IC ni validación predictiva; no implica causalidad
Residual_fraction_cycle6,Recovery_complement_cycle6,20,-1.0,-0.9999999999999998,-1.0,9.999999999999998,9.999999999999998,-2.220446049250313e-16,-1.0000000000000002,-0.9999999999999998,2.220446049250313e-16,100.0,3.0,20,-1.0,-0.9999999999999998,2.220446049250313e-16,100.0,3.0,20,"rango LOO rho [-1.000, -1.000]; cambio máximo 0.000",Complementos algebraicos exactos: suman uno,"Asociación negativa en rangos; diferencia r−rho=-0.000; valorar junto con soporte, empates y sensibilidad",Amplitud nominal del nombre de columna; no deformación unitaria; Proxy complemento nominal; requiere protocolo para interpretar recuperación elástica; LOO no es IC ni validación predictiva; no implica causalidad
